CREATE TABLE `company_products` (  `id` varchar(13) COLLATE utf8_unicode_ci NOT NULL,  `product_nr` varchar(20) COLLATE utf8_unicode_ci NOT NULL,  `name` varchar(200) COLLATE utf8_unicode_ci NOT NULL,  `description` text COLLATE utf8_unicode_ci NOT NULL,  `comment` text COLLATE utf8_unicode_ci NOT NULL,  `price` float NOT NULL,  PRIMARY KEY (`id`)) ENGINE=InnoDB DEFAULT CHARSET=utf8 COLLATE=utf8_unicode_ci;
INSERT INTO `company_products` VALUES('59de59cf56656', 'WECP-1001', 'Etui', 'Einzelprodukt Etui\r\nKeine Stifte enthalten', '', '17.9');
INSERT INTO `company_products` VALUES('59de606a1d224', 'WECP-1011', 'Kugelschreiber Blau', 'Blauer Kugelschreiber\r\nEinzelprodukt', '', '6.9');
INSERT INTO `company_products` VALUES('59de60a546129', 'WECP-1012', 'Kugelschreiber Rot', 'Roter Kugelschreiber\r\nEinzelprodukt', '', '7.9');
INSERT INTO `company_products` VALUES('59de62534a1e2', 'WECP-1013', 'Druckbleistift', 'Druckbleistift 0,5mm\r\nEinzelprodukt', '', '6.9');
INSERT INTO `company_products` VALUES('59de62a0c9818', 'WECP-1021', 'Set', 'Box-Set:\r\n1x Kugelschreiber Blau\r\n1x Druckbleistift', '', '25.9');
INSERT INTO `company_products` VALUES('59de62d1d780c', 'WECP-1022', 'Set', '	Box-Set:\r\n1x Kugelschreiber Rot\r\n1x Druckbleistift', '', '27.9');
INSERT INTO `company_products` VALUES('59de63108da48', 'WECP-1023', 'Set', '	Box-Set:\r\n1x Kugelschreiber Blau\r\n1x Kugelschreiber Rot', '', '27.9');
INSERT INTO `company_products` VALUES('59de6353e1774', 'WECP-1024', 'Set', 'Box-Set:\r\n2x Kugelschreiber Blau', '', '25.9');
INSERT INTO `company_products` VALUES('59de637d8ccd0', 'WECP-1025', 'Set', 'Box-Set:\r\n2x Kugelschreiber Rot', '', '29.9');
INSERT INTO `company_products` VALUES('59de63b036d71', 'WECP-1026', 'Set', 'Box-Set:\r\n2x Druckbleistift', '', '25.9');
CREATE TABLE `customers` (  `id` varchar(13) COLLATE utf8_unicode_ci NOT NULL,  `order_nr` varchar(50) COLLATE utf8_unicode_ci NOT NULL,  `order_finished` tinyint(1) NOT NULL,  `gender` varchar(10) COLLATE utf8_unicode_ci NOT NULL,  `title` varchar(50) COLLATE utf8_unicode_ci NOT NULL,  `first_name` varchar(80) COLLATE utf8_unicode_ci NOT NULL,  `last_name` varchar(80) COLLATE utf8_unicode_ci NOT NULL,  `street` varchar(100) COLLATE utf8_unicode_ci NOT NULL,  `street_nr` varchar(10) COLLATE utf8_unicode_ci NOT NULL,  `city` varchar(100) COLLATE utf8_unicode_ci NOT NULL,  `plz` varchar(15) COLLATE utf8_unicode_ci NOT NULL,  `country` varchar(100) COLLATE utf8_unicode_ci NOT NULL,  `email` varchar(100) COLLATE utf8_unicode_ci NOT NULL,  `payment_method` varchar(20) COLLATE utf8_unicode_ci NOT NULL,  `payment_status` varchar(50) COLLATE utf8_unicode_ci NOT NULL,  `production_status` varchar(50) COLLATE utf8_unicode_ci NOT NULL,  `bill_status` varchar(20) COLLATE utf8_unicode_ci NOT NULL,  PRIMARY KEY (`id`)) ENGINE=InnoDB DEFAULT CHARSET=utf8 COLLATE=utf8_unicode_ci;
INSERT INTO `customers` VALUES('59da50c2e8f46', 'WEP-1710-3590474925', '1', 'Herr', '', 'Tobias', 'Hattinger', 'D&ouml;rflstra&szlig;e', '48', 'V&ouml;cklabruck', '4840', 'Austria', 'tobias.hattinger@gmx.at', 'cash', 'pending', 'in_progress', 'pending');
INSERT INTO `customers` VALUES('59da84904cf9a', 'WEP-1710-1170957854', '1', 'Herr', 'Prof.', 'Johannes', 'Molnar (Test!)', '', '', '', '', '', '123@123.at', 'transfer', 'on_delivery', 'in_progress', 'pending');
INSERT INTO `customers` VALUES('59db18b34f3d8', 'WEP-1710-3678625881', '1', 'Herr', 'TMPL.', 'HTL', 'LEHRER', '', '', '', '', '', 'tobias.hattinger@wepen.at', 'cash', 'pending', 'not_started', 'pending');
INSERT INTO `customers` VALUES('59db1a6e853f2', 'WEP-1710-1748378196', '1', 'Herr', 'Coco', 'Nut', 'Nut', '', '', '', '', '', 'coco.nut@nut.coco', 'cash', 'pending', 'not_started', 'pending');
INSERT INTO `customers` VALUES('59db1d641189d', 'WEP-1710-2124950518', '1', 'Herr', 'Hallo', 'Tobias', 'Hattinger', '', '', '', '', '', 'tobias.hattinger@wepen.at', 'transfer', 'pending', 'in_progress', 'pending');
INSERT INTO `customers` VALUES('59db279d9820d', 'WEP-1710-872542643', '1', 'Herr', 'Lama', 'Karl', 'Paul', '', '', '', '', '', 'tobias.hattinger@wepen.at', 'transfer', 'pending', 'not_started', 'pending');
INSERT INTO `customers` VALUES('59db2b6c3efff', 'WEP-1710-2753148012', '1', 'Frau', 'Mag.', 'Elisabeth', 'Schwarz(SWAE)', '', '', '', '', '', 'paul.luger@htlvb.at', 'cash', 'pending', 'not_started', 'pending');
CREATE TABLE `department_assigns` (  `id` varchar(13) COLLATE utf8_unicode_ci NOT NULL,  `user_id` varchar(13) COLLATE utf8_unicode_ci NOT NULL,  `department_id` varchar(13) COLLATE utf8_unicode_ci NOT NULL,  PRIMARY KEY (`id`)) ENGINE=InnoDB DEFAULT CHARSET=utf8 COLLATE=utf8_unicode_ci;
INSERT INTO `department_assigns` VALUES('59d0e4c00e085', '59ce8bf6ac404', '59d0d8ee1f3d8');
INSERT INTO `department_assigns` VALUES('59d0e4ccdd7ca', '59ce8f96cb791', '59d0d8ee1f3d8');
INSERT INTO `department_assigns` VALUES('59d0e4d5a7357', '59ce8fb1c799d', '59d0d8fd83056');
INSERT INTO `department_assigns` VALUES('59d0e4da78d45', '59ce8c0a10306', '59d0d8fd83056');
INSERT INTO `department_assigns` VALUES('59d0e4e011eb8', '59ce8fc91e63d', '59d0d8fd83056');
INSERT INTO `department_assigns` VALUES('59d0e4ec1f21a', '59ce8fb7b46e1', '59d0d8fa5bbe4');
INSERT INTO `department_assigns` VALUES('59d0e4f35a878', '59ce8fe52e82b', '59d0d8fa5bbe4');
INSERT INTO `department_assigns` VALUES('59d0e4f8a57d0', '59ce8fdd5657c', '59d0d8fa5bbe4');
INSERT INTO `department_assigns` VALUES('59d0e4ff5a8ec', '59ce8fd2cbe9a', '59d0d9011158f');
INSERT INTO `department_assigns` VALUES('59d0e50625be3', '59ce8fbe46f7f', '59d0d9011158f');
INSERT INTO `department_assigns` VALUES('59d0e50b54521', '59ce8c11b145c', '59d0d904d5e45');
INSERT INTO `department_assigns` VALUES('59d0e51442d68', '59ce8f9eaba3a', '59d0d904d5e45');
INSERT INTO `department_assigns` VALUES('59d0e51837a90', '59ce8f96cb791', '59d0d904d5e45');
INSERT INTO `department_assigns` VALUES('59d0e5224c58f', '59ce8f9eaba3a', '59d0d908d4e0b');
INSERT INTO `department_assigns` VALUES('59d0e558e9650', '59ce8c0a10306', '59d0d908d4e0b');
INSERT INTO `department_assigns` VALUES('59d0e55ff1d2e', '59ce8fa616a11', '59d0d90c86c3b');
INSERT INTO `department_assigns` VALUES('59d0e5657ab82', '59ce8fbe46f7f', '59d0d90c86c3b');
INSERT INTO `department_assigns` VALUES('59dbb069a2391', '59ce8c11b145c', '59d0d9011158f');
CREATE TABLE `departments` (  `id` varchar(13) COLLATE utf8_unicode_ci NOT NULL,  `department` varchar(100) COLLATE utf8_unicode_ci NOT NULL,  PRIMARY KEY (`id`)) ENGINE=InnoDB DEFAULT CHARSET=utf8 COLLATE=utf8_unicode_ci;
INSERT INTO `departments` VALUES('59d0d8ee1f3d8', 'Einkauf');
INSERT INTO `departments` VALUES('59d0d8fa5bbe4', 'Konstruktion');
INSERT INTO `departments` VALUES('59d0d8fd83056', 'Produktion');
INSERT INTO `departments` VALUES('59d0d9011158f', 'Marketing');
INSERT INTO `departments` VALUES('59d0d904d5e45', 'Administration');
INSERT INTO `departments` VALUES('59d0d908d4e0b', 'Buchhaltung');
INSERT INTO `departments` VALUES('59d0d90c86c3b', 'Verkauf');
CREATE TABLE `email_recievers` (  `id` varchar(13) COLLATE utf8_unicode_ci NOT NULL,  `user_id` varchar(13) COLLATE utf8_unicode_ci NOT NULL,  `mail_id` varchar(13) COLLATE utf8_unicode_ci NOT NULL,  PRIMARY KEY (`id`)) ENGINE=InnoDB DEFAULT CHARSET=utf8 COLLATE=utf8_unicode_ci;
INSERT INTO `email_recievers` VALUES('59cea58dc6189', '59ce8c11b145c', '59cea191ef660');
INSERT INTO `email_recievers` VALUES('59cea5965be5a', '59ce8f9eaba3a', '59cea191ef660');
INSERT INTO `email_recievers` VALUES('59cea59ec04c2', '59ce8f96cb791', '59cea191ef660');
INSERT INTO `email_recievers` VALUES('59cea5ab75d17', '59ce8bf6ac404', '59cea16fe1188');
INSERT INTO `email_recievers` VALUES('59cea5ad4e372', '59ce8c0a10306', '59cea16fe1188');
INSERT INTO `email_recievers` VALUES('59cea5af31023', '59ce8c11b145c', '59cea16fe1188');
INSERT INTO `email_recievers` VALUES('59cea5b1393d5', '59ce8f96cb791', '59cea16fe1188');
INSERT INTO `email_recievers` VALUES('59cea5b3579c8', '59ce8f9eaba3a', '59cea16fe1188');
INSERT INTO `email_recievers` VALUES('59cea5b574f43', '59ce8fa616a11', '59cea16fe1188');
INSERT INTO `email_recievers` VALUES('59cea5b7b2f51', '59ce8fb1c799d', '59cea16fe1188');
INSERT INTO `email_recievers` VALUES('59cea5ba6f2d4', '59ce8fb7b46e1', '59cea16fe1188');
INSERT INTO `email_recievers` VALUES('59cea5bce3796', '59ce8fbe46f7f', '59cea16fe1188');
INSERT INTO `email_recievers` VALUES('59cea5bf776b1', '59ce8fc91e63d', '59cea16fe1188');
INSERT INTO `email_recievers` VALUES('59cea5c1d3985', '59ce8fd2cbe9a', '59cea16fe1188');
INSERT INTO `email_recievers` VALUES('59cea5c417165', '59ce8fdd5657c', '59cea16fe1188');
INSERT INTO `email_recievers` VALUES('59cea5c62b67e', '59ce8fe52e82b', '59cea16fe1188');
INSERT INTO `email_recievers` VALUES('59cea5d547151', '59ce8fb7b46e1', '59cea1847d323');
INSERT INTO `email_recievers` VALUES('59cea5d982d72', '59ce8fe52e82b', '59cea1847d323');
INSERT INTO `email_recievers` VALUES('59cea5e479424', '59ce8fdd5657c', '59cea1847d323');
INSERT INTO `email_recievers` VALUES('59cea5f015cb5', '59ce8bf6ac404', '59cea18059bfc');
INSERT INTO `email_recievers` VALUES('59cea5f9041df', '59ce8f96cb791', '59cea18059bfc');
INSERT INTO `email_recievers` VALUES('59cea60c671fa', '59ce8c11b145c', '59cea18d9c29e');
INSERT INTO `email_recievers` VALUES('59cea611a5d87', '59ce8fbe46f7f', '59cea18d9c29e');
INSERT INTO `email_recievers` VALUES('59cea6169030c', '59ce8fd2cbe9a', '59cea18d9c29e');
INSERT INTO `email_recievers` VALUES('59cea622b5070', '59ce8f9eaba3a', '59cea199c859d');
INSERT INTO `email_recievers` VALUES('59cea627e3748', '59ce8c0a10306', '59cea199c859d');
INSERT INTO `email_recievers` VALUES('59cea62d441c4', '59ce8f96cb791', '59cea199c859d');
INSERT INTO `email_recievers` VALUES('59cea63947ecc', '59ce8fb1c799d', '59cea18931924');
INSERT INTO `email_recievers` VALUES('59cea64102ba0', '59ce8c0a10306', '59cea18931924');
INSERT INTO `email_recievers` VALUES('59cea6474cb22', '59ce8fc91e63d', '59cea18931924');
INSERT INTO `email_recievers` VALUES('59cea65470e25', '59ce8fa616a11', '59cea19e9da89');
INSERT INTO `email_recievers` VALUES('59cea659f26de', '59ce8fbe46f7f', '59cea19e9da89');
INSERT INTO `email_recievers` VALUES('59d0e498abdab', '59ce8bf6ac404', '59d0d8ee1f3d8');
CREATE TABLE `emails` (  `id` varchar(13) COLLATE utf8_unicode_ci NOT NULL,  `email` varchar(100) COLLATE utf8_unicode_ci NOT NULL,  PRIMARY KEY (`id`)) ENGINE=InnoDB DEFAULT CHARSET=utf8 COLLATE=utf8_unicode_ci;
INSERT INTO `emails` VALUES('59cea16fe1188', 'company@wepen.at');
INSERT INTO `emails` VALUES('59cea18059bfc', 'einkauf@wepen.at');
INSERT INTO `emails` VALUES('59cea1847d323', 'construction@wepen.at');
INSERT INTO `emails` VALUES('59cea18931924', 'production@wepen.at');
INSERT INTO `emails` VALUES('59cea18d9c29e', 'marketing@wepen.at');
INSERT INTO `emails` VALUES('59cea191ef660', 'administration@wepen.at');
INSERT INTO `emails` VALUES('59cea199c859d', 'office@wepen.at');
INSERT INTO `emails` VALUES('59cea19e9da89', 'verkauf@wepen.at');
CREATE TABLE `font_styles` (  `id` int(11) NOT NULL AUTO_INCREMENT,  `font` varchar(100) COLLATE utf8_unicode_ci NOT NULL,  `name` varchar(100) COLLATE utf8_unicode_ci NOT NULL,  PRIMARY KEY (`id`)) ENGINE=InnoDB AUTO_INCREMENT=12 DEFAULT CHARSET=utf8 COLLATE=utf8_unicode_ci;
INSERT INTO `font_styles` VALUES('1', 'Calibri, sans-serif', 'Calibri');
INSERT INTO `font_styles` VALUES('2', 'Georgia, serif', 'Georgia');
INSERT INTO `font_styles` VALUES('3', 'Times, serif', 'Times New Roman');
INSERT INTO `font_styles` VALUES('4', 'Arial, Helvetica, sans-serif', 'Arial');
INSERT INTO `font_styles` VALUES('5', 'cursive, sans-serif', 'Comic Sans');
INSERT INTO `font_styles` VALUES('6', 'Impact, Charcoal, sans-serif', 'Impact');
INSERT INTO `font_styles` VALUES('7', 'Tahoma, Geneva, sans-serif', 'Tahoma');
INSERT INTO `font_styles` VALUES('8', 'Helvetica, sans-serif', 'Helvetica');
INSERT INTO `font_styles` VALUES('9', 'Verdana, Geneva, sans-serif', 'Verdana');
INSERT INTO `font_styles` VALUES('10', 'Courier, monospace', 'Courier');
INSERT INTO `font_styles` VALUES('11', 'Monaco, monospace', 'Monaco');
CREATE TABLE `graduating` (  `id` varchar(13) COLLATE utf8_unicode_ci NOT NULL,  `product_id` varchar(13) COLLATE utf8_unicode_ci NOT NULL,  `amount` int(11) NOT NULL,  `price_per_item` float NOT NULL,  PRIMARY KEY (`id`)) ENGINE=InnoDB DEFAULT CHARSET=utf8 COLLATE=utf8_unicode_ci;
INSERT INTO `graduating` VALUES('59e7700de147c', '59e7700de0bc4', '1', '11.9');
INSERT INTO `graduating` VALUES('59e773b21d42c', '59de59cf56656', '1', '17.9');
INSERT INTO `graduating` VALUES('59e773d1b9280', '59de606a1d224', '1', '6.9');
INSERT INTO `graduating` VALUES('59e773d723c35', '59de60a546129', '1', '7.9');
INSERT INTO `graduating` VALUES('59e773dcc5d96', '59de62534a1e2', '1', '6.9');
INSERT INTO `graduating` VALUES('59e773e28acfd', '59de62a0c9818', '1', '25.9');
INSERT INTO `graduating` VALUES('59e7742188719', '59de62d1d780c', '1', '27.9');
INSERT INTO `graduating` VALUES('59e7742bcd414', '59de63108da48', '1', '27.9');
INSERT INTO `graduating` VALUES('59e7742f6933e', '59de6353e1774', '1', '25.9');
INSERT INTO `graduating` VALUES('59e77432d52aa', '59de637d8ccd0', '1', '29.9');
INSERT INTO `graduating` VALUES('59e7743721099', '59de63b036d71', '1', '25.9');
INSERT INTO `graduating` VALUES('59e774ac89ca9', '59e7700de0bc4', '1', '10');
CREATE TABLE `items` (  `id` varchar(13) COLLATE utf8_unicode_ci NOT NULL,  `name` varchar(200) COLLATE utf8_unicode_ci NOT NULL,  `number` varchar(50) COLLATE utf8_unicode_ci NOT NULL,  `description` text COLLATE utf8_unicode_ci NOT NULL,  `unit` varchar(10) COLLATE utf8_unicode_ci NOT NULL,  `price` float NOT NULL,  `price_per_amt` int(5) NOT NULL,  `order_size` int(5) NOT NULL,  `material` varchar(20) COLLATE utf8_unicode_ci NOT NULL,  `weight` float NOT NULL,  `geometry` varchar(20) COLLATE utf8_unicode_ci NOT NULL,  `size` varchar(100) COLLATE utf8_unicode_ci NOT NULL,  `comment` text COLLATE utf8_unicode_ci NOT NULL,  `alert_amt` int(5) NOT NULL,  `stock` int(5) NOT NULL,  PRIMARY KEY (`id`)) ENGINE=InnoDB DEFAULT CHARSET=utf8 COLLATE=utf8_unicode_ci;
INSERT INTO `items` VALUES('59db84d273354', 'Holzbox', 'WEA-0001', 'Holzbox, Zukaufteil, unbearbeitet,\r\nhält 2 Stifte,\r\nScharniere: 2 Stk. in der Schachtel eingearbeitet ', 'Stk.', '600', '150', '150', 'Holz', '0', 'Quader', '00x00x00', 'Scharniere standardmäßig zu Steif', '20', '144');
INSERT INTO `items` VALUES('59db86a0c7623', 'Kugelschreiber-Hülle', 'WEA-0002', 'Hülle für Kugelschreiber\r\nAußenmaterial: Holz\r\nBlaue Mine bei Bestellung inkludiert', 'Stk.', '10', '50', '50', 'Sonstiges', '0', 'Sonstiges', '0', '', '10', '186');
INSERT INTO `items` VALUES('59db86ea0c1f6', 'Druckbleistift', 'WEA-0003', 'Druckbleistift\r\nMinengröße: 0,5mm\r\nMinen sind bei Bestellung inkludiert', 'Stk.', '10', '50', '50', 'Sonstiges', '0', 'Sonstiges', '0', '', '10', '197');
INSERT INTO `items` VALUES('59db8758dd5ff', 'Kugelschreiber-Mine (Blau)', 'WEA-0004', 'Blaue Mine für Artikel WEA-0002\r\nMine bei genannten Produkt inkludiert', 'Stk.', '5', '50', '50', 'Aluminium', '0', 'Sonstiges', '0', '', '10', '191');
INSERT INTO `items` VALUES('59db878c76af0', 'Kugelschreiber-Mine (Rot)', 'WEA-0005', 'Rote Mine für Artikel WEA-0002', 'Stk.', '5', '50', '50', 'Aluminium', '0', 'Sonstiges', '0', '', '10', '8');
CREATE TABLE `orders` (  `id` varchar(13) COLLATE utf8_unicode_ci NOT NULL,  `customer_id` varchar(13) COLLATE utf8_unicode_ci NOT NULL,  `product_id` varchar(13) COLLATE utf8_unicode_ci NOT NULL,  PRIMARY KEY (`id`)) ENGINE=InnoDB DEFAULT CHARSET=utf8 COLLATE=utf8_unicode_ci;
INSERT INTO `orders` VALUES('59da580dcce8c', '59da50c2e8f46', '59da57e757b7c');
INSERT INTO `orders` VALUES('59da581f2fcb2', '59da50c2e8f46', '59da581895fbd');
INSERT INTO `orders` VALUES('59da8580d07b1', '59da84904cf9a', '59da84dcb5699');
INSERT INTO `orders` VALUES('59da86069fe65', '59da84904cf9a', '59da85c174f4d');
INSERT INTO `orders` VALUES('59db19187d30f', '59db18b34f3d8', '59db18c4d1390');
INSERT INTO `orders` VALUES('59db1b3f5eee2', '59db1a6e853f2', '59db1afb76a5f');
INSERT INTO `orders` VALUES('59db1fc950c7f', '59db1d641189d', '59db1d9c97da9');
INSERT INTO `orders` VALUES('59db2c35c8c37', '59db2b6c3efff', '59db2c0ea6c4a');
INSERT INTO `orders` VALUES('59db2f550b8d9', '59db279d9820d', '59db2f224900b');
INSERT INTO `orders` VALUES('59db33403049b', '59db279d9820d', '59db329ad6cab');
CREATE TABLE `product_contains_items` (  `id` varchar(13) COLLATE utf8_unicode_ci NOT NULL,  `product_id` varchar(13) COLLATE utf8_unicode_ci NOT NULL,  `item_id` varchar(13) COLLATE utf8_unicode_ci NOT NULL,  PRIMARY KEY (`id`)) ENGINE=InnoDB DEFAULT CHARSET=utf8 COLLATE=utf8_unicode_ci;
INSERT INTO `product_contains_items` VALUES('59de606d3059e', '59de606a1d224', '59db86a0c7623');
INSERT INTO `product_contains_items` VALUES('59de60706f39a', '59de606a1d224', '59db8758dd5ff');
INSERT INTO `product_contains_items` VALUES('59de60bb1dd48', '59de60a546129', '59db86a0c7623');
INSERT INTO `product_contains_items` VALUES('59de60be767ec', '59de60a546129', '59db878c76af0');
INSERT INTO `product_contains_items` VALUES('59de62581bb7c', '59de62534a1e2', '59db86ea0c1f6');
INSERT INTO `product_contains_items` VALUES('59de62a45d04d', '59de62a0c9818', '59db84d273354');
INSERT INTO `product_contains_items` VALUES('59de62a7ce776', '59de62a0c9818', '59db86a0c7623');
INSERT INTO `product_contains_items` VALUES('59de62ab1989e', '59de62a0c9818', '59db8758dd5ff');
INSERT INTO `product_contains_items` VALUES('59de62ad78503', '59de62a0c9818', '59db86ea0c1f6');
INSERT INTO `product_contains_items` VALUES('59de62d330cbe', '59de62d1d780c', '59db84d273354');
INSERT INTO `product_contains_items` VALUES('59de62d841352', '59de62d1d780c', '59db86a0c7623');
INSERT INTO `product_contains_items` VALUES('59de62dc72d03', '59de62d1d780c', '59db878c76af0');
INSERT INTO `product_contains_items` VALUES('59de62de723c2', '59de62d1d780c', '59db86ea0c1f6');
INSERT INTO `product_contains_items` VALUES('59de63129f758', '59de63108da48', '59db84d273354');
INSERT INTO `product_contains_items` VALUES('59de63160e9df', '59de63108da48', '59db86a0c7623');
INSERT INTO `product_contains_items` VALUES('59de632330eb4', '59de63108da48', '59db8758dd5ff');
INSERT INTO `product_contains_items` VALUES('59de63266b30c', '59de63108da48', '59db86a0c7623');
INSERT INTO `product_contains_items` VALUES('59de6328aa2a3', '59de63108da48', '59db878c76af0');
INSERT INTO `product_contains_items` VALUES('59de63551e7f6', '59de6353e1774', '59db84d273354');
INSERT INTO `product_contains_items` VALUES('59de635802249', '59de6353e1774', '59db86a0c7623');
INSERT INTO `product_contains_items` VALUES('59de635a5788d', '59de6353e1774', '59db8758dd5ff');
INSERT INTO `product_contains_items` VALUES('59de635c74eee', '59de6353e1774', '59db86a0c7623');
INSERT INTO `product_contains_items` VALUES('59de635f00792', '59de6353e1774', '59db8758dd5ff');
INSERT INTO `product_contains_items` VALUES('59de6384a4549', '59de637d8ccd0', '59db84d273354');
INSERT INTO `product_contains_items` VALUES('59de638726d1c', '59de637d8ccd0', '59db86a0c7623');
INSERT INTO `product_contains_items` VALUES('59de6389d0f5c', '59de637d8ccd0', '59db878c76af0');
INSERT INTO `product_contains_items` VALUES('59de638c5b2a2', '59de637d8ccd0', '59db86a0c7623');
INSERT INTO `product_contains_items` VALUES('59de638e54973', '59de637d8ccd0', '59db878c76af0');
INSERT INTO `product_contains_items` VALUES('59de63b1b5ff2', '59de63b036d71', '59db84d273354');
INSERT INTO `product_contains_items` VALUES('59de63b4008d3', '59de63b036d71', '59db86ea0c1f6');
INSERT INTO `product_contains_items` VALUES('59de63b5c9790', '59de63b036d71', '59db86ea0c1f6');
INSERT INTO `product_contains_items` VALUES('59de64e04347c', '59de64def2890', '59db84d273354');
INSERT INTO `product_contains_items` VALUES('59de64e387971', '59de64def2890', '59db86a0c7623');
INSERT INTO `product_contains_items` VALUES('59de64e5e6462', '59de64def2890', '59db8758dd5ff');
INSERT INTO `product_contains_items` VALUES('59de6b078a51e', '59de59cf56656', '59db84d273354');
INSERT INTO `product_contains_items` VALUES('59e76fadc4ecf', '59e76fac53c60', '59db84d273354');
INSERT INTO `product_contains_items` VALUES('59e7700f5d3a1', '59e7700de0bc4', '59db84d273354');
INSERT INTO `product_contains_items` VALUES('59e777624fa16', '59de606a1d224', '59db84d273354');
CREATE TABLE `products` (  `id` varchar(13) COLLATE utf8_unicode_ci NOT NULL,  `box_set` varchar(100) COLLATE utf8_unicode_ci NOT NULL,  `amt_pen_b` int(3) NOT NULL,  `amt_pen_r` int(3) NOT NULL,  `amt_pencil` int(3) NOT NULL,  `amt_box` int(3) NOT NULL,  `price_total` float NOT NULL,  `show_text1` tinyint(1) NOT NULL,  `text1_t` varchar(200) COLLATE utf8_unicode_ci NOT NULL,  `text1_h` varchar(15) COLLATE utf8_unicode_ci NOT NULL,  `text1_v` varchar(15) COLLATE utf8_unicode_ci NOT NULL,  `text1_s` varchar(4) COLLATE utf8_unicode_ci NOT NULL,  `text1_r` varchar(4) COLLATE utf8_unicode_ci NOT NULL,  `text1_f` varchar(100) COLLATE utf8_unicode_ci NOT NULL,  `show_text2` tinyint(1) NOT NULL,  `text2_t` varchar(200) COLLATE utf8_unicode_ci NOT NULL,  `text2_h` varchar(15) COLLATE utf8_unicode_ci NOT NULL,  `text2_v` varchar(15) COLLATE utf8_unicode_ci NOT NULL,  `text2_s` varchar(4) COLLATE utf8_unicode_ci NOT NULL,  `text2_r` varchar(4) COLLATE utf8_unicode_ci NOT NULL,  `text2_f` varchar(100) COLLATE utf8_unicode_ci NOT NULL,  `show_logo` tinyint(1) NOT NULL,  `logo_i` varchar(100) COLLATE utf8_unicode_ci NOT NULL,  `logo_h` varchar(15) COLLATE utf8_unicode_ci NOT NULL,  `logo_v` varchar(15) COLLATE utf8_unicode_ci NOT NULL,  `logo_s` varchar(4) COLLATE utf8_unicode_ci NOT NULL,  `logo_r` varchar(4) COLLATE utf8_unicode_ci NOT NULL,  `show_textP` tinyint(1) NOT NULL,  `textP_t` varchar(100) COLLATE utf8_unicode_ci NOT NULL,  `textP_h` varchar(15) COLLATE utf8_unicode_ci NOT NULL,  `textP_s` varchar(4) COLLATE utf8_unicode_ci NOT NULL,  `textP_f` varchar(100) COLLATE utf8_unicode_ci NOT NULL,  `logoP_i` varchar(200) COLLATE utf8_unicode_ci NOT NULL,  `show_logoP` tinyint(1) NOT NULL,  `logoP_h` varchar(15) COLLATE utf8_unicode_ci NOT NULL,  `logoP_s` varchar(4) COLLATE utf8_unicode_ci NOT NULL,  PRIMARY KEY (`id`)) ENGINE=InnoDB DEFAULT CHARSET=utf8 COLLATE=utf8_unicode_ci ROW_FORMAT=COMPACT;
INSERT INTO `products` VALUES('59da57e757b7c', 'set', '2', '0', '0', '1', '19.99', '1', 'Dies ist ein Testprodukt', '196', '31', '20', '0', 'Calibri, sans-serif', '1', 'Hattinger', '508', '136', '20', '0', 'Calibri, sans-serif', '1', '59da57e757efc.png', '240', '76', '150', '0', '1', 'Tobias Hattinger', '118', '20', 'Calibri, sans-serif', '59da57fce777b.png', '1', '7', '100');
INSERT INTO `products` VALUES('59da581895fbd', 'pen', '3', '3', '1', '0', '41.93', '0', '', '', '', '', '', '', '0', '', '', '', '', '', '', '0', '', '', '', '', '', '1', 'Tobias Hattinger', '9', '20', 'Calibri, sans-serif', '', '0', '10', '100');
INSERT INTO `products` VALUES('59da84dcb5699', 'set', '1', '1', '0', '1', '19.99', '1', 'MOLJ', '334', '25', '20', '0', 'Helvetica, sans-serif', '1', 'education on a higher level', '259', '134', '10', '0', 'Helvetica, sans-serif', '1', '59da84dcb5a55.png', '169', '8', '304', '0', '1', 'MOLJ', '83', '20', 'Calibri, sans-serif', '59da855b73364.png', '1', '3', '72');
INSERT INTO `products` VALUES('59da85c174f4d', 'set', '1', '0', '1', '1', '19.99', '1', 'Johannes Molnar', '441', '146', '20', '0', 'Calibri, sans-serif', '0', 'Ihr Text hier', '203', '124', '20', '0', 'Calibri, sans-serif', '1', '59da85c175275.png', '253', '20', '150', '0', '0', ' ', '55', '20', 'Calibri, sans-serif', '59da85d98079b.png', '1', '11', '40');
INSERT INTO `products` VALUES('59db18c4d1390', 'set', '1', '0', '1', '1', '19.99', '1', 'ABCD', '561', '143', '20', '0', 'Calibri, sans-serif', '0', 'Ihr Text hier', '500', '140', '20', '0', 'Calibri, sans-serif', '1', '59db18c4dc636.png', '55', '56', '150', '0', '1', 'ABCD', '115', '24', 'Calibri, sans-serif', '59db18f81849b.png', '1', '10', '92');
INSERT INTO `products` VALUES('59db1afb76a5f', 'set', '0', '0', '4', '2', '39.98', '1', 'ThE cOcOnUt NuT iS a BiG bIg NuT', '32', '17', '20', '0', 'Calibri, sans-serif', '1', 'iF yOu EaT tOo MuCh YoU gEt VeRy FaT', '189', '134', '20', '0', 'Calibri, sans-serif', '1', '59db1afb9b90c.png', '25', '57', '150', '0', '1', 'COCONUT FAMILY', '90', '20', 'Calibri, sans-serif', '59db1b0e7215b.png', '1', '5', '73');
INSERT INTO `products` VALUES('59db1d9c97da9', 'box', '0', '0', '0', '1', '12.99', '1', 'Tobias du Ratte ma kau de naumen und des nima noch links faschiam', '260', '10', '20', '0', 'Calibri, sans-serif', '1', 'Tobias Zweimüller', '500', '140', '20', '0', 'Calibri, sans-serif', '0', '59db1dffbfbbd.jpg', '50', '20', '154', '-180', '0', '', '', '', '', '', '0', '', '');
INSERT INTO `products` VALUES('59db2b153e0c1', '', '0', '0', '0', '0', '0', '1', 'Ihr Text hier', '96', '50', '20', '0', 'Calibri, sans-serif', '1', 'Ihr Text hier', '500', '140', '20', '0', 'Calibri, sans-serif', '1', '59db2b153f38a.png', '0', '1', '440', '0', '0', '', '', '', '', '', '0', '', '');
INSERT INTO `products` VALUES('59db2b6737893', '', '0', '0', '0', '0', '0', '0', '', '260', '10', '20', '0', 'Calibri, sans-serif', '1', 'TZ', '600.267', '144.9', '19', '-39', 'Calibri, sans-serif', '1', '59db2e42b5d74.jpg', '0', '-10', '113', '1', '1', 'Ihr Text hier', '120', '20', 'Calibri, sans-serif', '59db2fe0f0cf9.jpg', '1', '63', '58');
INSERT INTO `products` VALUES('59db2c0ea6c4a', 'set', '1', '0', '1', '1', '19.99', '1', '4 school', '16', '136', '24', '0', 'Times, serif', '1', 'Katrin', '541', '139', '23', '0', 'Times, serif', '0', '', '50', '20', '150', '0', '1', 'Katrin', '160', '24', 'Times, serif', '', '0', '10', '100');
INSERT INTO `products` VALUES('59db2e0c59317', '', '0', '0', '0', '0', '0', '1', 'Paul Luger', '207', '131', '31', '0', 'Courier, monospace', '0', 'Ihr Text hier', '500', '140', '20', '0', 'Calibri, sans-serif', '1', '59db2e0c59643.png', '12', '14', '193', '0', '1', 'Ihr Text hier', '120', '20', 'Calibri, sans-serif', '', '0', '10', '100');
INSERT INTO `products` VALUES('59db2f224900b', 'set', '1', '0', '1', '1', '19.99', '1', 'Ihr Text hier', '260', '10', '20', '0', 'Calibri, sans-serif', '1', 'Ihr Text hier', '500', '140', '20', '0', 'Calibri, sans-serif', '0', '', '50', '20', '150', '0', '1', 'Ihr Text hier', '120', '20', 'Calibri, sans-serif', '', '0', '10', '100');
INSERT INTO `products` VALUES('59db329ad6cab', 'set', '12', '0', '0', '6', '119.94', '1', 'KAAAaaaarrrrl....', '276.997', '32.9861', '20', '0', 'Calibri, sans-serif', '1', '*spuck-spuck*', '464.983', '62.9549', '20', '0', 'Calibri, sans-serif', '1', '59db329ad6fdb.png', '0', '0', '263', '0', '1', 'Warum hat der keine Hände mehr???', '120', '15', 'Calibri, sans-serif', '59db332eebf5e.png', '1', '66', '45');
CREATE TABLE `specials` (  `id` varchar(13) COLLATE utf8_unicode_ci NOT NULL,  `name` varchar(200) COLLATE utf8_unicode_ci NOT NULL,  `start` date NOT NULL,  `end` date NOT NULL,  `discount` float NOT NULL,  `order_limit` int(11) NOT NULL,  PRIMARY KEY (`id`)) ENGINE=InnoDB DEFAULT CHARSET=utf8 COLLATE=utf8_unicode_ci;
INSERT INTO `specials` VALUES('59dbb6106548d', 'Test-Special', '2000-01-01', '2000-02-01', '10', '0');
INSERT INTO `specials` VALUES('59dbb737d0fc1', 'Test-Weihnachtsspecial', '2017-12-01', '2017-12-25', '20', '120');
CREATE TABLE `timestamp` (  `id` varchar(13) COLLATE utf8_unicode_ci NOT NULL,  `user_id` varchar(13) COLLATE utf8_unicode_ci NOT NULL,  `come` datetime NOT NULL,  `go` datetime NOT NULL,  PRIMARY KEY (`id`)) ENGINE=InnoDB DEFAULT CHARSET=utf8 COLLATE=utf8_unicode_ci;
INSERT INTO `timestamp` VALUES('59d23bed98543', '59ce8c11b145c', '2017-10-02 15:15:25', '2017-10-02 16:40:03');
INSERT INTO `timestamp` VALUES('59d287c75b2fd', '59ce8c11b145c', '2017-10-02 20:39:03', '2017-10-02 21:59:01');
INSERT INTO `timestamp` VALUES('59d670de0d4da', '59ce8c11b145c', '2017-10-04 18:23:15', '2017-10-04 23:09:45');
INSERT INTO `timestamp` VALUES('59d671141b6eb', '59ce8c11b145c', '2017-10-05 14:21:32', '2017-10-05 19:23:14');
INSERT INTO `timestamp` VALUES('59d6715a52819', '59ce8c11b145c', '2017-10-05 17:52:26', '2017-10-05 20:29:43');
INSERT INTO `timestamp` VALUES('59dbc24500e07', '59ce8c11b145c', '2017-10-09 14:56:12', '2017-10-09 20:38:02');
INSERT INTO `timestamp` VALUES('59de7836a2d77', '59ce8c11b145c', '2017-10-11 17:13:51', '2017-10-11 21:59:12');
CREATE TABLE `users` (  `id` varchar(13) COLLATE utf8_unicode_ci NOT NULL,  `first_name` varchar(50) COLLATE utf8_unicode_ci NOT NULL,  `last_name` varchar(50) COLLATE utf8_unicode_ci NOT NULL,  `email` varchar(100) COLLATE utf8_unicode_ci NOT NULL,  `password` varchar(100) COLLATE utf8_unicode_ci NOT NULL,  `stamped` tinyint(1) NOT NULL,  `current_ts_id` varchar(13) COLLATE utf8_unicode_ci NOT NULL,  PRIMARY KEY (`id`)) ENGINE=InnoDB DEFAULT CHARSET=utf8 COLLATE=utf8_unicode_ci;
INSERT INTO `users` VALUES('59ce8bf6ac404', 'Gabriel', 'Beljo', 'gabriel.beljo@wepen.at', '9bbe091b86976c5b98883994de3f188b7ed22cb6', '0', '');
INSERT INTO `users` VALUES('59ce8c0a10306', 'Florian', 'Druckenthaner', 'florian.druckenthaner@wepen.at', '9bbe091b86976c5b98883994de3f188b7ed22cb6', '0', '');
INSERT INTO `users` VALUES('59ce8c11b145c', 'Tobias', 'Hattinger', 'tobias.hattinger@wepen.at', 'c7b308c7ebc6def0ad3509bfebed14ca9a4fb8b6', '0', '59d6715a52819');
INSERT INTO `users` VALUES('59ce8f96cb791', 'Lorenz', 'Kothmayr', 'lorenz.kothmayr@wepen.at', '9adc4b5e67bc1555867177035122f58ddd53044e', '0', '');
INSERT INTO `users` VALUES('59ce8f9eaba3a', 'Felix', 'Lerchner', 'felix.lerchner@wepen.at', '9bbe091b86976c5b98883994de3f188b7ed22cb6', '0', '');
INSERT INTO `users` VALUES('59ce8fa616a11', 'Paul', 'Luger', 'paul.luger@wepen.at', '9bbe091b86976c5b98883994de3f188b7ed22cb6', '0', '');
INSERT INTO `users` VALUES('59ce8fb1c799d', 'Stjepan', 'Marcikic', 'stjepan.marcikic@wepen.at', '9bbe091b86976c5b98883994de3f188b7ed22cb6', '0', '');
INSERT INTO `users` VALUES('59ce8fb7b46e1', 'Florian', 'Pöll', 'florian.poell@wepen.at', '9bbe091b86976c5b98883994de3f188b7ed22cb6', '0', '');
INSERT INTO `users` VALUES('59ce8fbe46f7f', 'Rafet', 'Sadiku', 'rafet.sadiku@wepen.at', '9bbe091b86976c5b98883994de3f188b7ed22cb6', '0', '');
INSERT INTO `users` VALUES('59ce8fc91e63d', 'Kilian', 'Truong', 'kilian.truong@wepen.at', '9bbe091b86976c5b98883994de3f188b7ed22cb6', '0', '');
INSERT INTO `users` VALUES('59ce8fd2cbe9a', 'Manuel', 'Weißböck', 'manuel.weissboeck@wepen.at', '9bbe091b86976c5b98883994de3f188b7ed22cb6', '0', '');
INSERT INTO `users` VALUES('59ce8fdd5657c', 'Stojan', 'Zelenkic', 'stojan.zelenkic@wepen.at', '9bbe091b86976c5b98883994de3f188b7ed22cb6', '0', '');
INSERT INTO `users` VALUES('59ce8fe52e82b', 'Tobias', 'Zweimüller', 'tobias.zweimueller@wepen.at', '9bbe091b86976c5b98883994de3f188b7ed22cb6', '0', '');
