CREATE TABLE `country_list` (  `name` varchar(150) COLLATE utf8_unicode_ci NOT NULL,  `alpha2` varchar(2) COLLATE utf8_unicode_ci NOT NULL,  `alpha3` varchar(3) COLLATE utf8_unicode_ci NOT NULL,  PRIMARY KEY (`alpha2`)) ENGINE=InnoDB DEFAULT CHARSET=utf8 COLLATE=utf8_unicode_ci;
INSERT INTO `country_list` VALUES('Andorra', 'AD', 'AND');
INSERT INTO `country_list` VALUES('United Arab Emirates', 'AE', 'ARE');
INSERT INTO `country_list` VALUES('Afghanistan', 'AF', 'AFG');
INSERT INTO `country_list` VALUES('Antigua and Barbuda', 'AG', 'ATG');
INSERT INTO `country_list` VALUES('Anguilla', 'AI', 'AIA');
INSERT INTO `country_list` VALUES('Albania', 'AL', 'ALB');
INSERT INTO `country_list` VALUES('Armenia', 'AM', 'ARM');
INSERT INTO `country_list` VALUES('Netherlands Antilles', 'AN', 'ANT');
INSERT INTO `country_list` VALUES('Angola', 'AO', 'AGO');
INSERT INTO `country_list` VALUES('Argentina', 'AR', 'ARG');
INSERT INTO `country_list` VALUES('American Samoa', 'AS', 'ASM');
INSERT INTO `country_list` VALUES('Austria', 'AT', 'AUT');
INSERT INTO `country_list` VALUES('Australia', 'AU', 'AUS');
INSERT INTO `country_list` VALUES('Aruba', 'AW', 'ABW');
INSERT INTO `country_list` VALUES('Aland Islands', 'AX', 'ALA');
INSERT INTO `country_list` VALUES('Azerbaijan', 'AZ', 'AZE');
INSERT INTO `country_list` VALUES('Bosnia and Herzegovina', 'BA', 'BIH');
INSERT INTO `country_list` VALUES('Barbados', 'BB', 'BRB');
INSERT INTO `country_list` VALUES('Bangladesh', 'BD', 'BGD');
INSERT INTO `country_list` VALUES('Belgium', 'BE', 'BEL');
INSERT INTO `country_list` VALUES('Burkina Faso', 'BF', 'BFA');
INSERT INTO `country_list` VALUES('Bulgaria', 'BG', 'BGR');
INSERT INTO `country_list` VALUES('Bahrain', 'BH', 'BHR');
INSERT INTO `country_list` VALUES('Burundi', 'BI', 'BDI');
INSERT INTO `country_list` VALUES('Benin', 'BJ', 'BEN');
INSERT INTO `country_list` VALUES('Saint-Barthelemy', 'BL', 'BLM');
INSERT INTO `country_list` VALUES('Bermuda', 'BM', 'BMU');
INSERT INTO `country_list` VALUES('Brunei Darussalam', 'BN', 'BRN');
INSERT INTO `country_list` VALUES('Bolivia', 'BO', 'BOL');
INSERT INTO `country_list` VALUES('Brazil', 'BR', 'BRA');
INSERT INTO `country_list` VALUES('Bahamas', 'BS', 'BHS');
INSERT INTO `country_list` VALUES('Bhutan', 'BT', 'BTN');
INSERT INTO `country_list` VALUES('Botswana', 'BW', 'BWA');
INSERT INTO `country_list` VALUES('Belarus', 'BY', 'BLR');
INSERT INTO `country_list` VALUES('Belize', 'BZ', 'BLZ');
INSERT INTO `country_list` VALUES('Canada', 'CA', 'CAN');
INSERT INTO `country_list` VALUES('Congo (Kinshasa)', 'CD', 'COD');
INSERT INTO `country_list` VALUES('Central African Republic', 'CF', 'CAF');
INSERT INTO `country_list` VALUES('Congo (Brazzaville)', 'CG', 'COG');
INSERT INTO `country_list` VALUES('Switzerland', 'CH', 'CHE');
INSERT INTO `country_list` VALUES('Cook Islands', 'CK', 'COK');
INSERT INTO `country_list` VALUES('Chile', 'CL', 'CHL');
INSERT INTO `country_list` VALUES('Cameroon', 'CM', 'CMR');
INSERT INTO `country_list` VALUES('China', 'CN', 'CHN');
INSERT INTO `country_list` VALUES('Colombia', 'CO', 'COL');
INSERT INTO `country_list` VALUES('Costa Rica', 'CR', 'CRI');
INSERT INTO `country_list` VALUES('Cuba', 'CU', 'CUB');
INSERT INTO `country_list` VALUES('Cape Verde', 'CV', 'CPV');
INSERT INTO `country_list` VALUES('Cyprus', 'CY', 'CYP');
INSERT INTO `country_list` VALUES('Czech Republic', 'CZ', 'CZE');
INSERT INTO `country_list` VALUES('Germany', 'DE', 'DEU');
INSERT INTO `country_list` VALUES('Djibouti', 'DJ', 'DJI');
INSERT INTO `country_list` VALUES('Denmark', 'DK', 'DNK');
INSERT INTO `country_list` VALUES('Dominica', 'DM', 'DMA');
INSERT INTO `country_list` VALUES('Dominican Republic', 'DO', 'DOM');
INSERT INTO `country_list` VALUES('Algeria', 'DZ', 'DZA');
INSERT INTO `country_list` VALUES('Ecuador', 'EC', 'ECU');
INSERT INTO `country_list` VALUES('Estonia', 'EE', 'EST');
INSERT INTO `country_list` VALUES('Egypt', 'EG', 'EGY');
INSERT INTO `country_list` VALUES('Western Sahara', 'EH', 'ESH');
INSERT INTO `country_list` VALUES('Eritrea', 'ER', 'ERI');
INSERT INTO `country_list` VALUES('Spain', 'ES', 'ESP');
INSERT INTO `country_list` VALUES('Ethiopia', 'ET', 'ETH');
INSERT INTO `country_list` VALUES('Finland', 'FI', 'FIN');
INSERT INTO `country_list` VALUES('Fiji', 'FJ', 'FJI');
INSERT INTO `country_list` VALUES('Falkland Islands (Malvinas)', 'FK', 'FLK');
INSERT INTO `country_list` VALUES('Micronesia', 'FM', 'FSM');
INSERT INTO `country_list` VALUES('Faroe Islands', 'FO', 'FRO');
INSERT INTO `country_list` VALUES('France', 'FR', 'FRA');
INSERT INTO `country_list` VALUES('Gabon', 'GA', 'GAB');
INSERT INTO `country_list` VALUES('United Kingdom', 'GB', 'GBR');
INSERT INTO `country_list` VALUES('Grenada', 'GD', 'GRD');
INSERT INTO `country_list` VALUES('Georgia', 'GE', 'GEO');
INSERT INTO `country_list` VALUES('Guernsey', 'GG', 'GGY');
INSERT INTO `country_list` VALUES('Ghana', 'GH', 'GHA');
INSERT INTO `country_list` VALUES('Gibraltar', 'GI', 'GIB');
INSERT INTO `country_list` VALUES('Greenland', 'GL', 'GRL');
INSERT INTO `country_list` VALUES('Gambia', 'GM', 'GMB');
INSERT INTO `country_list` VALUES('Guinea', 'GN', 'GIN');
INSERT INTO `country_list` VALUES('Equatorial Guinea', 'GQ', 'GNQ');
INSERT INTO `country_list` VALUES('Greece', 'GR', 'GRC');
INSERT INTO `country_list` VALUES('South Georgia', 'GS', 'SGS');
INSERT INTO `country_list` VALUES('Guatemala', 'GT', 'GTM');
INSERT INTO `country_list` VALUES('Guam', 'GU', 'GUM');
INSERT INTO `country_list` VALUES('Guinea-Bissau', 'GW', 'GNB');
INSERT INTO `country_list` VALUES('Guyana', 'GY', 'GUY');
INSERT INTO `country_list` VALUES('Hong Kong SAR China', 'HK', 'HKG');
INSERT INTO `country_list` VALUES('Honduras', 'HN', 'HND');
INSERT INTO `country_list` VALUES('Croatia', 'HR', 'HRV');
INSERT INTO `country_list` VALUES('Haiti', 'HT', 'HTI');
INSERT INTO `country_list` VALUES('Hungary', 'HU', 'HUN');
INSERT INTO `country_list` VALUES('Indonesia', 'ID', 'IDN');
INSERT INTO `country_list` VALUES('Ireland', 'IE', 'IRL');
INSERT INTO `country_list` VALUES('Israel', 'IL', 'ISR');
INSERT INTO `country_list` VALUES('Isle of Man', 'IM', 'IMN');
INSERT INTO `country_list` VALUES('India', 'IN', 'IND');
INSERT INTO `country_list` VALUES('Iraq', 'IQ', 'IRQ');
INSERT INTO `country_list` VALUES('Iran', 'IR', 'IRN');
INSERT INTO `country_list` VALUES('Iceland', 'IS', 'ISL');
INSERT INTO `country_list` VALUES('Italy', 'IT', 'ITA');
INSERT INTO `country_list` VALUES('Jersey', 'JE', 'JEY');
INSERT INTO `country_list` VALUES('Jamaica', 'JM', 'JAM');
INSERT INTO `country_list` VALUES('Jordan', 'JO', 'JOR');
INSERT INTO `country_list` VALUES('Japan', 'JP', 'JPN');
INSERT INTO `country_list` VALUES('Kenya', 'KE', 'KEN');
INSERT INTO `country_list` VALUES('Kyrgyzstan', 'KG', 'KGZ');
INSERT INTO `country_list` VALUES('Cambodia', 'KH', 'KHM');
INSERT INTO `country_list` VALUES('Kiribati', 'KI', 'KIR');
INSERT INTO `country_list` VALUES('Comoros', 'KM', 'COM');
INSERT INTO `country_list` VALUES('Saint Kitts and Nevis', 'KN', 'KNA');
INSERT INTO `country_list` VALUES('North Korea', 'KP', 'PRK');
INSERT INTO `country_list` VALUES('South Korea', 'KR', 'KOR');
INSERT INTO `country_list` VALUES('Kuwait', 'KW', 'KWT');
INSERT INTO `country_list` VALUES('Cayman Islands', 'KY', 'CYM');
INSERT INTO `country_list` VALUES('Kazakhstan', 'KZ', 'KAZ');
INSERT INTO `country_list` VALUES('Lao PDR', 'LA', 'LAO');
INSERT INTO `country_list` VALUES('Lebanon', 'LB', 'LBN');
INSERT INTO `country_list` VALUES('Saint Lucia', 'LC', 'LCA');
INSERT INTO `country_list` VALUES('Liechtenstein', 'LI', 'LIE');
INSERT INTO `country_list` VALUES('Sri Lanka', 'LK', 'LKA');
INSERT INTO `country_list` VALUES('Liberia', 'LR', 'LBR');
INSERT INTO `country_list` VALUES('Lesotho', 'LS', 'LSO');
INSERT INTO `country_list` VALUES('Lithuania', 'LT', 'LTU');
INSERT INTO `country_list` VALUES('Luxembourg', 'LU', 'LUX');
INSERT INTO `country_list` VALUES('Latvia', 'LV', 'LVA');
INSERT INTO `country_list` VALUES('Libya', 'LY', 'LBY');
INSERT INTO `country_list` VALUES('Morocco', 'MA', 'MAR');
INSERT INTO `country_list` VALUES('Monaco', 'MC', 'MCO');
INSERT INTO `country_list` VALUES('Moldova', 'MD', 'MDA');
INSERT INTO `country_list` VALUES('Montenegro', 'ME', 'MNE');
INSERT INTO `country_list` VALUES('Saint-Martin', 'MF', 'MAF');
INSERT INTO `country_list` VALUES('Madagascar', 'MG', 'MDG');
INSERT INTO `country_list` VALUES('Marshall Islands', 'MH', 'MHL');
INSERT INTO `country_list` VALUES('Macedonia', 'MK', 'MKD');
INSERT INTO `country_list` VALUES('Mali', 'ML', 'MLI');
INSERT INTO `country_list` VALUES('Myanmar', 'MM', 'MMR');
INSERT INTO `country_list` VALUES('Mongolia', 'MN', 'MNG');
INSERT INTO `country_list` VALUES('Macao SAR China', 'MO', 'MAC');
INSERT INTO `country_list` VALUES('Northern Mariana Islands', 'MP', 'MNP');
INSERT INTO `country_list` VALUES('Martinique', 'MQ', 'MTQ');
INSERT INTO `country_list` VALUES('Mauritania', 'MR', 'MRT');
INSERT INTO `country_list` VALUES('Montserrat', 'MS', 'MSR');
INSERT INTO `country_list` VALUES('Malta', 'MT', 'MLT');
INSERT INTO `country_list` VALUES('Mauritius', 'MU', 'MUS');
INSERT INTO `country_list` VALUES('Maldives', 'MV', 'MDV');
INSERT INTO `country_list` VALUES('Malawi', 'MW', 'MWI');
INSERT INTO `country_list` VALUES('Mexico', 'MX', 'MEX');
INSERT INTO `country_list` VALUES('Malaysia', 'MY', 'MYS');
INSERT INTO `country_list` VALUES('Mozambique', 'MZ', 'MOZ');
INSERT INTO `country_list` VALUES('Namibia', 'NA', 'NAM');
INSERT INTO `country_list` VALUES('New Caledonia', 'NC', 'NCL');
INSERT INTO `country_list` VALUES('Niger', 'NE', 'NER');
INSERT INTO `country_list` VALUES('Norfolk Island', 'NF', 'NFK');
INSERT INTO `country_list` VALUES('Nigeria', 'NG', 'NGA');
INSERT INTO `country_list` VALUES('Nicaragua', 'NI', 'NIC');
INSERT INTO `country_list` VALUES('Netherlands', 'NL', 'NLD');
INSERT INTO `country_list` VALUES('Norway', 'NO', 'NOR');
INSERT INTO `country_list` VALUES('Nepal', 'NP', 'NPL');
INSERT INTO `country_list` VALUES('Nauru', 'NR', 'NRU');
INSERT INTO `country_list` VALUES('Niue', 'NU', 'NIU');
INSERT INTO `country_list` VALUES('New Zealand', 'NZ', 'NZL');
INSERT INTO `country_list` VALUES('Oman', 'OM', 'OMN');
INSERT INTO `country_list` VALUES('Panama', 'PA', 'PAN');
INSERT INTO `country_list` VALUES('Peru', 'PE', 'PER');
INSERT INTO `country_list` VALUES('French Polynesia', 'PF', 'PYF');
INSERT INTO `country_list` VALUES('Papua New Guinea', 'PG', 'PNG');
INSERT INTO `country_list` VALUES('Philippines', 'PH', 'PHL');
INSERT INTO `country_list` VALUES('Pakistan', 'PK', 'PAK');
INSERT INTO `country_list` VALUES('Poland', 'PL', 'POL');
INSERT INTO `country_list` VALUES('Pitcairn', 'PN', 'PCN');
INSERT INTO `country_list` VALUES('Puerto Rico', 'PR', 'PRI');
INSERT INTO `country_list` VALUES('Palestinian Territory', 'PS', 'PSE');
INSERT INTO `country_list` VALUES('Portugal', 'PT', 'PRT');
INSERT INTO `country_list` VALUES('Palau', 'PW', 'PLW');
INSERT INTO `country_list` VALUES('Paraguay', 'PY', 'PRY');
INSERT INTO `country_list` VALUES('Qatar', 'QA', 'QAT');
INSERT INTO `country_list` VALUES('Romania', 'RO', 'ROU');
INSERT INTO `country_list` VALUES('Serbia', 'RS', 'SRB');
INSERT INTO `country_list` VALUES('Russian Federation', 'RU', 'RUS');
INSERT INTO `country_list` VALUES('Rwanda', 'RW', 'RWA');
INSERT INTO `country_list` VALUES('Saudi Arabia', 'SA', 'SAU');
INSERT INTO `country_list` VALUES('Solomon Islands', 'SB', 'SLB');
INSERT INTO `country_list` VALUES('Seychelles', 'SC', 'SYC');
INSERT INTO `country_list` VALUES('Sudan', 'SD', 'SDN');
INSERT INTO `country_list` VALUES('Sweden', 'SE', 'SWE');
INSERT INTO `country_list` VALUES('Singapore', 'SG', 'SGP');
INSERT INTO `country_list` VALUES('Saint Helena', 'SH', 'SHN');
INSERT INTO `country_list` VALUES('Slovenia', 'SI', 'SVN');
INSERT INTO `country_list` VALUES('Slovakia', 'SK', 'SVK');
INSERT INTO `country_list` VALUES('Sierra Leone', 'SL', 'SLE');
INSERT INTO `country_list` VALUES('San Marino', 'SM', 'SMR');
INSERT INTO `country_list` VALUES('Senegal', 'SN', 'SEN');
INSERT INTO `country_list` VALUES('Somalia', 'SO', 'SOM');
INSERT INTO `country_list` VALUES('Suriname', 'SR', 'SUR');
INSERT INTO `country_list` VALUES('South Sudan', 'SS', 'SSD');
INSERT INTO `country_list` VALUES('Sao Tome and Principe', 'ST', 'STP');
INSERT INTO `country_list` VALUES('El Salvador', 'SV', 'SLV');
INSERT INTO `country_list` VALUES('Syria', 'SY', 'SYR');
INSERT INTO `country_list` VALUES('Swaziland', 'SZ', 'SWZ');
INSERT INTO `country_list` VALUES('Turks and Caicos Islands', 'TC', 'TCA');
INSERT INTO `country_list` VALUES('Chad', 'TD', 'TCD');
INSERT INTO `country_list` VALUES('French Southern Territories', 'TF', 'ATF');
INSERT INTO `country_list` VALUES('Togo', 'TG', 'TGO');
INSERT INTO `country_list` VALUES('Thailand', 'TH', 'THA');
INSERT INTO `country_list` VALUES('Tajikistan', 'TJ', 'TJK');
INSERT INTO `country_list` VALUES('Tokelau', 'TK', 'TKL');
INSERT INTO `country_list` VALUES('Timor-Leste', 'TL', 'TLS');
INSERT INTO `country_list` VALUES('Turkmenistan', 'TM', 'TKM');
INSERT INTO `country_list` VALUES('Tunisia', 'TN', 'TUN');
INSERT INTO `country_list` VALUES('Tonga', 'TO', 'TON');
INSERT INTO `country_list` VALUES('Turkey', 'TR', 'TUR');
INSERT INTO `country_list` VALUES('Trinidad and Tobago', 'TT', 'TTO');
INSERT INTO `country_list` VALUES('Tuvalu', 'TV', 'TUV');
INSERT INTO `country_list` VALUES('Taiwan', 'TW', 'TWN');
INSERT INTO `country_list` VALUES('Tanzania', 'TZ', 'TZA');
INSERT INTO `country_list` VALUES('Ukraine', 'UA', 'UKR');
INSERT INTO `country_list` VALUES('Uganda', 'UG', 'UGA');
INSERT INTO `country_list` VALUES('United States of America', 'US', 'USA');
INSERT INTO `country_list` VALUES('Uruguay', 'UY', 'URY');
INSERT INTO `country_list` VALUES('Uzbekistan', 'UZ', 'UZB');
INSERT INTO `country_list` VALUES('Holy See', 'VA', 'VAT');
INSERT INTO `country_list` VALUES('Saint Vincent and Grenadines', 'VC', 'VCT');
INSERT INTO `country_list` VALUES('Venezuela', 'VE', 'VEN');
INSERT INTO `country_list` VALUES('British Virgin Islands', 'VG', 'VGB');
INSERT INTO `country_list` VALUES('Virgin Islands', 'VI', 'VIR');
INSERT INTO `country_list` VALUES('Viet Nam', 'VN', 'VNM');
INSERT INTO `country_list` VALUES('Vanuatu', 'VU', 'VUT');
INSERT INTO `country_list` VALUES('Wallis and Futuna Islands', 'WF', 'WLF');
INSERT INTO `country_list` VALUES('Samoa', 'WS', 'WSM');
INSERT INTO `country_list` VALUES('Yemen', 'YE', 'YEM');
INSERT INTO `country_list` VALUES('Mayotte', 'YT', 'MYT');
INSERT INTO `country_list` VALUES('South Africa', 'ZA', 'ZAF');
INSERT INTO `country_list` VALUES('Zambia', 'ZM', 'ZMB');
INSERT INTO `country_list` VALUES('Zimbabwe', 'ZW', 'ZWE');
CREATE TABLE `customer_order` (  `id` varchar(13) COLLATE utf8_unicode_ci NOT NULL,  `customer_number` varchar(20) COLLATE utf8_unicode_ci NOT NULL,  `order_number` varchar(20) COLLATE utf8_unicode_ci NOT NULL,  PRIMARY KEY (`id`)) ENGINE=InnoDB DEFAULT CHARSET=utf8 COLLATE=utf8_unicode_ci;
INSERT INTO `customer_order` VALUES('5b01847945bcf', 'HLCS-00000152', 'HLOD-180520-0162');
INSERT INTO `customer_order` VALUES('5b01be8ec86f3', 'HLCS-00000137', 'HLOD-180520-0164');
INSERT INTO `customer_order` VALUES('5b01f598da343', 'HLCS-00000137', 'HLOD-180521-0167');
INSERT INTO `customer_order` VALUES('5b0299b6d0121', 'HLCS-00000137', 'HLOD-180521-0168');
INSERT INTO `customer_order` VALUES('5b195dfb1d8b3', 'HLCS-00000137', 'HLOD-180607-0170');
INSERT INTO `customer_order` VALUES('5b1c018a49eb8', 'HLCS-00000137', 'HLOD-180609-0171');
INSERT INTO `customer_order` VALUES('5b1c59fdbd7ef', 'HLCS-00000184', 'HLOD-180610-0172');
INSERT INTO `customer_order` VALUES('5b1d388d8839e', 'HLCS-00000137', 'HLOD-180610-0173');
CREATE TABLE `customers` (  `customer_number` varchar(20) COLLATE utf8_unicode_ci NOT NULL,  `salutation` varchar(20) COLLATE utf8_unicode_ci NOT NULL,  `title` varchar(50) COLLATE utf8_unicode_ci NOT NULL,  `first_name` varchar(100) COLLATE utf8_unicode_ci NOT NULL,  `last_name` varchar(100) COLLATE utf8_unicode_ci NOT NULL,  `email` varchar(200) COLLATE utf8_unicode_ci NOT NULL,  `adressline1` varchar(150) COLLATE utf8_unicode_ci NOT NULL,  `adressline2` varchar(150) COLLATE utf8_unicode_ci NOT NULL,  `city` varchar(150) COLLATE utf8_unicode_ci NOT NULL,  `zip` varchar(15) COLLATE utf8_unicode_ci NOT NULL,  `country` varchar(2) COLLATE utf8_unicode_ci NOT NULL,  PRIMARY KEY (`customer_number`)) ENGINE=InnoDB DEFAULT CHARSET=utf8 COLLATE=utf8_unicode_ci;
INSERT INTO `customers` VALUES('HLCS-00000137', 'SM', '', 'Tobias', 'Hattinger', 'tobias.hattinger@gmx.at', 'Dörflstraße 48', '', 'Vöcklabruck', '4840', 'AT');
INSERT INTO `customers` VALUES('HLCS-00000140', 'SM', 'Dipl. Ing.', 'Tobias', 'Hattinger', 'tobias.hattinger@gmx.at', 'Dörflstraße 48', '', 'Timelkam', '4840', 'AG');
INSERT INTO `customers` VALUES('HLCS-00000152', 'SN', '', 'Martin', 'Eder', 'm@e.at', 'Drestnerstraße 56', 'Stiege 2', 'Wien', '1440', 'AT');
INSERT INTO `customers` VALUES('HLCS-00000161', 'SN', '', 'Gregor', 'Miselmeier', 'gregor.misi76@aon.net', 'Hausruckstraße 94', 'Stiege 1 Tür 54', 'Köln', '50667', 'DE');
INSERT INTO `customers` VALUES('HLCS-00000184', 'SM', '', 'Justus', 'Jonas', 'einerderdrei@fragezeichen.at', 'Johnstr. 48', '', 'Köln', '54225', 'DE');
CREATE TABLE `department_assigns` (  `id` varchar(13) COLLATE utf8_unicode_ci NOT NULL,  `user_id` varchar(13) COLLATE utf8_unicode_ci NOT NULL,  `department_id` varchar(13) COLLATE utf8_unicode_ci NOT NULL,  PRIMARY KEY (`id`)) ENGINE=InnoDB DEFAULT CHARSET=utf8 COLLATE=utf8_unicode_ci;
INSERT INTO `department_assigns` VALUES('5abb5e8cb405e', '59ce8c11b145c', '59d0d904d5e45');
CREATE TABLE `departments` (  `id` varchar(13) COLLATE utf8_unicode_ci NOT NULL,  `department` varchar(100) COLLATE utf8_unicode_ci NOT NULL,  PRIMARY KEY (`id`)) ENGINE=InnoDB DEFAULT CHARSET=utf8 COLLATE=utf8_unicode_ci;
INSERT INTO `departments` VALUES('59d0d8ee1f3d8', 'Einkauf');
INSERT INTO `departments` VALUES('59d0d8fa5bbe4', 'Konstruktion');
INSERT INTO `departments` VALUES('59d0d8fd83056', 'Produktion');
INSERT INTO `departments` VALUES('59d0d9011158f', 'Marketing');
INSERT INTO `departments` VALUES('59d0d904d5e45', 'Administration');
INSERT INTO `departments` VALUES('59d0d908d4e0b', 'Buchhaltung');
INSERT INTO `departments` VALUES('59d0d90c86c3b', 'Verkauf');
CREATE TABLE `discount_codes` (  `id` varchar(13) NOT NULL,  `code` varchar(100) NOT NULL,  `discount_type` varchar(50) NOT NULL,  `discount_amount` int(10) NOT NULL,  `code_limit` int(11) NOT NULL,  `max_products` int(5) NOT NULL,  `allowed_products` varchar(200) NOT NULL,  PRIMARY KEY (`id`)) ENGINE=InnoDB DEFAULT CHARSET=latin1;
CREATE TABLE `email_recievers` (  `id` varchar(13) COLLATE utf8_unicode_ci NOT NULL,  `user_id` varchar(13) COLLATE utf8_unicode_ci NOT NULL,  `mail_id` varchar(13) COLLATE utf8_unicode_ci NOT NULL,  PRIMARY KEY (`id`)) ENGINE=InnoDB DEFAULT CHARSET=utf8 COLLATE=utf8_unicode_ci;
CREATE TABLE `emails` (  `id` varchar(13) COLLATE utf8_unicode_ci NOT NULL,  `email` varchar(100) COLLATE utf8_unicode_ci NOT NULL,  PRIMARY KEY (`id`)) ENGINE=InnoDB DEFAULT CHARSET=utf8 COLLATE=utf8_unicode_ci;
CREATE TABLE `graduating` (  `id` varchar(13) COLLATE utf8_unicode_ci NOT NULL,  `product_id` varchar(13) COLLATE utf8_unicode_ci NOT NULL,  `amount` int(11) NOT NULL,  `price_per_item` float NOT NULL,  PRIMARY KEY (`id`)) ENGINE=InnoDB DEFAULT CHARSET=utf8 COLLATE=utf8_unicode_ci;
INSERT INTO `graduating` VALUES('5abb5e8cb405e', '5abb5e8cb2d93', '1', '0');
CREATE TABLE `items` (  `id` varchar(13) COLLATE utf8_unicode_ci NOT NULL,  `name` varchar(200) COLLATE utf8_unicode_ci NOT NULL,  `number` varchar(50) COLLATE utf8_unicode_ci NOT NULL,  `description` text COLLATE utf8_unicode_ci NOT NULL,  `unit` varchar(10) COLLATE utf8_unicode_ci NOT NULL,  `price` float NOT NULL,  `price_per_amt` int(5) NOT NULL,  `order_size` int(5) NOT NULL,  `material` varchar(20) COLLATE utf8_unicode_ci NOT NULL,  `weight` float NOT NULL,  `geometry` varchar(20) COLLATE utf8_unicode_ci NOT NULL,  `size` varchar(100) COLLATE utf8_unicode_ci NOT NULL,  `comment` text COLLATE utf8_unicode_ci NOT NULL,  `alert_amt` int(5) NOT NULL,  `stock` int(5) NOT NULL,  PRIMARY KEY (`id`)) ENGINE=InnoDB DEFAULT CHARSET=utf8 COLLATE=utf8_unicode_ci;
INSERT INTO `items` VALUES('5abb5e27e6773', 'Widerstand', 'WEA-RES2k2', 'Wirderstand 2,2kO', 'Stk.', '0', '0', '0', 'Sonstiges', '0', 'Zylinder', '0', '', '0', '0');
INSERT INTO `items` VALUES('5abb5e4eadfe8', 'Transistor 2N2222', 'WEA-TRS2N2222', 'Transistor NPN 2N2222', 'Stk.', '0', '0', '0', 'Holz', '0', 'Würfel', '0', '', '0', '0');
CREATE TABLE `language_lib` (  `keyword` varchar(255) COLLATE utf8_unicode_ci NOT NULL,  `DE` varchar(255) COLLATE utf8_unicode_ci NOT NULL,  `EN` varchar(255) COLLATE utf8_unicode_ci NOT NULL,  PRIMARY KEY (`keyword`)) ENGINE=InnoDB DEFAULT CHARSET=utf8 COLLATE=utf8_unicode_ci;
INSERT INTO `language_lib` VALUES('', '', '');
INSERT INTO `language_lib` VALUES(' Kommentare/Hinweise f&uuml;r ihre Bestellung hier hinterlassen', 'Kommentare/Hinweise f&uuml;r ihre Bestellung hier hinterlassen', ' Leave comments / notes for your order here');
INSERT INTO `language_lib` VALUES(' Sie erhalten ihren Gutschein per E-Mail zugesendet.', ' Sie erhalten ihren Gutschein per E-Mail zugesendet.', 'You will receive your voucher by e-mail.');
INSERT INTO `language_lib` VALUES('&Ouml;sterreich', '&Ouml;sterreich', 'Austria');
INSERT INTO `language_lib` VALUES('&Uuml;bersicht', '&Uuml;bersicht', 'Overview');
INSERT INTO `language_lib` VALUES('&Uuml;berweisung', '&Uuml;berweisung', 'Transaction');
INSERT INTO `language_lib` VALUES('1', '1', '');
INSERT INTO `language_lib` VALUES('Österreich', 'Österreich', 'Austria');
INSERT INTO `language_lib` VALUES('Abbrechen', 'Abbrechen', 'Cancel');
INSERT INTO `language_lib` VALUES('Abgeschlossen', 'Abgeschlossen', 'Finished');
INSERT INTO `language_lib` VALUES('Abmaße', 'Abmaße', 'Size');
INSERT INTO `language_lib` VALUES('Abmelden', 'Abmelden', 'Logout');
INSERT INTO `language_lib` VALUES('Abmessungen', 'Abmessungen', 'Size');
INSERT INTO `language_lib` VALUES('Absenden', 'Absenden', 'Send');
INSERT INTO `language_lib` VALUES('Absolut', 'Absolut', 'Absolute');
INSERT INTO `language_lib` VALUES('Abstand Links', 'Abstand Links', 'Dist. Left');
INSERT INTO `language_lib` VALUES('Abstand Oben', 'Abstand Oben', 'Dist. Top');
INSERT INTO `language_lib` VALUES('Abstempeln', 'Abstempeln', 'Stamp off');
INSERT INTO `language_lib` VALUES('Abteilungen', 'Abteilungen', 'Department');
INSERT INTO `language_lib` VALUES('Abteilungszugeh&ouml;rigkeit Eintragen', 'Abteilungszugeh&ouml;rigkeit Eintragen', 'Enter Department-Assignation');
INSERT INTO `language_lib` VALUES('Abteilungszuweisung', 'Abteilungszuweisung', 'Department Assign');
INSERT INTO `language_lib` VALUES('Account', 'Account', 'Account');
INSERT INTO `language_lib` VALUES('Achtung: Passwort bei erstem Login: \"123abc\". Bitte gleich nach Anmelden unter \"Account\" &auml;ndern!', 'Achtung: Passwort bei erstem Login: \"123abc\". Bitte gleich nach Anmelden unter \"Account\" &auml;ndern!', 'Attention: Password at first login: \"123abc\". Please change immediately after login under \"Account\"!');
INSERT INTO `language_lib` VALUES('Admin', 'Admin', 'Admin');
INSERT INTO `language_lib` VALUES('Administration', 'Administration', 'Administration');
INSERT INTO `language_lib` VALUES('aktuell', 'aktuell', 'currently');
INSERT INTO `language_lib` VALUES('Aktuelle Arbeitszeit', 'Aktuelle Arbeitszeit', 'Current working Time');
INSERT INTO `language_lib` VALUES('Aktueller Lagerbestand', 'Aktueller Lagerbestand', 'Available Stock');
INSERT INTO `language_lib` VALUES('Alle', 'Alle', '');
INSERT INTO `language_lib` VALUES('Alle Abteilungen', 'Alle Abteilungen', 'All Departments');
INSERT INTO `language_lib` VALUES('Alle anzeigen', 'Alle anzeigen', 'Show all');
INSERT INTO `language_lib` VALUES('Alle Bestellungen', 'Alle Bestellungen', 'All Orders');
INSERT INTO `language_lib` VALUES('Alle Stempelzeiten', 'Alle Stempelzeiten', 'All Timestamps');
INSERT INTO `language_lib` VALUES('Als ausstehend markieren', 'Als ausstehend markieren', 'Mark as pending');
INSERT INTO `language_lib` VALUES('Als erledigt markieren', 'Als erledigt markieren', 'Mark as done');
INSERT INTO `language_lib` VALUES('Aluminium', 'Aluminium', 'Aluminium');
INSERT INTO `language_lib` VALUES('Anfrage abschicken', 'Anfrage abschicken', 'Send Request');
INSERT INTO `language_lib` VALUES('Anfragen / Verbesserungsvorschläge', 'Anfragen / Verbesserungsvorschläge', 'Requests');
INSERT INTO `language_lib` VALUES('Angebot schreiben', 'Angebot schreiben', 'Write offer');
INSERT INTO `language_lib` VALUES('Angebote', 'Angebote', 'Offers');
INSERT INTO `language_lib` VALUES('Angemeldet als', 'Angemeldet als', 'Signed in as');
INSERT INTO `language_lib` VALUES('Angestempelt seit', 'Angestempelt seit', 'Stamped in since');
INSERT INTO `language_lib` VALUES('Anmelden', 'Anmelden', 'Log in');
INSERT INTO `language_lib` VALUES('Anmerkung', 'Anmerkung', 'Comment');
INSERT INTO `language_lib` VALUES('Anrede', 'Anrede', 'Salutation');
INSERT INTO `language_lib` VALUES('Anschrift', 'Anschrift', 'Adress');
INSERT INTO `language_lib` VALUES('Anstempeln', 'Anstempeln', 'Stamp in');
INSERT INTO `language_lib` VALUES('Anzeigen', 'Anzeigen', 'Show');
INSERT INTO `language_lib` VALUES('Übersicht', 'Übersicht', 'Overview');
INSERT INTO `language_lib` VALUES('Überweisung', 'Überweisung', 'Transfer');
INSERT INTO `language_lib` VALUES('Arbeitszeit wird nicht angerechnet', 'Arbeitszeit wird nicht angerechnet', 'Worktime is not added');
INSERT INTO `language_lib` VALUES('Arbeitszeiten unter 10s werden nicht angerechnet', 'Arbeitszeiten unter 10s werden nicht angerechnet', 'Working hours under 10s are not counted');
INSERT INTO `language_lib` VALUES('Artikel', 'Artikel', 'Article');
INSERT INTO `language_lib` VALUES('Artikel Anlegen', 'Artikel Anlegen', 'Add Item');
INSERT INTO `language_lib` VALUES('Artikel auswählen', 'Artikel auswählen', 'Choose items');
INSERT INTO `language_lib` VALUES('Artikel Hinzufügen', 'Artikel Hinzufügen', 'Add Item');
INSERT INTO `language_lib` VALUES('Artikel Hinzufügen/Entfernen', 'Artikel Hinzufügen/Entfernen', 'Add/Remove item');
INSERT INTO `language_lib` VALUES('Artikel L&ouml;schen', 'Artikel L&ouml;schen', 'Delete item');
INSERT INTO `language_lib` VALUES('Artikel-Bezeichnung', 'Artikel-Bezeichnung', 'Item-Description');
INSERT INTO `language_lib` VALUES('Artikel-Name', 'Artikel-Name', 'Item-Name');
INSERT INTO `language_lib` VALUES('Artikel-Nr', 'Artikel-Nr', 'Item-Nr');
INSERT INTO `language_lib` VALUES('Artikel-Nummer', 'Artikel-Nummer', 'Item-Number');
INSERT INTO `language_lib` VALUES('Auftrag Löschen', 'Auftrag Löschen', 'Delete Order');
INSERT INTO `language_lib` VALUES('Auftraggeber', 'Auftraggeber', 'Customer');
INSERT INTO `language_lib` VALUES('Auftrags-Nr', 'Auftrags-Nr', 'Order-Nr');
INSERT INTO `language_lib` VALUES('Ausstehend', 'Ausstehend', 'Pending');
INSERT INTO `language_lib` VALUES('Barzahlung', 'Barzahlung', 'Cash');
INSERT INTO `language_lib` VALUES('Bearbeiten', 'Bearbeiten', 'Edit');
INSERT INTO `language_lib` VALUES('Bearbeitungsgeb&uuml;hr', 'Bearbeitungsgeb&uuml;hr', 'Processing fee');
INSERT INTO `language_lib` VALUES('Bearbeitungskosten', 'Bearbeitungskosten', 'Processing fees');
INSERT INTO `language_lib` VALUES('Bei Übergabe', 'Bei Übergabe', 'At handover');
INSERT INTO `language_lib` VALUES('Bei Bestätigung wird dieser Auftrag zurück auf \"Neue Bestellungen\" verwiesen', 'Bei Bestätigung wird dieser Auftrag zurück auf \"Neue Bestellungen\" verwiesen', 'Upon confirmation, this order will be referred back to \"New orders\"');
INSERT INTO `language_lib` VALUES('Bei Bestätigung wird dieser Auftrag zurück auf \"Verkaufsbereit\" verwiesen', 'Bei Bestätigung wird dieser Auftrag zurück auf \"Verkaufsbereit\" verwiesen', 'Upon confirmation, this order will be referred back to \"ready to sell\"');
INSERT INTO `language_lib` VALUES('Bei weiteren Fragen wenden Sie sich an', 'Bei weiteren Fragen wenden Sie sich an', 'If you have further questions, please contact');
INSERT INTO `language_lib` VALUES('Benötigte Artikel aus Lager entfernen<br><sub>(Standard)', 'Benötigte Artikel aus Lager entfernen<br><sub>(Standard)', 'Remove required items from warehouse<br><sub>(Default)');
INSERT INTO `language_lib` VALUES('Benötigte Artikel zum Lager hinzufügen<br><sub>(Standard)</sub>', 'Benötigte Artikel zum Lager hinzufügen<br><sub>(Standard)</sub>', 'Add required items to warehouse<br><sub>(Default)</sub>');
INSERT INTO `language_lib` VALUES('Beschreibung', 'Beschreibung', 'Description');
INSERT INTO `language_lib` VALUES('Bestand OK', 'Bestand OK', 'Stock OK');
INSERT INTO `language_lib` VALUES('Bestehend aus 2 Stiften und dazugeh&ouml;rigem Etui<br>im Wert von 24,90&euro;', 'Bestehend aus 2 Stiften und dazugeh&ouml;rigem Etui<br>im Wert von 24,90&euro;', 'Consisting of 2 pens and matching case <br> worth 24.90 &euro;');
INSERT INTO `language_lib` VALUES('Bestehend aus 2 Stiften<br>und dazugeh&ouml;rigem Etui', 'Bestehend aus 2 Stiften<br>und dazugeh&ouml;rigem Etui', 'Consisting of 2 pens<br>and matching case ');
INSERT INTO `language_lib` VALUES('Bestell-Größe', 'Bestell-Größe', 'Order-Size');
INSERT INTO `language_lib` VALUES('Bestell-Nr', 'Bestell-Nr', 'Order-Nr');
INSERT INTO `language_lib` VALUES('Bestelldaten', 'Bestelldaten', 'Order data');
INSERT INTO `language_lib` VALUES('Bestellung abschlie&szlig;en', 'Bestellung abschlie&szlig;en', 'Complete Order');
INSERT INTO `language_lib` VALUES('Bestellung abschließen', 'Bestellung abschließen', 'Complete Order');
INSERT INTO `language_lib` VALUES('Bestellung Auswählen', 'Bestellung Auswählen', 'Choose order');
INSERT INTO `language_lib` VALUES('Bestellung Eintragen', 'Bestellung Eintragen', '');
INSERT INTO `language_lib` VALUES('Bestellung Nr', 'Bestellung Nr', 'Order-Nr');
INSERT INTO `language_lib` VALUES('Bestellungen', 'Bestellungen', 'Orders');
INSERT INTO `language_lib` VALUES('Bestellungen in Arbeit', 'Bestellungen in Arbeit', 'Orders in production');
INSERT INTO `language_lib` VALUES('Bestellungen Versandbereit', 'Bestellungen Versandbereit', 'Orders ready for shipping');
INSERT INTO `language_lib` VALUES('Betrag', 'Betrag', 'Sum');
INSERT INTO `language_lib` VALUES('Betrag/Prozent-Abzug (€/%)', 'Betrag/Prozent-Abzug (€/%)', 'Absolute/Percentual Discount');
INSERT INTO `language_lib` VALUES('Betreff / Titel', 'Betreff / Titel', 'Subject');
INSERT INTO `language_lib` VALUES('Bezahlt', 'Bezahlt', 'Paid');
INSERT INTO `language_lib` VALUES('Bild-Element', 'Bild-Element', 'Image-Element');
INSERT INTO `language_lib` VALUES('Bild-Element + Download', 'Bild-Element + Download', 'Image-Element + Download');
INSERT INTO `language_lib` VALUES('Bildbeschreibung', 'Bildbeschreibung', 'Image description');
INSERT INTO `language_lib` VALUES('Bitte Überweisen Sie den unten angegebenen Betrag auf das unten angegebene Konto', 'Bitte Überweisen Sie den unten angegebenen Betrag auf das unten angegebene Konto', 'Please transfer the money to the account below');
INSERT INTO `language_lib` VALUES('Blackboard', 'Blackboard', 'Blackboard');
INSERT INTO `language_lib` VALUES('Blau', 'Blau', 'blue');
INSERT INTO `language_lib` VALUES('Box', 'Box', 'Case');
INSERT INTO `language_lib` VALUES('Box einzel', 'Box einzel', 'Case single');
INSERT INTO `language_lib` VALUES('Box: Logo', 'Box: Logo', 'Case: Logo');
INSERT INTO `language_lib` VALUES('Box: Text 1', 'Box: Text 1', 'Case: Text 1');
INSERT INTO `language_lib` VALUES('Box: Text 2', 'Box: Text 2', 'Case: Text 2');
INSERT INTO `language_lib` VALUES('Breite', 'Breite', 'Width');
INSERT INTO `language_lib` VALUES('Buchhaltung', 'Buchhaltung', 'Accounting');
INSERT INTO `language_lib` VALUES('Bug Report', 'Bug Report', 'Bug report');
INSERT INTO `language_lib` VALUES('Code Löschen', 'Code Löschen', 'Delete code');
INSERT INTO `language_lib` VALUES('Datei ausw&auml;hlen', 'Datei ausw&auml;hlen', 'Choose file');
INSERT INTO `language_lib` VALUES('Datei auswählen', 'Datei auswählen', 'Choose file');
INSERT INTO `language_lib` VALUES('Datei hochladen', 'Datei hochladen', 'Upload file');
INSERT INTO `language_lib` VALUES('Datei(en) ausw&auml;hlen', 'Datei(en) ausw&auml;hlen', '');
INSERT INTO `language_lib` VALUES('Daten', 'Daten', 'Data');
INSERT INTO `language_lib` VALUES('Deine Abteilungen', 'Deine Abteilungen', 'Your departments');
INSERT INTO `language_lib` VALUES('Deine E-Mail Adresse', 'Deine E-Mail Adresse', 'Your E-Mail adresses');
INSERT INTO `language_lib` VALUES('Deine Stempelzeiten', 'Deine Stempelzeiten', 'Your timestamps');
INSERT INTO `language_lib` VALUES('Design Bearbeiten', 'Design Bearbeiten', 'Edit design');
INSERT INTO `language_lib` VALUES('Designer', 'Designer', 'Designer');
INSERT INTO `language_lib` VALUES('Deutsch', 'Deutsch', 'German');
INSERT INTO `language_lib` VALUES('Deutschland', 'Deutschland', 'Germany');
INSERT INTO `language_lib` VALUES('Die Summe der Gutscheine bel&auml;uft sich auf', 'Die Summe der Gutscheine bel&auml;uft sich auf', 'The sum of the vouchers amounts to');
INSERT INTO `language_lib` VALUES('Die Zahlung findet bei &Uuml;bergabe des Artikels statt', 'Die Zahlung findet bei &Uuml;bergabe des Artikels statt', 'The payment takes place upon delivery of the article');
INSERT INTO `language_lib` VALUES('Die Zahlung findet bei Übergabe des Artikels statt.', 'Die Zahlung findet bei Übergabe des Artikels statt.', 'The payment takes place upon delivery of the article.');
INSERT INTO `language_lib` VALUES('Dieses Element verwenden', 'Dieses Element verwenden', 'Use this element');
INSERT INTO `language_lib` VALUES('Dieses Feature wird noch nicht unterst&uuml;tzt', 'Dieses Feature wird noch nicht unterst&uuml;tzt', 'This feature is not supported yet');
INSERT INTO `language_lib` VALUES('Dokumente', 'Dokumente', '');
INSERT INTO `language_lib` VALUES('Done', 'Done', 'Done');
INSERT INTO `language_lib` VALUES('Download', 'Download', 'Download');
INSERT INTO `language_lib` VALUES('Download Logo Box', 'Download Logo Box', 'Download Logo Case');
INSERT INTO `language_lib` VALUES('Download Logo Stift', 'Download Logo Stift', 'Download Logo Pen');
INSERT INTO `language_lib` VALUES('Druckbleistift', 'Druckbleistift', 'Pencil');
INSERT INTO `language_lib` VALUES('Druckbleistifte', 'Druckbleistifte', 'Pencils');
INSERT INTO `language_lib` VALUES('E-Mail', 'E-Mail', 'E-Mail');
INSERT INTO `language_lib` VALUES('E-Mail Link Eintragen', 'E-Mail Link Eintragen', 'Add E-Mail - Link');
INSERT INTO `language_lib` VALUES('E-Mails', 'E-Mails', 'E-Mails');
INSERT INTO `language_lib` VALUES('E-Mails an folgende Adressen werden an dich weitergeleitet', 'E-Mails an folgende Adressen werden an dich weitergeleitet', 'Emails to the following addresses will be forwarded to you');
INSERT INTO `language_lib` VALUES('Eingegangene Bestellungen', 'Eingegangene Bestellungen', 'Received orders');
INSERT INTO `language_lib` VALUES('Einkauf', 'Einkauf', 'Purchase');
INSERT INTO `language_lib` VALUES('Einstellungen', 'Einstellungen', 'Settings');
INSERT INTO `language_lib` VALUES('Eintrag Aktualisieren', 'Eintrag Aktualisieren', 'Update entry');
INSERT INTO `language_lib` VALUES('Eintrag Bearbeiten', 'Eintrag Bearbeiten', 'Edit entry');
INSERT INTO `language_lib` VALUES('Eintrag Erg&auml;nzen', 'Eintrag Erg&auml;nzen', 'Update Entry');
INSERT INTO `language_lib` VALUES('Eintrag L&ouml;schen', 'Eintrag L&ouml;schen', 'Delete entry');
INSERT INTO `language_lib` VALUES('Einzelprodukt', 'Einzelprodukt', 'Single product');
INSERT INTO `language_lib` VALUES('Element aktualisieren', 'Element aktualisieren', 'Update element');
INSERT INTO `language_lib` VALUES('Element bearbeiten', 'Element bearbeiten', 'Edit element');
INSERT INTO `language_lib` VALUES('Element hinzufügen', 'Element hinzufügen', 'Add element');
INSERT INTO `language_lib` VALUES('Email Empf&auml;nger', 'Email Empf&auml;nger', 'E-Mail Recievers');
INSERT INTO `language_lib` VALUES('Email Empfänger', 'Email Empfänger', 'E-Mail Recievers');
INSERT INTO `language_lib` VALUES('Empfänger', 'Empfänger', 'Reciever');
INSERT INTO `language_lib` VALUES('Enddatum', 'Enddatum', 'End date');
INSERT INTO `language_lib` VALUES('Englisch', 'Englisch', 'English');
INSERT INTO `language_lib` VALUES('Erhält Mails von', 'Erhält Mails von', 'Recieves mails from');
INSERT INTO `language_lib` VALUES('Etui', 'Etui', 'Case');
INSERT INTO `language_lib` VALUES('Etui gestalten', 'Etui gestalten', 'Case-Designer');
INSERT INTO `language_lib` VALUES('Events', 'Events', '');
INSERT INTO `language_lib` VALUES('Fehler melden', 'Fehler melden', 'Report errors');
INSERT INTO `language_lib` VALUES('Fertigstellung', 'Fertigstellung', 'Completion');
INSERT INTO `language_lib` VALUES('Fertigung', 'Fertigung', 'Production');
INSERT INTO `language_lib` VALUES('Fertigungsdaten', 'Fertigungsdaten', '');
INSERT INTO `language_lib` VALUES('Finanzen', 'Finanzen', '');
INSERT INTO `language_lib` VALUES('Firma', 'Firma', 'Company');
INSERT INTO `language_lib` VALUES('Firmenname', 'Firmenname', 'Company-Name');
INSERT INTO `language_lib` VALUES('Form', 'Form', 'Shape');
INSERT INTO `language_lib` VALUES('Frau', 'Frau', 'Madam');
INSERT INTO `language_lib` VALUES('Fremde Abteilungen', 'Fremde Abteilungen', 'Other departments');
INSERT INTO `language_lib` VALUES('Fremde Stempelzeiten', 'Fremde Stempelzeiten', 'Other timestamps');
INSERT INTO `language_lib` VALUES('Fullsize Textfeld', 'Fullsize Textfeld', 'Fullsize Textfield');
INSERT INTO `language_lib` VALUES('Gegangen', 'Gegangen', 'Went');
INSERT INTO `language_lib` VALUES('Gehen', 'Gehen', 'Go');
INSERT INTO `language_lib` VALUES('Gekommen', 'Gekommen', 'Came');
INSERT INTO `language_lib` VALUES('Gekommen am', 'Gekommen am', 'Came on');
INSERT INTO `language_lib` VALUES('Generell', 'Generell', 'General');
INSERT INTO `language_lib` VALUES('Gesamt', 'Gesamt', 'Total');
INSERT INTO `language_lib` VALUES('Gewicht', 'Gewicht', 'Weight');
INSERT INTO `language_lib` VALUES('Gr&ouml;&szlig;e', 'Gr&ouml;&szlig;e', 'Size');
INSERT INTO `language_lib` VALUES('Gutschein', 'Gutschein', 'Voucher');
INSERT INTO `language_lib` VALUES('Gutschein f&uuml;r ein beliebiges Produkt kaufen', 'Gutschein f&uuml;r ein beliebiges Produkt kaufen', 'Buy voucher for any product');
INSERT INTO `language_lib` VALUES('Gutschein f&uuml;r ein WEPEN-Set', 'Gutschein f&uuml;r ein WEPEN-Set', 'Buy voucher for a WEPEN-Set');
INSERT INTO `language_lib` VALUES('Gutschein Kaufen', 'Gutschein Kaufen', 'Buy voucher');
INSERT INTO `language_lib` VALUES('Gutschein-Code', 'Gutschein-Code', 'Discount code');
INSERT INTO `language_lib` VALUES('Gutscheincode', 'Gutscheincode', 'Discount code');
INSERT INTO `language_lib` VALUES('Gutscheincode einlösen', 'Gutscheincode einlösen', 'Redeem voucher');
INSERT INTO `language_lib` VALUES('Gutscheincode Erstellen', 'Gutscheincode Erstellen', 'Create discount code');
INSERT INTO `language_lib` VALUES('Gutscheincode Hinzufügen', 'Gutscheincode Hinzufügen', 'Add discount code');
INSERT INTO `language_lib` VALUES('Gutscheine', 'Gutscheine', 'Vouchers');
INSERT INTO `language_lib` VALUES('Halbprodukt bearbeiten', 'Halbprodukt bearbeiten', '');
INSERT INTO `language_lib` VALUES('Halbprodukt l&ouml;schen', 'Halbprodukt l&ouml;schen', '');
INSERT INTO `language_lib` VALUES('Halbprodukte', 'Halbprodukte', '');
INSERT INTO `language_lib` VALUES('Halbprodukte anzeigen', 'Halbprodukte anzeigen', '');
INSERT INTO `language_lib` VALUES('Halbprodukte;semiproducts', 'Halbprodukte;semiproducts', '');
INSERT INTO `language_lib` VALUES('Herr', 'Herr', 'Sir');
INSERT INTO `language_lib` VALUES('Heutige Bestellungen', 'Heutige Bestellungen', 'Todays orders');
INSERT INTO `language_lib` VALUES('Hier Klicken um Abzustempeln', 'Hier Klicken um Abzustempeln', 'Click here to stamp out');
INSERT INTO `language_lib` VALUES('Hier Klicken um Anzustempeln', 'Hier Klicken um Anzustempeln', 'Click here to stamp in');
INSERT INTO `language_lib` VALUES('Hilfsmittel', 'Hilfsmittel', '');
INSERT INTO `language_lib` VALUES('Hilfsmittel anzeigen', 'Hilfsmittel anzeigen', '');
INSERT INTO `language_lib` VALUES('Hilfsmittel bearbeiten', 'Hilfsmittel bearbeiten', '');
INSERT INTO `language_lib` VALUES('Hilfsmittel l&ouml;schen', 'Hilfsmittel l&ouml;schen', '');
INSERT INTO `language_lib` VALUES('Hilfsmittel;support', 'Hilfsmittel;support', '');
INSERT INTO `language_lib` VALUES('Hinzufügen', 'Hinzufügen', 'Add');
INSERT INTO `language_lib` VALUES('Hochwertige, individuell gefertigte Etui<br>im Wert von 15,90&euro;', 'Hochwertige, individuell gefertigte Etui<br>im Wert von 15,90&euro;', 'High-quality, custom-made case <br> worth 15,90 &euro;');
INSERT INTO `language_lib` VALUES('Holz', 'Holz', 'Wood');
INSERT INTO `language_lib` VALUES('Ihr Logo', 'Ihr Logo', 'Your logo');
INSERT INTO `language_lib` VALUES('Ihre Abteilung', 'Ihre Abteilung', '');
INSERT INTO `language_lib` VALUES('Ihre gew&auml;hlte Zahlungsart', 'Ihre gew&auml;hlte Zahlungsart', 'Your chosen payment method');
INSERT INTO `language_lib` VALUES('Ihre gewählte Zahlungsart', 'Ihre gewählte Zahlungsart', 'Your chosen payment method');
INSERT INTO `language_lib` VALUES('In Arbeit', 'In Arbeit', 'In progress');
INSERT INTO `language_lib` VALUES('In Kürze erhalten Sie eine E-Mail mit Zahlungsinformationen und der Auftragsbestätigung.', 'In Kürze erhalten Sie eine E-Mail mit Zahlungsinformationen und der Auftragsbestätigung.', ' You will shortly receive an e-mail with payment information and the order confirmation.');
INSERT INTO `language_lib` VALUES('In Produktion', 'In Produktion', 'In production');
INSERT INTO `language_lib` VALUES('In progress', 'In progress', 'In progress');
INSERT INTO `language_lib` VALUES('Individuell gestaltete Kugelschreiber oder Druckbleistifte<br>im Wert von 6,00&euro;', 'Individuell gestaltete Kugelschreiber oder Druckbleistifte<br>im Wert von 6,00&euro;', ' Individually designed ballpoint pens or mechanical pencils <br> worth 6.00 &euro;');
INSERT INTO `language_lib` VALUES('Info', 'Info', 'Info');
INSERT INTO `language_lib` VALUES('Inhalt', 'Inhalt', 'Content');
INSERT INTO `language_lib` VALUES('Jetzt kostenpflichtig<br>bestellen', 'Jetzt kostenpflichtig<br>bestellen', 'Order now');
INSERT INTO `language_lib` VALUES('Kommen', 'Kommen', 'Come');
INSERT INTO `language_lib` VALUES('Kommentar', 'Kommentar', 'Comment');
INSERT INTO `language_lib` VALUES('Kommentare/Hinweise für ihre Bestellung hier hinterlassen', 'Kommentare/Hinweise für ihre Bestellung hier hinterlassen', 'Leave comments / notes for your order here');
INSERT INTO `language_lib` VALUES('Konstruktion', 'Konstruktion', 'Contruction');
INSERT INTO `language_lib` VALUES('Konto', 'Konto', 'Account');
INSERT INTO `language_lib` VALUES('Konzepte', 'Konzepte', '');
INSERT INTO `language_lib` VALUES('Kosten', 'Kosten', 'Costs');
INSERT INTO `language_lib` VALUES('Kugel', 'Kugel', 'Sphere');
INSERT INTO `language_lib` VALUES('Kugelschreiber', 'Kugelschreiber', 'Ball-Point Pen');
INSERT INTO `language_lib` VALUES('Kunde', 'Kunde', 'Customer');
INSERT INTO `language_lib` VALUES('Kunden', 'Kunden', '');
INSERT INTO `language_lib` VALUES('Kunststoff', 'Kunststoff', 'Plastic');
INSERT INTO `language_lib` VALUES('Löschen', 'Löschen', 'Delete');
INSERT INTO `language_lib` VALUES('Lager', 'Lager', 'Warehouse');
INSERT INTO `language_lib` VALUES('Lagerbestand', 'Lagerbestand', 'Stock');
INSERT INTO `language_lib` VALUES('Lagerbestand Ändern', 'Lagerbestand Ändern', 'Change articles in stock');
INSERT INTO `language_lib` VALUES('Lagerbestand nicht<br>verändern', 'Lagerbestand nicht<br>verändern', 'Do not change articles in stock');
INSERT INTO `language_lib` VALUES('Lagersbestand', 'Lagersbestand', '');
INSERT INTO `language_lib` VALUES('Land', 'Land', 'Country');
INSERT INTO `language_lib` VALUES('Letzte Arbeitszeit', 'Letzte Arbeitszeit', 'Last working-time');
INSERT INTO `language_lib` VALUES('Lieferscheine', 'Lieferscheine', '');
INSERT INTO `language_lib` VALUES('Link Hinzufügen', 'Link Hinzufügen', 'Add Hyperlink');
INSERT INTO `language_lib` VALUES('Liter', 'Liter', 'Liters');
INSERT INTO `language_lib` VALUES('Login', 'Login', 'Login');
INSERT INTO `language_lib` VALUES('Logo', 'Logo', 'Logo');
INSERT INTO `language_lib` VALUES('Marketing', 'Marketing', 'Marketing');
INSERT INTO `language_lib` VALUES('Material', 'Material', 'Material');
INSERT INTO `language_lib` VALUES('Maximal Gewicht', 'Maximal Gewicht', 'Maximum weight');
INSERT INTO `language_lib` VALUES('Mehr', 'Mehr', 'More');
INSERT INTO `language_lib` VALUES('Melden Sie sich mit Ihrer WEPEN&reg; - E-mail Adresse an', 'Melden Sie sich mit Ihrer WEPEN&reg; - E-mail Adresse an', ' Log in with your WEPEN &reg; - E-mail address');
INSERT INTO `language_lib` VALUES('Menü', 'Menü', 'Menu');
INSERT INTO `language_lib` VALUES('Menge', 'Menge', 'Amount');
INSERT INTO `language_lib` VALUES('Mengenangabe', 'Mengenangabe', 'Quantitative disclosure');
INSERT INTO `language_lib` VALUES('Meter', 'Meter', 'Meter');
INSERT INTO `language_lib` VALUES('Methode', 'Methode', 'Method');
INSERT INTO `language_lib` VALUES('Millimeter', 'Millimeter', 'Milimeters');
INSERT INTO `language_lib` VALUES('Mindest-Bestand', 'Mindest-Bestand', 'least was');
INSERT INTO `language_lib` VALUES('Mindestbestand', 'Mindestbestand', 'least was');
INSERT INTO `language_lib` VALUES('Mit \"Bezahlt\" Markieren', 'Mit \"Bezahlt\" Markieren', 'Mark as \"Paid\"');
INSERT INTO `language_lib` VALUES('Mit \"Zahlung Ausstehend\" Markieren', 'Mit \"Zahlung Ausstehend\" Markieren', 'Mark as \"Payment pending\"');
INSERT INTO `language_lib` VALUES('Mit \"Zahlung bei Übergabe\" Markieren', 'Mit \"Zahlung bei Übergabe\" Markieren', 'Mark as \"Payment on delivery\"');
INSERT INTO `language_lib` VALUES('Mit * markierte Felder sind Pflichtfelder', 'Mit * markierte Felder sind Pflichtfelder', 'Fields marked with * have to be filled');
INSERT INTO `language_lib` VALUES('N&auml;chster Schritt', 'N&auml;chster Schritt', 'Next step');
INSERT INTO `language_lib` VALUES('Nach Bestell-Nr. Suchen', 'Nach Bestell-Nr. Suchen', 'Search for Order-Nr.');
INSERT INTO `language_lib` VALUES('Nach Bestell-Nr. Suchen...', 'Nach Bestell-Nr. Suchen...', 'Search for Order-Nr. ...');
INSERT INTO `language_lib` VALUES('Nachbestellen', 'Nachbestellen', '');
INSERT INTO `language_lib` VALUES('Nachbestellen!', 'Nachbestellen!', 'Reorder!');
INSERT INTO `language_lib` VALUES('Nachname', 'Nachname', 'Last name');
INSERT INTO `language_lib` VALUES('Name', 'Name', 'Name');
INSERT INTO `language_lib` VALUES('Neue Bestellungen', 'Neue Bestellungen', 'New orders');
INSERT INTO `language_lib` VALUES('Neue Sektion hinzufügen', 'Neue Sektion hinzufügen', 'Add new section');
INSERT INTO `language_lib` VALUES('Neue Task hinzuf&uuml;gen', 'Neue Task hinzuf&uuml;gen', 'Add new Task');
INSERT INTO `language_lib` VALUES('Neue Versandart', 'Neue Versandart', 'New shippment type');
INSERT INTO `language_lib` VALUES('Neue Versandart hinzufügen', 'Neue Versandart hinzufügen', 'Add new shippment type');
INSERT INTO `language_lib` VALUES('Neue Ware Anlegen', 'Neue Ware Anlegen', 'Add new item');
INSERT INTO `language_lib` VALUES('Neue Ware im Sortiment aufnehmen', 'Neue Ware im Sortiment aufnehmen', 'Add new item to range');
INSERT INTO `language_lib` VALUES('Neues Element hinzufügen', 'Neues Element hinzufügen', 'Add new element');
INSERT INTO `language_lib` VALUES('Neues Halbprodukt eintragen', 'Neues Halbprodukt eintragen', '');
INSERT INTO `language_lib` VALUES('Neues Hilfsmittel eintragen', 'Neues Hilfsmittel eintragen', '');
INSERT INTO `language_lib` VALUES('Neues Passwort', 'Neues Passwort', 'New password');
INSERT INTO `language_lib` VALUES('Neues Produkt Anlegen', 'Neues Produkt Anlegen', 'Add new product');
INSERT INTO `language_lib` VALUES('Neues Produkt eintragen', 'Neues Produkt eintragen', '');
INSERT INTO `language_lib` VALUES('Neues Rohteil eintragen', 'Neues Rohteil eintragen', '');
INSERT INTO `language_lib` VALUES('Neuigkeiten in dieser Abteilung', 'Neuigkeiten in dieser Abteilung', 'News in this department');
INSERT INTO `language_lib` VALUES('Nicht angestempelt', 'Nicht angestempelt', 'Not stamped');
INSERT INTO `language_lib` VALUES('Nr.', 'Nr.', 'Nr.');
INSERT INTO `language_lib` VALUES('Nutzer', 'Nutzer', 'User');
INSERT INTO `language_lib` VALUES('Nutzer Eintragen', 'Nutzer Eintragen', 'Add user');
INSERT INTO `language_lib` VALUES('Nutzer Hinzuf&uuml;gen', 'Nutzer Hinzuf&uuml;gen', 'Add user');
INSERT INTO `language_lib` VALUES('Nutzer Registrieren', 'Nutzer Registrieren', 'Register User');
INSERT INTO `language_lib` VALUES('oder w&auml;hlen Sie das zu bearbeitende Element hier aus', 'oder w&auml;hlen Sie das zu bearbeitende Element hier aus', ' or select the item to edit here');
INSERT INTO `language_lib` VALUES('oder w&auml;hlen Sie das zu bearbeitende Element hier aus:', 'oder w&auml;hlen Sie das zu bearbeitende Element hier aus:', ' or select the item to edit here:');
INSERT INTO `language_lib` VALUES('Online', 'Online', 'Online');
INSERT INTO `language_lib` VALUES('Operationen', 'Operationen', 'Operations');
INSERT INTO `language_lib` VALUES('Opertationen', 'Operationen', 'Operations');
INSERT INTO `language_lib` VALUES('Option', 'Option', 'Option');
INSERT INTO `language_lib` VALUES('Ort', 'Ort', 'City');
INSERT INTO `language_lib` VALUES('Passwort', 'Passwort', 'Password');
INSERT INTO `language_lib` VALUES('Passwort ändern', 'Passwort ändern', 'Change password');
INSERT INTO `language_lib` VALUES('Passwort Wiederholen', 'Passwort Wiederholen', 'Confirm password');
INSERT INTO `language_lib` VALUES('PayPal - in K&uuml;rze', 'PayPal - in K&uuml;rze', 'PayPal - comming soon');
INSERT INTO `language_lib` VALUES('PayPal - in Kürze', 'PayPal - in Kürze', 'PayPal - comming soon');
INSERT INTO `language_lib` VALUES('PayPal - in Krze', 'PayPal - in Krze', 'PayPal - comming soon');
INSERT INTO `language_lib` VALUES('Personal', 'Personal', 'Personal');
INSERT INTO `language_lib` VALUES('PLZ', 'PLZ', 'ZIP-Code');
INSERT INTO `language_lib` VALUES('PLZ / Ort', 'PLZ / Ort', 'ZIP-Code / City');
INSERT INTO `language_lib` VALUES('PLZ/Ort', 'PLZ/Ort', 'ZIP Code / City');
INSERT INTO `language_lib` VALUES('Postfächer', 'Postfächer', 'Inboxes');
INSERT INTO `language_lib` VALUES('Preis', 'Preis', 'Price');
INSERT INTO `language_lib` VALUES('Preisnachlass', 'Preisnachlass', 'Discount');
INSERT INTO `language_lib` VALUES('Preisstaffelung', 'Preisstaffelung', 'Price-graduation');
INSERT INTO `language_lib` VALUES('products', 'products', '');
INSERT INTO `language_lib` VALUES('Produkt', 'Produkt', 'Product');
INSERT INTO `language_lib` VALUES('Produkt bearbeiten', 'Produkt bearbeiten', 'Edit product');
INSERT INTO `language_lib` VALUES('Produkt Bestandteile', 'Produkt Bestandteile', 'Product components');
INSERT INTO `language_lib` VALUES('Produkt Bezahlt', 'Produkt Bezahlt', 'Product paid');
INSERT INTO `language_lib` VALUES('Produkt Fertigstellen', 'Produkt Fertigstellen', 'Finish product');
INSERT INTO `language_lib` VALUES('Produkt im Katalog aufnehmen', 'Produkt im Katalog aufnehmen', 'Add product to catalog');
INSERT INTO `language_lib` VALUES('Produkt l&ouml', 'Produkt l&ouml', '');
INSERT INTO `language_lib` VALUES('Produkt l&ouml;schen', 'Produkt l&ouml;schen', '');
INSERT INTO `language_lib` VALUES('Produkt löschen', 'Produkt löschen', 'Delete product');
INSERT INTO `language_lib` VALUES('Produkt lschen', 'Produkt lschen', '');
INSERT INTO `language_lib` VALUES('Produkt-Übersicht', 'Produkt-Übersicht', 'Product-overview');
INSERT INTO `language_lib` VALUES('Produkt-Bezeichnung', 'Produkt-Bezeichnung', 'Product-description');
INSERT INTO `language_lib` VALUES('Produkt-Name', 'Produkt-Name', 'Product-name');
INSERT INTO `language_lib` VALUES('Produkt-Nummer', 'Produkt-Nummer', 'Product-number');
INSERT INTO `language_lib` VALUES('Produkte', 'Produkte', 'Products');
INSERT INTO `language_lib` VALUES('Produkte anzeigen', 'Produkte anzeigen', '');
INSERT INTO `language_lib` VALUES('Produkte gesammt', 'Produkte gesammt', 'Products total');
INSERT INTO `language_lib` VALUES('Produkte verwalten', 'Produkte verwalten', 'Manage products');
INSERT INTO `language_lib` VALUES('Produkte;products', 'Produkte;products', '');
INSERT INTO `language_lib` VALUES('Produkte|!|products', 'Produkte|!|products', '');
INSERT INTO `language_lib` VALUES('Produktion', 'Produktion', 'Production');
INSERT INTO `language_lib` VALUES('Produktion abbrechen', 'Produktion abbrechen', 'Cancel production');
INSERT INTO `language_lib` VALUES('Produktion abschließen', 'Produktion abschließen', 'Finish production');
INSERT INTO `language_lib` VALUES('Produktion Starten', 'Produktion Starten', 'Start production');
INSERT INTO `language_lib` VALUES('Produktion zurücksetzen', 'Produktion zurücksetzen', 'Reset production');
INSERT INTO `language_lib` VALUES('Produktions-Status', 'Produktions-Status', 'Production status');
INSERT INTO `language_lib` VALUES('Produktions&uuml;bersicht', 'Produktions&uuml;bersicht', '');
INSERT INTO `language_lib` VALUES('Produktionsdaten', 'Produktionsdaten', 'Production data');
INSERT INTO `language_lib` VALUES('Produktvorschau', 'Produktvorschau', 'Product preview');
INSERT INTO `language_lib` VALUES('Produktwahl', 'Produktwahl', 'Choose Products');
INSERT INTO `language_lib` VALUES('Protokoll', 'Protokoll', 'Protocoll');
INSERT INTO `language_lib` VALUES('Prototypen', 'Prototypen', '');
INSERT INTO `language_lib` VALUES('Prozentual', 'Prozentual', 'Percentual');
INSERT INTO `language_lib` VALUES('Quader', 'Quader', 'Cublicle');
INSERT INTO `language_lib` VALUES('Rabatt Nachtragen', 'Rabatt Nachtragen', 'Add Discount');
INSERT INTO `language_lib` VALUES('Rabatte', 'Rabatte', 'Discounts');
INSERT INTO `language_lib` VALUES('Rechnung', 'Rechnung', 'Bill');
INSERT INTO `language_lib` VALUES('Rechnung ausschreiben', 'Rechnung ausschreiben', 'Send Bill');
INSERT INTO `language_lib` VALUES('Rechnung erstellen', 'Rechnung erstellen', 'Create Bill');
INSERT INTO `language_lib` VALUES('Rechnung erzeugen', 'Rechnung erzeugen', 'Generate bill');
INSERT INTO `language_lib` VALUES('Rechnung Nr', 'Rechnung Nr', 'Bill-Nr');
INSERT INTO `language_lib` VALUES('Rechnungen', 'Rechnungen', 'Bills');
INSERT INTO `language_lib` VALUES('Reduzierung', 'Reduzierung', 'Reduction');
INSERT INTO `language_lib` VALUES('Registrierte Adressen', 'Registrierte Adressen', 'Registrated adresses');
INSERT INTO `language_lib` VALUES('Restliche Nutzungen', 'Restliche Nutzungen', 'Uses left');
INSERT INTO `language_lib` VALUES('Rohteil bearbeiten', 'Rohteil bearbeiten', '');
INSERT INTO `language_lib` VALUES('Rohteil l&ouml;schen', 'Rohteil l&ouml;schen', '');
INSERT INTO `language_lib` VALUES('Rohteile', 'Rohteile', '');
INSERT INTO `language_lib` VALUES('Rohteile anzeigen', 'Rohteile anzeigen', '');
INSERT INTO `language_lib` VALUES('Rohteile;raw', 'Rohteile;raw', '');
INSERT INTO `language_lib` VALUES('Rot', 'Rot', 'red');
INSERT INTO `language_lib` VALUES('Rotation', 'Rotation', 'rotation');
INSERT INTO `language_lib` VALUES('Schriftart', 'Schriftart', 'Font type');
INSERT INTO `language_lib` VALUES('Schweiz', 'Schweiz', 'Swiss');
INSERT INTO `language_lib` VALUES('SCRUM', 'SCRUM', 'SCRUM');
INSERT INTO `language_lib` VALUES('SCRUM - Blackboard', 'SCRUM - Blackboard', 'SCRUM-Blackboard');
INSERT INTO `language_lib` VALUES('SCRUM - Einstellungen', 'SCRUM - Einstellungen', 'SCRUM-Settings');
INSERT INTO `language_lib` VALUES('SCRUM-Settings', 'SCRUM-Settings', 'SCRUM-Settings');
INSERT INTO `language_lib` VALUES('Sektion Hinzufügen', 'Sektion Hinzufügen', 'Add section');
INSERT INTO `language_lib` VALUES('Sektion löschen', 'Sektion löschen', 'Delete section');
INSERT INTO `language_lib` VALUES('Sektions-Name', 'Sektions-Name', 'Section-name');
INSERT INTO `language_lib` VALUES('Selbstabholung', 'Selbstabholung', 'Pickup');
INSERT INTO `language_lib` VALUES('Service', 'Service', 'Service');
INSERT INTO `language_lib` VALUES('Set gestalten', 'Set gestalten', 'Set-Designer');
INSERT INTO `language_lib` VALUES('Set w&auml;hlen', 'Set w&auml;hlen', 'Choose set');
INSERT INTO `language_lib` VALUES('SharePoint', 'SharePoint', 'SharePoint');
INSERT INTO `language_lib` VALUES('Sicherheit', 'Sicherheit', 'Security');
INSERT INTO `language_lib` VALUES('Sie werden informiert sobald Ihre Zahlung eingegangen ist.', 'Sie werden informiert sobald Ihre Zahlung eingegangen ist.', ' You will be informed as soon as your payment has been received.');
INSERT INTO `language_lib` VALUES('Sie werden rechtzeitig über den Auslieferungstermin per E-Mail benachrichtigt.', 'Sie werden rechtzeitig über den Auslieferungstermin per E-Mail benachrichtigt.', ' You will be notified in time about the delivery date by e-mail.');
INSERT INTO `language_lib` VALUES('Social Media', 'Social Media', '');
INSERT INTO `language_lib` VALUES('Sonstiges', 'Sonstiges', 'Other');
INSERT INTO `language_lib` VALUES('Special Erstellen', 'Special Erstellen', 'Create Special');
INSERT INTO `language_lib` VALUES('Special Hinzufügen', 'Special Hinzufügen', 'Add Special');
INSERT INTO `language_lib` VALUES('Special-Name', 'Special-Name', 'Special-name');
INSERT INTO `language_lib` VALUES('Specials', 'Specials', '');
INSERT INTO `language_lib` VALUES('St&uuml;ckpreis', 'St&uuml;ckpreis', 'Price per piece');
INSERT INTO `language_lib` VALUES('St&uuml;ckzahlen', 'St&uuml;ckzahlen', 'Number of pieces');
INSERT INTO `language_lib` VALUES('Stück', 'Stück', 'Pieces');
INSERT INTO `language_lib` VALUES('Stückbegrenzung', 'Stückbegrenzung', 'Limit of pieces');
INSERT INTO `language_lib` VALUES('Stückpreis', 'Stückpreis', 'Price per piece');
INSERT INTO `language_lib` VALUES('Stückzahl', 'Stückzahl', 'Number of pieces');
INSERT INTO `language_lib` VALUES('Staffelung', 'Staffelung', 'Graduation');
INSERT INTO `language_lib` VALUES('Staffelung Bearbeiten', 'Staffelung Bearbeiten', 'Edit graduation');
INSERT INTO `language_lib` VALUES('Stahl', 'Stahl', 'Steel');
INSERT INTO `language_lib` VALUES('Standart-Set', 'Standart-Set', 'Default-Set');
INSERT INTO `language_lib` VALUES('Standartsprache f&uuml;r Designer', 'Standartsprache f&uuml;r Designer', 'Default language for Designer');
INSERT INTO `language_lib` VALUES('Standartsprache f&uuml;r ERP', 'Standartsprache f&uuml;r ERP', 'Default language for ERP');
INSERT INTO `language_lib` VALUES('Startdatum', 'Startdatum', 'Start date');
INSERT INTO `language_lib` VALUES('Statistik', 'Statistik', 'Statistics');
INSERT INTO `language_lib` VALUES('Status', 'Status', 'Status');
INSERT INTO `language_lib` VALUES('Stift einzel', 'Stift einzel', 'Pen single');
INSERT INTO `language_lib` VALUES('Stift: Logo', 'Stift: Logo', 'Pen: Logo');
INSERT INTO `language_lib` VALUES('Stift: Text', 'Stift: Text', 'Pen: Text');
INSERT INTO `language_lib` VALUES('Stifte gestalten', 'Stifte gestalten', 'Pen-Designer');
INSERT INTO `language_lib` VALUES('Stk', 'Stk', 'Pcs');
INSERT INTO `language_lib` VALUES('Story-Points', 'Story-Points', 'Storypoints');
INSERT INTO `language_lib` VALUES('Storypoints &auml;ndern', 'Storypoints &auml;ndern', 'Change Storypoints');
INSERT INTO `language_lib` VALUES('Storypoints Aktualisieren', 'Storypoints Aktualisieren', 'Update Storypoints');
INSERT INTO `language_lib` VALUES('Stra&szlig;e', 'Stra&szlig;e', 'Street');
INSERT INTO `language_lib` VALUES('Stra&szlig;e / Hausnummer', 'Stra&szlig;e / Hausnummer', 'Street / Nr.');
INSERT INTO `language_lib` VALUES('Straße', 'Straße', 'Street');
INSERT INTO `language_lib` VALUES('Straße / Hausnummer', 'Straße / Hausnummer', 'Street / Nr.');
INSERT INTO `language_lib` VALUES('Straße/Nr', 'Straße/Nr', 'Street Nr');
INSERT INTO `language_lib` VALUES('Suchen', 'Suchen', 'Search');
INSERT INTO `language_lib` VALUES('System', 'System', 'System');
INSERT INTO `language_lib` VALUES('Task beanspruchen', 'Task beanspruchen', 'Claim Task');
INSERT INTO `language_lib` VALUES('Task hinzuf&uuml;gen', 'Task hinzuf&uuml;gen', 'Add Task');
INSERT INTO `language_lib` VALUES('Text', 'Text', 'Text');
INSERT INTO `language_lib` VALUES('Text 1', 'Text 1', 'Text 1');
INSERT INTO `language_lib` VALUES('Text 2', 'Text 2', 'Text 2');
INSERT INTO `language_lib` VALUES('Text-Element', 'Text-Element', 'Text element');
INSERT INTO `language_lib` VALUES('Text-Elemente', 'Text-Elemente', 'Text elements');
INSERT INTO `language_lib` VALUES('Textausrichtung', 'Textausrichtung', 'Text alignment');
INSERT INTO `language_lib` VALUES('Textgr&ouml;&szlig;e', 'Textgr&ouml;&szlig;e', 'Font size');
INSERT INTO `language_lib` VALUES('Textgr&ouml&szlig;e', 'Textgr&ouml&szlig;e', 'Font size');
INSERT INTO `language_lib` VALUES('Textgröße', 'Textgröße', 'Font size');
INSERT INTO `language_lib` VALUES('Titel', 'Titel', 'Title');
INSERT INTO `language_lib` VALUES('To be validated', 'To be validated', 'To be validated');
INSERT INTO `language_lib` VALUES('berweisung', 'berweisung', 'Transfer');
INSERT INTO `language_lib` VALUES('Unbegonnen', 'Unbegonnen', 'Unstarted');
INSERT INTO `language_lib` VALUES('Unbegonnene', 'Unbegonnene', 'Unstarted');
INSERT INTO `language_lib` VALUES('Unlimitierte Verwendungen', 'Unlimitierte Verwendungen', 'Unlimited uses');
INSERT INTO `language_lib` VALUES('Unstarted', 'Unstarted', 'Unstarted');
INSERT INTO `language_lib` VALUES('Unwiderruflich Löschen', 'Unwiderruflich Löschen', 'Delete');
INSERT INTO `language_lib` VALUES('Update', 'Update', 'Update');
INSERT INTO `language_lib` VALUES('Verkauf', 'Verkauf', 'Sale');
INSERT INTO `language_lib` VALUES('Verkaufsbereit', 'Verkaufsbereit', 'Ready for selling');
INSERT INTO `language_lib` VALUES('Verkauft', 'Verkauft', 'Sold');
INSERT INTO `language_lib` VALUES('Verkaufte Artikel', 'Verkaufte Artikel', 'Sold Pieces');
INSERT INTO `language_lib` VALUES('Versand', 'Versand', 'Shipping');
INSERT INTO `language_lib` VALUES('Versand anrechnen', 'Versand anrechnen', 'Add Shipping Costs');
INSERT INTO `language_lib` VALUES('Versand verwalten', 'Versand verwalten', 'Manage Shipping');
INSERT INTO `language_lib` VALUES('Versandart', 'Versandart', 'Delivery');
INSERT INTO `language_lib` VALUES('Versandart löschen', 'Versandart löschen', 'Delete Shippment Type');
INSERT INTO `language_lib` VALUES('Versandarten', 'Versandarten', 'Shippment Types');
INSERT INTO `language_lib` VALUES('Versandkosten Standart', 'Versandkosten Standart', 'Shipping costs standard');
INSERT INTO `language_lib` VALUES('Versandstyp hinzufügen', 'Versandstyp hinzufügen', 'Add Shippment-Type');
INSERT INTO `language_lib` VALUES('Versandstyp L&ouml;schen', 'Versandstyp L&ouml;schen', 'Delete Shippment-Type');
INSERT INTO `language_lib` VALUES('Vertritt Abteilung', 'Vertritt Abteilung', 'Represents');
INSERT INTO `language_lib` VALUES('Verwaltung', 'Verwaltung', 'Management');
INSERT INTO `language_lib` VALUES('Verwendungszweck', 'Verwendungszweck', 'Usage');
INSERT INTO `language_lib` VALUES('Vielen Dank f&uuml;r ihre Bestellung!', 'Vielen Dank f&uuml;r ihre Bestellung!', 'Thank you for your order!');
INSERT INTO `language_lib` VALUES('Vielen Dank für ihre Bestellung!', 'Vielen Dank für ihre Bestellung!', 'Thank you for your order!');
INSERT INTO `language_lib` VALUES('Von', 'Von', 'From');
INSERT INTO `language_lib` VALUES('von-bis', 'von-bis', 'from-to');
INSERT INTO `language_lib` VALUES('Vorhandene Ware aus Sortiment entfernen', 'Vorhandene Ware aus Sortiment entfernen', 'Remove items from warehouse');
INSERT INTO `language_lib` VALUES('Vorhandene Ware L&ouml;schen', 'Vorhandene Ware L&ouml;schen', 'Delete existing item');
INSERT INTO `language_lib` VALUES('Vorhandenes Produkt L&ouml;schen', 'Vorhandenes Produkt L&ouml;schen', 'Delete existing product');
INSERT INTO `language_lib` VALUES('Vorheriger Schritt', 'Vorheriger Schritt', 'Previous step');
INSERT INTO `language_lib` VALUES('Vorname', 'Vorname', 'First Name');
INSERT INTO `language_lib` VALUES('Vorschl&auml;ge/Anforderungen', 'Vorschl&auml;ge/Anforderungen', '');
INSERT INTO `language_lib` VALUES('Vorschläge / Anforderungen', 'Vorschläge / Anforderungen', 'Requests');
INSERT INTO `language_lib` VALUES('W&auml;hlen Sie den gew&uuml;nschten Artikel aus', 'W&auml;hlen Sie den gew&uuml;nschten Artikel aus', 'Select your desired article');
INSERT INTO `language_lib` VALUES('W&auml;hlen Sie die Stifte aus die in ihrem WEPEN-Etui enthalten sein sollten', 'W&auml;hlen Sie die Stifte aus die in ihrem WEPEN-Etui enthalten sein sollten', ' Select the pens that should be included in your WEPEN case');
INSERT INTO `language_lib` VALUES('W&auml;hlen Sie ein Objekt aus um seine Eigenschaften zu &auml;ndern', 'W&auml;hlen Sie ein Objekt aus um seine Eigenschaften zu &auml;ndern', 'Select an object to change its properties');
INSERT INTO `language_lib` VALUES('Würfel', 'Würfel', 'Cube');
INSERT INTO `language_lib` VALUES('Ware zum Angebot Hinzufügen', 'Ware zum Angebot Hinzufügen', 'Add item to offer');
INSERT INTO `language_lib` VALUES('Waren nachtragen', 'Waren nachtragen', 'Add Item');
INSERT INTO `language_lib` VALUES('Warenaufteilung', 'Warenaufteilung', 'Item division');
INSERT INTO `language_lib` VALUES('Warenstruktur', 'Warenstruktur', 'Warestructure');
INSERT INTO `language_lib` VALUES('Warenstruktur (Strukturbaum)', 'Warenstruktur (Strukturbaum)', 'Warestructure (Tree)');
INSERT INTO `language_lib` VALUES('Websites', 'Websites', 'Websites');
INSERT INTO `language_lib` VALUES('Weitere Bestellung aufgeben', 'Weitere Bestellung aufgeben', 'Place another order');
INSERT INTO `language_lib` VALUES('WEPEN-Etui', 'WEPEN-Etui', 'WEPEN-Case');
INSERT INTO `language_lib` VALUES('WEPEN-Set', 'WEPEN-Set', 'WEPEN-Set');
INSERT INTO `language_lib` VALUES('WEPEN-Set Gutschein kaufen', 'WEPEN-Set Gutschein kaufen', 'Buy WEPEN-Vouchers');
INSERT INTO `language_lib` VALUES('WEPEN-Stifte', 'WEPEN-Stifte', 'WEPEN-Pens');
INSERT INTO `language_lib` VALUES('Werbung', 'Werbung', '');
INSERT INTO `language_lib` VALUES('Wilkommen zur&uuml;ck', 'Wilkommen zur&uuml;ck', 'Welcome back');
INSERT INTO `language_lib` VALUES('Zahlung', 'Zahlung', 'Payment');
INSERT INTO `language_lib` VALUES('Zahlung ausstehend', 'Zahlung ausstehend', 'Payment pending');
INSERT INTO `language_lib` VALUES('Zahlung bei Übergabe', 'Zahlung bei Übergabe', 'Payment on delivery');
INSERT INTO `language_lib` VALUES('Zahlung bei bergabe', 'Zahlung bei bergabe', '');
INSERT INTO `language_lib` VALUES('Zahlung eingefangen', 'Zahlung eingefangen', '');
INSERT INTO `language_lib` VALUES('Zahlung eingegangen', 'Zahlung eingegangen', 'Payment Recieved');
INSERT INTO `language_lib` VALUES('Zahlungs-Status', 'Zahlungs-Status', 'Payment Status');
INSERT INTO `language_lib` VALUES('Zahlungs-Status ändern', 'Zahlungs-Status ändern', 'Change Payment Status');
INSERT INTO `language_lib` VALUES('Zahlungsmethode', 'Zahlungsmethode', 'Payment method');
INSERT INTO `language_lib` VALUES('Zahlungsstatus ändern', 'Zahlungsstatus ändern', 'Change Payment Status');
INSERT INTO `language_lib` VALUES('Zeit gearbeitet', 'Zeit gearbeitet', 'Time worked');
INSERT INTO `language_lib` VALUES('Zeit Nachtragen', 'Zeit Nachtragen', 'Add Timestamp');
INSERT INTO `language_lib` VALUES('Zeiterfassung', 'Zeiterfassung', 'Timestamp');
INSERT INTO `language_lib` VALUES('Zeitkorrektur', 'Zeitkorrektur', 'Timecorrection');
INSERT INTO `language_lib` VALUES('Zeitraum', 'Zeitraum', 'Timespan');
INSERT INTO `language_lib` VALUES('Zentimeter', 'Zentimeter', 'Centimeters');
INSERT INTO `language_lib` VALUES('Zu deinem E-Mail Postfach', 'Zu deinem E-Mail Postfach', 'To your Inbox');
INSERT INTO `language_lib` VALUES('zu je', 'zu je', 'for');
INSERT INTO `language_lib` VALUES('Zuletzt gegangen am', 'Zuletzt gegangen am', 'Last left on');
INSERT INTO `language_lib` VALUES('Zum Designer Wechseln', 'Zum Designer Wechseln', 'Switch to Designer');
INSERT INTO `language_lib` VALUES('Zur zahlung', 'Zur zahlung', 'Continue to payment');
INSERT INTO `language_lib` VALUES('Zur&uuml;ck zur WEPEN-Homepage', 'Zur&uuml;ck zur WEPEN-Homepage', ' Back to the WEPEN homepage');
INSERT INTO `language_lib` VALUES('Zurück zur WEPEN-Homepage', 'Zurück zur WEPEN-Homepage', ' Back to the WEPEN homepage');
INSERT INTO `language_lib` VALUES('Zurücksetzen', 'Zurücksetzen', 'Reset');
INSERT INTO `language_lib` VALUES('Zusammenstellung', 'Zusammenstellung', 'Compilation');
INSERT INTO `language_lib` VALUES('Zuständig', 'Zuständig', 'Responsible');
INSERT INTO `language_lib` VALUES('Zuweisung Hinzufügen', 'Zuweisung Hinzufügen', 'Add Assigment');
INSERT INTO `language_lib` VALUES('Zylinder', 'Zylinder', 'Cylinder');
CREATE TABLE `order_contains` (  `id` varchar(13) COLLATE utf8_unicode_ci NOT NULL,  `order_number` varchar(20) COLLATE utf8_unicode_ci NOT NULL,  `product_number` varchar(20) COLLATE utf8_unicode_ci NOT NULL,  `quantity` int(5) NOT NULL,  `attributes` text COLLATE utf8_unicode_ci NOT NULL,  PRIMARY KEY (`id`)) ENGINE=InnoDB DEFAULT CHARSET=utf8 COLLATE=utf8_unicode_ci;
INSERT INTO `order_contains` VALUES('5b01847945bd1', 'HLOD-180520-0162', 'HLFP-MG20', '1', '');
INSERT INTO `order_contains` VALUES('5b01be8ec86f5', 'HLOD-180520-0164', 'HLFP-HT20', '3', 'Att1##Attribute1Test;Attr2##Attribute2Test;Attr3##Attribute3Test');
INSERT INTO `order_contains` VALUES('5b01f598da345', 'HLOD-180521-0167', 'HLFP-MG20', '4', '');
INSERT INTO `order_contains` VALUES('5b01f5a287421', 'HLOD-180521-0167', 'HLFP-HT20', '2', 'Att1##Banana;Attr2##RedShiniyApple;Attr3##Now my Fucking Job');
INSERT INTO `order_contains` VALUES('5b01f5ae780b3', 'HLOD-180521-0167', 'HLFP-ST20', '6', '');
INSERT INTO `order_contains` VALUES('5b0299b6d0123', 'HLOD-180521-0168', 'HLFP-HT10', '1', 'Farbe##;Größe##;Flyheit##');
INSERT INTO `order_contains` VALUES('5b195dfb1d8b6', 'HLOD-180607-0170', 'HLFP-SL20', '1', '');
INSERT INTO `order_contains` VALUES('5b1c018a49ebb', 'HLOD-180609-0171', 'HLFP-HT20', '1', 'Att1##;Attr2##;Attr3##');
INSERT INTO `order_contains` VALUES('5b1c59fdbd7f1', 'HLOD-180610-0172', 'HLFP-SS20', '1', '');
INSERT INTO `order_contains` VALUES('5b1d388d883a1', 'HLOD-180610-0173', 'HLFP-HT10', '2', 'Farbe##Banana;Größe##RedShiniyApple;Flyheit##Now my Fucking Job');
CREATE TABLE `orders` (  `order_number` varchar(20) COLLATE utf8_unicode_ci NOT NULL,  `confirmed` tinyint(1) NOT NULL,  `locked` tinyint(1) NOT NULL,  `status` varchar(20) COLLATE utf8_unicode_ci NOT NULL,  `order_date` datetime NOT NULL,  `purchase_date` datetime NOT NULL,  `bill_date` datetime NOT NULL,  `shipping_date` datetime NOT NULL,  `reception_date` datetime NOT NULL,  `order_confirmation_status` varchar(20) COLLATE utf8_unicode_ci NOT NULL,  `bill_status` varchar(15) COLLATE utf8_unicode_ci NOT NULL,  `payment_type` varchar(100) COLLATE utf8_unicode_ci NOT NULL,  `payment_status` varchar(100) COLLATE utf8_unicode_ci NOT NULL,  `shipping` varchar(100) COLLATE utf8_unicode_ci NOT NULL,  `coupon_code` varchar(150) COLLATE utf8_unicode_ci NOT NULL,  `hidden` tinyint(1) NOT NULL,  `delete_date` datetime NOT NULL,  PRIMARY KEY (`order_number`)) ENGINE=InnoDB DEFAULT CHARSET=utf8 COLLATE=utf8_unicode_ci;
INSERT INTO `orders` VALUES('HLOD-180520-0162', '1', '0', 'new', '2018-05-20 16:21:45', '0000-00-00 00:00:00', '0000-00-00 00:00:00', '0000-00-00 00:00:00', '0000-00-00 00:00:00', '', 'pending', '', 'pending', '', '', '0', '0000-00-00 00:00:00');
INSERT INTO `orders` VALUES('HLOD-180520-0164', '1', '0', 'new', '2018-05-20 20:29:34', '0000-00-00 00:00:00', '0000-00-00 00:00:00', '0000-00-00 00:00:00', '0000-00-00 00:00:00', '', 'pending', 'cashOnDelivery', 'paid', '', '', '0', '0000-00-00 00:00:00');
INSERT INTO `orders` VALUES('HLOD-180521-0167', '1', '0', 'production', '2018-05-21 00:24:24', '0000-00-00 00:00:00', '0000-00-00 00:00:00', '0000-00-00 00:00:00', '0000-00-00 00:00:00', '', 'pending', 'directDebit', 'paid', '', '', '0', '0000-00-00 00:00:00');
INSERT INTO `orders` VALUES('HLOD-180521-0168', '1', '0', 'production', '2018-05-21 12:04:38', '0000-00-00 00:00:00', '0000-00-00 00:00:00', '0000-00-00 00:00:00', '0000-00-00 00:00:00', 'sent', 'pending', 'directDebit', 'paid', '', '', '0', '0000-00-00 00:00:00');
INSERT INTO `orders` VALUES('HLOD-180607-0170', '1', '0', 'sold', '2018-06-07 18:31:55', '0000-00-00 00:00:00', '0000-00-00 00:00:00', '0000-00-00 00:00:00', '0000-00-00 00:00:00', 'sent', 'pending', 'cahs', 'paid', '', '', '0', '0000-00-00 00:00:00');
INSERT INTO `orders` VALUES('HLOD-180609-0171', '1', '0', 'sold', '2018-06-09 18:34:18', '0000-00-00 00:00:00', '0000-00-00 00:00:00', '0000-00-00 00:00:00', '0000-00-00 00:00:00', 'sent', 'pending', 'directDebit', 'pending', '', '', '0', '0000-00-00 00:00:00');
INSERT INTO `orders` VALUES('HLOD-180610-0172', '1', '0', 'production', '2018-06-10 00:51:41', '0000-00-00 00:00:00', '0000-00-00 00:00:00', '0000-00-00 00:00:00', '0000-00-00 00:00:00', 'sent', 'pending', 'cashOnDelivery', 'pending', '', '', '0', '0000-00-00 00:00:00');
INSERT INTO `orders` VALUES('HLOD-180610-0173', '0', '0', 'new', '2018-06-10 16:41:17', '0000-00-00 00:00:00', '0000-00-00 00:00:00', '0000-00-00 00:00:00', '0000-00-00 00:00:00', '', 'pending', '', '', '', '', '0', '0000-00-00 00:00:00');
CREATE TABLE `product_contains` (  `id` varchar(13) COLLATE utf8_unicode_ci NOT NULL,  `parent` varchar(50) COLLATE utf8_unicode_ci NOT NULL,  `child` varchar(50) COLLATE utf8_unicode_ci NOT NULL,  `quantity` float NOT NULL,  PRIMARY KEY (`id`)) ENGINE=InnoDB DEFAULT CHARSET=utf8 COLLATE=utf8_unicode_ci;
INSERT INTO `product_contains` VALUES('5ac2a43758490', 'HLSP-MC32', 'HLRW-1508', '1');
INSERT INTO `product_contains` VALUES('5ac2a4375b293', 'HLSP-MC32', 'HLRW-1514', '1');
INSERT INTO `product_contains` VALUES('5ac2a4375e0b2', 'HLSP-MC32', 'HLRW-2503', '2');
INSERT INTO `product_contains` VALUES('5ac2a43760f2a', 'HLSP-MC32', 'HLRW-2510', '2');
INSERT INTO `product_contains` VALUES('5ac2a43763bb3', 'HLSP-MC32', 'HLRW-3222', '2');
INSERT INTO `product_contains` VALUES('5ac2a437667cc', 'HLSP-MC32', 'HLRW-3368', '5');
INSERT INTO `product_contains` VALUES('5ac2a437694ba', 'HLSP-MC32', 'HLRW-4025', '5');
INSERT INTO `product_contains` VALUES('5ac2a4376c1a9', 'HLSP-MC32', 'HLRW-8104', '1');
INSERT INTO `product_contains` VALUES('5ac2a4376edce', 'HLSP-MC32', 'HLRW-8213', '1');
INSERT INTO `product_contains` VALUES('5ac2a43771b70', 'HLSP-MC32', 'HLRW-9132', '1');
INSERT INTO `product_contains` VALUES('5ac2a43772267', 'HLSP-MC32', 'HLRW-9236', '1');
INSERT INTO `product_contains` VALUES('5ac2a4377295e', 'HLSP-MC32', 'HLRW-9320', '1');
INSERT INTO `product_contains` VALUES('5ac2a437756d4', 'HLSP-MC32', 'HLRW-9323', '1');
INSERT INTO `product_contains` VALUES('5ac2a43778596', 'HLSP-MC32', 'HLRW-9328', '1');
INSERT INTO `product_contains` VALUES('5ac2a4377b904', 'HLSP-MC32', 'HLSU-1010', '1');
INSERT INTO `product_contains` VALUES('5ac2a4a4ecc86', 'HLSP-SC42', 'HLRW-1514', '1');
INSERT INTO `product_contains` VALUES('5ac2a4a4efb1e', 'HLSP-SC42', 'HLRW-2503', '5');
INSERT INTO `product_contains` VALUES('5ac2a4a4f021a', 'HLSP-SC42', 'HLRW-2510', '3');
INSERT INTO `product_contains` VALUES('5ac2a4a4f09f0', 'HLSP-SC42', 'HLRW-3220', '6');
INSERT INTO `product_contains` VALUES('5ac2a4a4f395e', 'HLSP-SC42', 'HLRW-3222', '5');
INSERT INTO `product_contains` VALUES('5ac2a4a502633', 'HLSP-SC42', 'HLRW-3368', '8');
INSERT INTO `product_contains` VALUES('5ac2a4a505575', 'HLSP-SC42', 'HLRW-4025', '8');
INSERT INTO `product_contains` VALUES('5ac2a4a5081e9', 'HLSP-SC42', 'HLRW-5123', '6');
INSERT INTO `product_contains` VALUES('5ac2a4a50b070', 'HLSP-SC42', 'HLRW-8104', '1');
INSERT INTO `product_contains` VALUES('5ac2a4a50b6ed', 'HLSP-SC42', 'HLRW-9328', '1');
INSERT INTO `product_contains` VALUES('5ac2a4a50e3cb', 'HLSP-SC42', 'HLRW-9403', '1');
INSERT INTO `product_contains` VALUES('5ac2a4a513cce', 'HLSP-SC42', 'HLSU-1010', '1');
INSERT INTO `product_contains` VALUES('5ac2a5a2d4247', 'HLSP-PB10', 'HLRW-7140', '4');
INSERT INTO `product_contains` VALUES('5ac2a5a2d6fec', 'HLSP-PB10', 'HLRW-9259', '1');
INSERT INTO `product_contains` VALUES('5ac2a5a2d9c22', 'HLSP-PB10', 'HLRW-9812', '1');
INSERT INTO `product_contains` VALUES('5ac2a5a2dcc61', 'HLSP-PB10', 'HLSU-1010', '1');
INSERT INTO `product_contains` VALUES('5ac3819a21de6', 'HLSP-AF10', 'HLRW-1518', '2');
INSERT INTO `product_contains` VALUES('5ac3819a24a72', 'HLSP-AF10', 'HLRW-2110', '2');
INSERT INTO `product_contains` VALUES('5ac3819a25130', 'HLSP-AF10', 'HLRW-3212', '2');
INSERT INTO `product_contains` VALUES('5ac3819a25557', 'HLSP-AF10', 'HLRW-3238', '2');
INSERT INTO `product_contains` VALUES('5ac3819a28162', 'HLSP-AF10', 'HLRW-3710', '1');
INSERT INTO `product_contains` VALUES('5ac3819a2883c', 'HLSP-AF10', 'HLRW-3810', '3');
INSERT INTO `product_contains` VALUES('5ac3819a2b4f6', 'HLSP-AF10', 'HLRW-6222', '2');
INSERT INTO `product_contains` VALUES('5ac3819a2ba8e', 'HLSP-AF10', 'HLRW-8339', '2');
INSERT INTO `product_contains` VALUES('5ac3819a2e97d', 'HLSP-AF10', 'HLSU-1010', '1');
INSERT INTO `product_contains` VALUES('5ac3ace5ed865', 'HLSP-FP10', 'HLRW-2510', '2');
INSERT INTO `product_contains` VALUES('5ac3ace5ede1a', 'HLSP-FP10', 'HLRW-3810', '1');
INSERT INTO `product_contains` VALUES('5ac3ace5ee31f', 'HLSP-FP10', 'HLRW-9122', '5');
INSERT INTO `product_contains` VALUES('5ac3ace5ee723', 'HLSP-FP10', 'HLRW-9146', '1');
INSERT INTO `product_contains` VALUES('5ac3ace5f11f8', 'HLSP-FP10', 'HLRW-9602', '1');
INSERT INTO `product_contains` VALUES('5ac3ace600303', 'HLSP-FP10', 'HLSU-1010', '1');
INSERT INTO `product_contains` VALUES('5ac3ae2d4302a', 'HLSP-RC10', 'HLSU-1010', '1');
INSERT INTO `product_contains` VALUES('5ac3b1b570bad', 'HLSP-MI10', 'HLRW-2503', '2');
INSERT INTO `product_contains` VALUES('5ac3b1b573b52', 'HLSP-MI10', 'HLRW-3220', '6');
INSERT INTO `product_contains` VALUES('5ac3b1b57673d', 'HLSP-MI10', 'HLRW-3222', '2');
INSERT INTO `product_contains` VALUES('5ac3b1b579518', 'HLSP-MI10', 'HLRW-3510', '5');
INSERT INTO `product_contains` VALUES('5ac3b1b57c3f0', 'HLSP-MI10', 'HLRW-5123', '6');
INSERT INTO `product_contains` VALUES('5ac3b1b57cc30', 'HLSP-MI10', 'HLRW-7140', '4');
INSERT INTO `product_contains` VALUES('5ac3b1b57d230', 'HLSP-MI10', 'HLRW-9328', '1');
INSERT INTO `product_contains` VALUES('5ac3b1b57fea8', 'HLSP-MI10', 'HLRW-9812', '1');
INSERT INTO `product_contains` VALUES('5ac3b1b5856f7', 'HLSP-MI10', 'HLSU-1010', '1');
INSERT INTO `product_contains` VALUES('5ac3b1fa5a765', 'HLFP-MC10', 'HLSP-MI10', '1');
INSERT INTO `product_contains` VALUES('5ac3b1fa60536', 'HLFP-MC10', 'HLRW-9912', '1');
INSERT INTO `product_contains` VALUES('5ac3b2c845697', 'HLFP-SS10', 'HLSP-AF10', '1');
INSERT INTO `product_contains` VALUES('5ac3b2c848610', 'HLFP-SS10', 'HLSP-FP10', '1');
INSERT INTO `product_contains` VALUES('5ac3b2c84b4e8', 'HLFP-SS10', 'HLSP-MC32', '1');
INSERT INTO `product_contains` VALUES('5ac3b2c84ba5f', 'HLFP-SS10', 'HLSP-PB10', '1');
INSERT INTO `product_contains` VALUES('5ac3b2c84e66d', 'HLFP-SS10', 'HLSP-SC42', '2');
INSERT INTO `product_contains` VALUES('5ac3b2c8511df', 'HLFP-SS10', 'HLSP-AC10', '1');
INSERT INTO `product_contains` VALUES('5ac3b2c856ca6', 'HLFP-SS10', 'HLRW-9912', '1');
INSERT INTO `product_contains` VALUES('5ac3b2e4bee31', 'HLFP-ST10', 'HLSP-FP10', '1');
INSERT INTO `product_contains` VALUES('5ac3b2e4c1dc9', 'HLFP-ST10', 'HLSP-MC32', '1');
INSERT INTO `product_contains` VALUES('5ac3b2e4c4a3b', 'HLFP-ST10', 'HLSP-PB10', '1');
INSERT INTO `product_contains` VALUES('5ac3b2e4c7706', 'HLFP-ST10', 'HLSP-SC42', '2');
INSERT INTO `product_contains` VALUES('5ac3b2e4cd4e8', 'HLFP-ST10', 'HLRW-9912', '1');
INSERT INTO `product_contains` VALUES('5af482fab80a4', 'HLSP-SC51', 'HLRW-1617', '1');
INSERT INTO `product_contains` VALUES('5af482fab86fd', 'HLSP-SC51', 'HLRW-2510', '3');
INSERT INTO `product_contains` VALUES('5af482fab8ca1', 'HLSP-SC51', 'HLRW-3602', '2');
INSERT INTO `product_contains` VALUES('5af482fab9270', 'HLSP-SC51', 'HLRW-3668', '2');
INSERT INTO `product_contains` VALUES('5af482fab982f', 'HLSP-SC51', 'HLRW-4025', '8');
INSERT INTO `product_contains` VALUES('5af482fabc3be', 'HLSP-SC51', 'HLRW-5123', '6');
INSERT INTO `product_contains` VALUES('5af482fabee84', 'HLSP-SC51', 'HLRW-9328', '1');
INSERT INTO `product_contains` VALUES('5af482fac1949', 'HLSP-SC51', 'HLRW-9413', '1');
INSERT INTO `product_contains` VALUES('5af482fac72ca', 'HLSP-SC51', 'HLSU-1010', '1');
INSERT INTO `product_contains` VALUES('5af4836229fe7', 'HLSP-AC10', 'HLRW-1315', '2');
INSERT INTO `product_contains` VALUES('5af483622cf11', 'HLSP-AC10', 'HLRW-1514', '2');
INSERT INTO `product_contains` VALUES('5af483622f985', 'HLSP-AC10', 'HLRW-2503', '4');
INSERT INTO `product_contains` VALUES('5af483623247d', 'HLSP-AC10', 'HLRW-2510', '3');
INSERT INTO `product_contains` VALUES('5af4836235065', 'HLSP-AC10', 'HLRW-3210', '2');
INSERT INTO `product_contains` VALUES('5af4836237b39', 'HLSP-AC10', 'HLRW-3222', '4');
INSERT INTO `product_contains` VALUES('5af483623a5a7', 'HLSP-AC10', 'HLRW-3291', '2');
INSERT INTO `product_contains` VALUES('5af483623ab4e', 'HLSP-AC10', 'HLRW-3310', '2');
INSERT INTO `product_contains` VALUES('5af483623d432', 'HLSP-AC10', 'HLRW-3368', '6');
INSERT INTO `product_contains` VALUES('5af483623ff85', 'HLSP-AC10', 'HLRW-4025', '6');
INSERT INTO `product_contains` VALUES('5af4836242a5f', 'HLSP-AC10', 'HLRW-6105', '2');
INSERT INTO `product_contains` VALUES('5af483624572a', 'HLSP-AC10', 'HLRW-7158', '3');
INSERT INTO `product_contains` VALUES('5af483624855b', 'HLSP-AC10', 'HLRW-8104', '1');
INSERT INTO `product_contains` VALUES('5af483624b29b', 'HLSP-AC10', 'HLRW-8332', '1');
INSERT INTO `product_contains` VALUES('5af483624dee2', 'HLSP-AC10', 'HLRW-9328', '1');
INSERT INTO `product_contains` VALUES('5af4836251098', 'HLSP-AC10', 'HLSU-1010', '1');
INSERT INTO `product_contains` VALUES('5af483d63dfec', 'HLSP-AC21', 'HLRW-1514', '1');
INSERT INTO `product_contains` VALUES('5af483d640bfb', 'HLSP-AC21', 'HLRW-1617', '1');
INSERT INTO `product_contains` VALUES('5af483d643763', 'HLSP-AC21', 'HLRW-2503', '4');
INSERT INTO `product_contains` VALUES('5af483d64635e', 'HLSP-AC21', 'HLRW-2510', '1');
INSERT INTO `product_contains` VALUES('5af483d646aa6', 'HLSP-AC21', 'HLRW-3210', '2');
INSERT INTO `product_contains` VALUES('5af483d647217', 'HLSP-AC21', 'HLRW-3368', '2');
INSERT INTO `product_contains` VALUES('5af483d649d9b', 'HLSP-AC21', 'HLRW-3602', '1');
INSERT INTO `product_contains` VALUES('5af483d64c774', 'HLSP-AC21', 'HLRW-3610', '1');
INSERT INTO `product_contains` VALUES('5af483d64f3fc', 'HLSP-AC21', 'HLRW-4025', '2');
INSERT INTO `product_contains` VALUES('5af483d64fa7e', 'HLSP-AC21', 'HLRW-6105', '2');
INSERT INTO `product_contains` VALUES('5af483d652708', 'HLSP-AC21', 'HLRW-8332', '1');
INSERT INTO `product_contains` VALUES('5af483d652d7c', 'HLSP-AC21', 'HLRW-9328', '1');
INSERT INTO `product_contains` VALUES('5af483d655dd3', 'HLSP-AC21', 'HLSU-1010', '1');
INSERT INTO `product_contains` VALUES('5af48469cf690', 'HLSP-MC41', 'HLRW-1326', '3');
INSERT INTO `product_contains` VALUES('5af48469d211d', 'HLSP-MC41', 'HLRW-1508', '1');
INSERT INTO `product_contains` VALUES('5af48469d27b3', 'HLSP-MC41', 'HLRW-1514', '1');
INSERT INTO `product_contains` VALUES('5af48469d54f4', 'HLSP-MC41', 'HLRW-1617', '1');
INSERT INTO `product_contains` VALUES('5af48469d7fd9', 'HLSP-MC41', 'HLRW-2502', '2');
INSERT INTO `product_contains` VALUES('5af48469da984', 'HLSP-MC41', 'HLRW-2510', '1');
INSERT INTO `product_contains` VALUES('5af48469dd4d6', 'HLSP-MC41', 'HLRW-3220', '1');
INSERT INTO `product_contains` VALUES('5af48469e0019', 'HLSP-MC41', 'HLRW-3222', '2');
INSERT INTO `product_contains` VALUES('5af48469e2c05', 'HLSP-MC41', 'HLRW-3368', '2');
INSERT INTO `product_contains` VALUES('5af48469e5640', 'HLSP-MC41', 'HLRW-4025', '2');
INSERT INTO `product_contains` VALUES('5af48469e82e9', 'HLSP-MC41', 'HLRW-5123', '1');
INSERT INTO `product_contains` VALUES('5af48469eae18', 'HLSP-MC41', 'HLRW-8104', '1');
INSERT INTO `product_contains` VALUES('5af48469eb356', 'HLSP-MC41', 'HLRW-8213', '1');
INSERT INTO `product_contains` VALUES('5af48469eb800', 'HLSP-MC41', 'HLRW-9132', '1');
INSERT INTO `product_contains` VALUES('5af48469ee467', 'HLSP-MC41', 'HLRW-9320', '1');
INSERT INTO `product_contains` VALUES('5af48469eec78', 'HLSP-MC41', 'HLRW-9323', '1');
INSERT INTO `product_contains` VALUES('5af48469f156e', 'HLSP-MC41', 'HLRW-9328', '1');
INSERT INTO `product_contains` VALUES('5af4846a0025d', 'HLSP-MC41', 'HLSU-1010', '1');
INSERT INTO `product_contains` VALUES('5af484dd35942', 'HLSP-PB21', 'HLRW-1617', '1');
INSERT INTO `product_contains` VALUES('5af484dd360cd', 'HLSP-PB21', 'HLRW-2530', '1');
INSERT INTO `product_contains` VALUES('5af484dd38bd3', 'HLSP-PB21', 'HLRW-3710', '1');
INSERT INTO `product_contains` VALUES('5af484dd3b6b5', 'HLSP-PB21', 'HLRW-7140', '4');
INSERT INTO `product_contains` VALUES('5af484dd3e0e2', 'HLSP-PB21', 'HLRW-9259', '1');
INSERT INTO `product_contains` VALUES('5af484dd40cab', 'HLSP-PB21', 'HLRW-9812', '1');
INSERT INTO `product_contains` VALUES('5af484dd46232', 'HLSP-PB21', 'HLSU-1010', '1');
INSERT INTO `product_contains` VALUES('5af4853845c88', 'HLSP-BP11', 'HLRW-1610', '1');
INSERT INTO `product_contains` VALUES('5af485384876b', 'HLSP-BP11', 'HLRW-1717', '6');
INSERT INTO `product_contains` VALUES('5af485384dc9d', 'HLSP-BP11', 'HLSU-1010', '1');
INSERT INTO `product_contains` VALUES('5af485c6c762c', 'HLSP-BP12', 'HLRW-1610', '1');
INSERT INTO `product_contains` VALUES('5af485c6ca215', 'HLSP-BP12', 'HLRW-1717', '10');
INSERT INTO `product_contains` VALUES('5af486e2cd6ea', 'HLSP-AF21', 'HLRW-1518', '2');
INSERT INTO `product_contains` VALUES('5af486e2cdcf3', 'HLSP-AF21', 'HLRW-1610', '1');
INSERT INTO `product_contains` VALUES('5af486e2d0865', 'HLSP-AF21', 'HLRW-2110', '2');
INSERT INTO `product_contains` VALUES('5af486e2d0df2', 'HLSP-AF21', 'HLRW-3212', '2');
INSERT INTO `product_contains` VALUES('5af486e2d3818', 'HLSP-AF21', 'HLRW-3238', '2');
INSERT INTO `product_contains` VALUES('5af486e2d402c', 'HLSP-AF21', 'HLRW-3710', '1');
INSERT INTO `product_contains` VALUES('5af486e2d7036', 'HLSP-AF21', 'HLRW-8339', '2');
INSERT INTO `product_contains` VALUES('5af486e2dc7af', 'HLSP-AF21', 'HLSU-1010', '1');
INSERT INTO `product_contains` VALUES('5af4876523762', 'HLSP-FP21', 'HLRW-1610', '1');
INSERT INTO `product_contains` VALUES('5af4876526196', 'HLSP-FP21', 'HLRW-9122', '3');
INSERT INTO `product_contains` VALUES('5af4876528bfb', 'HLSP-FP21', 'HLRW-9146', '1');
INSERT INTO `product_contains` VALUES('5af487652b7f4', 'HLSP-FP21', 'HLRW-9602', '1');
INSERT INTO `product_contains` VALUES('5af4876530da9', 'HLSP-FP21', 'HLSU-1010', '1');
INSERT INTO `product_contains` VALUES('5af48a4b0a34e', 'HLFP-MG20', 'HLSP-BP11', '1');
INSERT INTO `product_contains` VALUES('5af48a4b0cf77', 'HLFP-MG20', 'HLSP-FP21', '1');
INSERT INTO `product_contains` VALUES('5af48a4b0d48f', 'HLFP-MG20', 'HLSP-MC41', '1');
INSERT INTO `product_contains` VALUES('5af48a4b0d98b', 'HLFP-MG20', 'HLSP-PB21', '1');
INSERT INTO `product_contains` VALUES('5af48a4b10469', 'HLFP-MG20', 'HLSP-SC51', '3');
INSERT INTO `product_contains` VALUES('5af48a4b15e01', 'HLFP-MG20', 'HLRW-9912', '1');
INSERT INTO `product_contains` VALUES('5af48ad89553e', 'HLFP-SL10', 'HLSP-AC10', '1');
INSERT INTO `product_contains` VALUES('5af48ad897fb4', 'HLFP-SL10', 'HLSP-AF10', '1');
INSERT INTO `product_contains` VALUES('5af48ad89ae5c', 'HLFP-SL10', 'HLSP-FP10', '1');
INSERT INTO `product_contains` VALUES('5af48ad89daa6', 'HLFP-SL10', 'HLSP-MC32', '1');
INSERT INTO `product_contains` VALUES('5af48ad8a08ba', 'HLFP-SL10', 'HLSP-PB10', '1');
INSERT INTO `product_contains` VALUES('5af48ad8a364f', 'HLFP-SL10', 'HLSP-SC42', '4');
INSERT INTO `product_contains` VALUES('5af48ad8a92e0', 'HLFP-SL10', 'HLRW-9912', '1');
INSERT INTO `product_contains` VALUES('5af48b4563fe4', 'HLFP-SS20', 'HLSP-AC21', '1');
INSERT INTO `product_contains` VALUES('5af48b456464a', 'HLFP-SS20', 'HLSP-AF21', '1');
INSERT INTO `product_contains` VALUES('5af48b45670b7', 'HLFP-SS20', 'HLSP-BP11', '1');
INSERT INTO `product_contains` VALUES('5af48b4569c41', 'HLFP-SS20', 'HLSP-FP21', '1');
INSERT INTO `product_contains` VALUES('5af48b456c711', 'HLFP-SS20', 'HLSP-MC41', '1');
INSERT INTO `product_contains` VALUES('5af48b456f1fd', 'HLFP-SS20', 'HLSP-PB21', '1');
INSERT INTO `product_contains` VALUES('5af48b4571d23', 'HLFP-SS20', 'HLSP-SC51', '2');
INSERT INTO `product_contains` VALUES('5af48b4574f95', 'HLFP-SS20', 'HLRW-9912', '1');
INSERT INTO `product_contains` VALUES('5af49038ba57b', 'HLFP-ST20', 'HLSP-BP11', '1');
INSERT INTO `product_contains` VALUES('5af49038bd237', 'HLFP-ST20', 'HLSP-FP21', '1');
INSERT INTO `product_contains` VALUES('5af49038bfc7a', 'HLFP-ST20', 'HLSP-MC41', '1');
INSERT INTO `product_contains` VALUES('5af49038c2a13', 'HLFP-ST20', 'HLSP-PB21', '1');
INSERT INTO `product_contains` VALUES('5af49038c56c0', 'HLFP-ST20', 'HLSP-SC51', '2');
INSERT INTO `product_contains` VALUES('5af49038c8863', 'HLFP-ST20', 'HLRW-9912', '1');
INSERT INTO `product_contains` VALUES('5af49205bf062', 'HLFP-UT20', 'HLSP-BP12', '1');
INSERT INTO `product_contains` VALUES('5af49205c1e5b', 'HLFP-UT20', 'HLSP-FP21', '1');
INSERT INTO `product_contains` VALUES('5af49205c4b31', 'HLFP-UT20', 'HLSP-MC41', '1');
INSERT INTO `product_contains` VALUES('5af49205c76d6', 'HLFP-UT20', 'HLSP-PB21', '1');
INSERT INTO `product_contains` VALUES('5af49205c7dc7', 'HLFP-UT20', 'HLSP-RC10', '1');
INSERT INTO `product_contains` VALUES('5af49205cac28', 'HLFP-UT20', 'HLSP-SC51', '4');
INSERT INTO `product_contains` VALUES('5af49205cdf33', 'HLFP-UT20', 'HLRW-9912', '1');
INSERT INTO `product_contains` VALUES('5af4922859575', 'HLFP-UT10', 'HLSP-FP10', '1');
INSERT INTO `product_contains` VALUES('5af492285c2c9', 'HLFP-UT10', 'HLSP-MC32', '1');
INSERT INTO `product_contains` VALUES('5af492285c9c3', 'HLFP-UT10', 'HLSP-PB10', '1');
INSERT INTO `product_contains` VALUES('5af492285ceeb', 'HLFP-UT10', 'HLSP-RC10', '1');
INSERT INTO `product_contains` VALUES('5af492285d3b7', 'HLFP-UT10', 'HLSP-SC42', '4');
INSERT INTO `product_contains` VALUES('5af492286076c', 'HLFP-UT10', 'HLRW-9912', '1');
INSERT INTO `product_contains` VALUES('5aff0729efe0a', 'HLFP-HT20', 'HLSP-AC21', '1');
INSERT INTO `product_contains` VALUES('5aff0729f2a64', 'HLFP-HT20', 'HLSP-AF21', '1');
INSERT INTO `product_contains` VALUES('5aff072a0156e', 'HLFP-HT20', 'HLSP-BP12', '1');
INSERT INTO `product_contains` VALUES('5aff072a01ca7', 'HLFP-HT20', 'HLSP-FP21', '1');
INSERT INTO `product_contains` VALUES('5aff072a04ac7', 'HLFP-HT20', 'HLSP-MC41', '1');
INSERT INTO `product_contains` VALUES('5aff072a07795', 'HLFP-HT20', 'HLSP-PB21', '1');
INSERT INTO `product_contains` VALUES('5aff072a0a85a', 'HLFP-HT20', 'HLSP-SC51', '6');
INSERT INTO `product_contains` VALUES('5aff072a10419', 'HLFP-HT20', 'HLRW-9912', '1');
INSERT INTO `product_contains` VALUES('5b00a1bebeac1', 'HLFP-HT10', 'HLSP-AC10', '1');
INSERT INTO `product_contains` VALUES('5b00a1bec18ba', 'HLFP-HT10', 'HLSP-AF10', '1');
INSERT INTO `product_contains` VALUES('5b00a1bec45a2', 'HLFP-HT10', 'HLSP-FP10', '1');
INSERT INTO `product_contains` VALUES('5b00a1bec738e', 'HLFP-HT10', 'HLSP-MC32', '1');
INSERT INTO `product_contains` VALUES('5b00a1bec799c', 'HLFP-HT10', 'HLSP-PB10', '1');
INSERT INTO `product_contains` VALUES('5b00a1beca4cb', 'HLFP-HT10', 'HLSP-RC10', '1');
INSERT INTO `product_contains` VALUES('5b00a1becd3b1', 'HLFP-HT10', 'HLSP-SC42', '6');
INSERT INTO `product_contains` VALUES('5b00a1bed09d2', 'HLFP-HT10', 'HLRW-9912', '1');
INSERT INTO `product_contains` VALUES('5b015fb77ca74', 'HLFP-SL20', 'HLSP-AC21', '1');
INSERT INTO `product_contains` VALUES('5b015fb77f8b9', 'HLFP-SL20', 'HLSP-AF21', '1');
INSERT INTO `product_contains` VALUES('5b015fb77ffd1', 'HLFP-SL20', 'HLSP-BP12', '1');
INSERT INTO `product_contains` VALUES('5b015fb782c89', 'HLFP-SL20', 'HLSP-FP21', '1');
INSERT INTO `product_contains` VALUES('5b015fb78328a', 'HLFP-SL20', 'HLSP-MC41', '1');
INSERT INTO `product_contains` VALUES('5b015fb785f75', 'HLFP-SL20', 'HLSP-PB21', '1');
INSERT INTO `product_contains` VALUES('5b015fb788d47', 'HLFP-SL20', 'HLSP-SC51', '4');
INSERT INTO `product_contains` VALUES('5b015fb78ebec', 'HLFP-SL20', 'HLRW-9912', '1');
INSERT INTO `product_contains` VALUES('5b1c594a85718', 'HLFP-MG10', 'HLSP-FP10', '1');
INSERT INTO `product_contains` VALUES('5b1c594a85e15', 'HLFP-MG10', 'HLSP-MC32', '1');
INSERT INTO `product_contains` VALUES('5b1c594a88a22', 'HLFP-MG10', 'HLSP-PB10', '1');
INSERT INTO `product_contains` VALUES('5b1c594a8b975', 'HLFP-MG10', 'HLSP-SC42', '3');
INSERT INTO `product_contains` VALUES('5b1c594a8edbf', 'HLFP-MG10', 'HLRW-9912', '1');
CREATE TABLE `products` (  `sellable` tinyint(1) NOT NULL,  `number` varchar(50) COLLATE utf8_unicode_ci NOT NULL,  `name` varchar(100) COLLATE utf8_unicode_ci NOT NULL,  `description` text COLLATE utf8_unicode_ci NOT NULL,  `unit` varchar(10) COLLATE utf8_unicode_ci NOT NULL,  `weight` float NOT NULL,  `price` float NOT NULL,  `per_item` float NOT NULL,  `production_company` varchar(150) COLLATE utf8_unicode_ci NOT NULL,  `retail_company` varchar(150) COLLATE utf8_unicode_ci NOT NULL,  `link` text COLLATE utf8_unicode_ci NOT NULL,  `comment` text COLLATE utf8_unicode_ci NOT NULL,  `resell_price` float NOT NULL,  `attributes` text COLLATE utf8_unicode_ci NOT NULL,  `stock` int(11) NOT NULL,  `max_stock` int(11) NOT NULL,  `reorder_stock` int(11) NOT NULL,  `security_stock` int(11) NOT NULL,  `product_image` varchar(255) COLLATE utf8_unicode_ci NOT NULL,  PRIMARY KEY (`number`)) ENGINE=InnoDB DEFAULT CHARSET=utf8 COLLATE=utf8_unicode_ci;
INSERT INTO `products` VALUES('1', 'HLFP-HT10', 'HiLight HomeTheater', '', 'Stk.', '0', '0', '0', '', '', '', '', '199.9', 'Farbe;Größe;Flyheit', '0', '0', '0', '0', '');
INSERT INTO `products` VALUES('1', 'HLFP-HT20', 'HiLight HomeTheater', '', 'Stk.', '0', '0', '0', '', '', '', '', '199.9', 'Att1;Attr2;Attr3', '0', '0', '0', '0', '');
INSERT INTO `products` VALUES('0', 'HLFP-MC10', 'HiLight Micro', '', 'Stk.', '0', '0', '0', '', '', '', '', '34.9', '', '0', '0', '0', '0', '');
INSERT INTO `products` VALUES('0', 'HLFP-MG10', 'HiLight Mega', '', 'Stk.', '0', '0', '0', '', '', '', '', '84.9', '', '0', '0', '0', '0', '');
INSERT INTO `products` VALUES('1', 'HLFP-MG20', 'HiLight Mega', '', 'Stk.', '0', '0', '0', '', '', '', '', '84.9', '', '0', '0', '0', '0', '');
INSERT INTO `products` VALUES('0', 'HLFP-SL10', 'HiLight SoundControll L', '', 'Stk.', '0', '0', '0', '', '', '', '', '139.9', '', '0', '0', '0', '0', '');
INSERT INTO `products` VALUES('1', 'HLFP-SL20', 'HiLight SoundControll L', '', 'Stk.', '0', '0', '0', '', '', '', '', '139.9', '', '0', '0', '0', '0', '');
INSERT INTO `products` VALUES('0', 'HLFP-SS10', 'HiLight SoundControll S', '', 'Stk.', '0', '0', '0', '', '', '', '', '124.9', '', '0', '0', '0', '0', '');
INSERT INTO `products` VALUES('1', 'HLFP-SS20', 'HiLight SoundControll S', '', 'Stk.', '0', '0', '0', '', '', '', '', '124.9', '', '0', '0', '0', '0', '');
INSERT INTO `products` VALUES('0', 'HLFP-ST10', 'HiLight Standard', '', 'Stk.', '0', '0', '0', '', '', '', '', '74.9', '', '0', '0', '0', '0', '');
INSERT INTO `products` VALUES('1', 'HLFP-ST20', 'HiLight Standart', '', 'Stk.', '0', '0', '0', '', '', '', '', '74.9', '', '0', '0', '0', '0', '');
INSERT INTO `products` VALUES('0', 'HLFP-UT10', 'HiLight Ultra', '', 'Stk.', '0', '0', '0', '', '', '', '', '139.9', '', '0', '0', '0', '0', '');
INSERT INTO `products` VALUES('1', 'HLFP-UT20', 'HiLight Ultra', '', 'Stk.', '0', '0', '0', '', '', '', '', '139.9', '', '0', '0', '0', '0', '');
INSERT INTO `products` VALUES('0', 'HLRW-1315', 'Klinkenbuchse Stereo', 'Klinkeneinbaubuchse\r\nStereo, 3-oplig\r\n2,5mm', 'Stk.', '0', '0.97', '1', 'Lumberg', 'Reichelt', 'https://www.reichelt.at/Klinkeneinbaubuchsen/LUM-1501-04/3/index.html?ACTION=3&LA=2&ARTICLE=116169&GROUPID=7448&artnr=LUM+1501-04&trstct=pol_38', '', '0', '', '124', '100', '40', '20', '1501-04.jpg');
INSERT INTO `products` VALUES('0', 'HLRW-1325', 'Klinkeneinbaubuchse 3,5mm', 'Einbau-Klinkenbuchse\r\nStereo 3,5mm', 'Stk.', '0', '0.89', '1', 'Lumberg', 'Reichelt', 'https://www.reichelt.at/Klinkeneinbaubuchsen/LUM-KLB-4/3/index.html?ACTION=3&LA=446&ARTICLE=116183&GROUPID=7448&artnr=LUM+KLB+4&SEARCH=lum%2Bklb%2B4&trstct=pos_0', '', '0', '', '51', '100', '40', '20', 'KLB-4.jpg');
INSERT INTO `products` VALUES('0', 'HLRW-1326', 'Klinkeneinbaubuchse 2,5mm', 'Einbau-Klinkenbuchse\r\nStereo 2,5mm', 'Stk.', '0', '0.97', '1', 'Lumberg', 'Reichelt', 'https://www.reichelt.at/Klinkeneinbaubuchsen/LUM-1501-04/3/index.html?ACTION=3&LA=446&ARTICLE=116169&GROUPID=7448&artnr=LUM+1501-04&SEARCH=lum%2B1501-04&trstct=pos_0', '', '0', '', '38', '100', '40', '20', '1501-04.jpg');
INSERT INTO `products` VALUES('0', 'HLRW-1335', 'Klinkenstecker 2,5mm', 'Kinkenstecker 3-Pol\r\nStereo 2,5mm', 'Stk.', '0', '0.23', '1', '', 'Reichelt', 'https://www.reichelt.at/Klinkenstecker/KSS-25/3/index.html?ACTION=3&LA=446&ARTICLE=9582&GROUPID=7446&artnr=KSS+25&SEARCH=kss%2B25&trstct=pos_0', '', '0', '', '1', '100', '40', '20', 'KSS_25_WE.jpg');
INSERT INTO `products` VALUES('0', 'HLRW-1508', 'DIP-8 Sockel', 'IC-Sockel\r\nDoppelter Federkontakt', 'Stk.', '0', '0.04', '1', '', 'Reichelt', 'https://www.reichelt.at/IC-Sockel/GS-8/3/index.html?ACTION=3&LA=2&ARTICLE=8230&GROUPID=7429&artnr=GS+8&trstct=pol_74', '', '0', '', '14', '13', '12', '11', 'GS_8.jpg');
INSERT INTO `products` VALUES('0', 'HLRW-1514', 'DIP-14 Sockel', 'IC-Sockel\r\nDoppelter Federkontakt', 'Stk.', '0', '0.05', '1', '', 'Reichelt', 'https://www.reichelt.at/IC-Sockel/GS-14/3/index.html?ACTION=3&LA=517&ARTICLE=8206&GROUPID=7429&trstct=lsbght_sldr::8230', '', '0', '', '0', '16', '5', '0', 'GS_14.jpg');
INSERT INTO `products` VALUES('0', 'HLRW-1518', 'DIP-18 Sockel', 'IC-Sockel\r\nDoppelter Federkontakt', 'Stk.', '0', '0.071', '1', '', 'Reichelt', 'https://www.reichelt.at/IC-Sockel/GS-18/3/index.html?ACTION=3&LA=517&ARTICLE=8210&GROUPID=7429&trstct=lsbght_sldr::8206', '', '0', '', '0', '0', '0', '0', 'GS_18.jpg');
INSERT INTO `products` VALUES('0', 'HLRW-1610', 'Buchsenleiste 2x10 SMD', 'SMD Buchsenleiste\r\n2x10 Pins 2,00mm', 'Stk.', '0', '1', '1', '', 'Reichelt', 'https://www.reichelt.at/Buchsenleisten/BL-2X10G-SMD2-00/3/index.html?ACTION=3&LA=446&ARTICLE=51841&GROUPID=7435&artnr=BL+2X10G+SMD2%2C00&SEARCH=bl%2B2x10g%2Bsmd2%252C00&trstct=pos_0', '', '0', '', '0', '0', '0', '0', 'BL_2X10G_SMD_2_00.jpg');
INSERT INTO `products` VALUES('0', 'HLRW-1617', 'Buchsenleiste 2x17 gew.', 'Gewinkelte Buchsenleiste\r\n2x17 Pins 2,54mm', 'Stk.', '0', '1', '1', 'MPE-GARRY', 'Reichelt', 'https://www.reichelt.at/Buchsenleisten/MPE-095-2-034/3/index.html?ACTION=3&LA=446&ARTICLE=119924&GROUPID=7435&artnr=MPE+095-2-034&SEARCH=mpe%2B095-2-034&trstct=pos_0', '', '0', '', '0', '0', '0', '0', 'MPE_095_2_034.jpg');
INSERT INTO `products` VALUES('0', 'HLRW-1710', 'Stiftleiste 2x10', 'Stehende Stiftleiste\r\n2x10 Pins 2,00mm', 'Stk.', '0', '0.42', '1', 'MPE-GARRY', 'Reichelt', 'https://www.reichelt.at/Stiftleisten/MPE-150-3-020/3/index.html?ACTION=3&LA=446&ARTICLE=119975&GROUPID=7434&artnr=MPE+150-3-020&SEARCH=MPE%2B150-3-020&trstct=pos_0', '', '0', '', '0', '0', '0', '0', 'MPE_150-3-020.jpg');
INSERT INTO `products` VALUES('0', 'HLRW-1717', 'Stiftleiste 2x17', 'Stehende Stiftleiste\r\n2x17 Pins 2,54mm', 'Stk.', '0', '0.182', '1', '', 'Reichelt', 'https://www.reichelt.at/Stiftleisten/SL-2X17G-2-54/3/index.html?ACTION=3&LA=446&ARTICLE=19492&GROUPID=7434&artnr=SL+2X17G+2%2C54&SEARCH=sl%2B2x17g%2B2%252C54&trstct=pos_0', '', '0', '', '0', '0', '0', '0', 'SL2X17G_2-54.jpg');
INSERT INTO `products` VALUES('0', 'HLRW-2110', '10-Segemtn Anzeige', '10 Segment Anzeige\r\nRot', 'Stk.', '0', '1.11', '1', 'Kingbright', 'Reichelt', 'https://www.reichelt.at/Bargraf-LED-Anzeigen/RBG-1000/3/index.html?ACTION=3&LA=2&ARTICLE=15156&GROUPID=3016&artnr=RBG+1000&trstct=pol_6', '', '0', '', '0', '0', '0', '0', 'RBG1000A.jpg');
INSERT INTO `products` VALUES('0', 'HLRW-2502', 'LED Blau 3mm', 'LED 3mm blau\r\n20° Abstrahlwinkel', 'Stk.', '0', '0.161', '1', 'Everlight', 'Reichelt', 'https://www.reichelt.at/LEDs-3-mm/LED-EL-3-800BL/3/index.html?ACTION=3&LA=446&ARTICLE=156261&GROUPID=3018&artnr=LED+EL+3-800BL&SEARCH=led%2Bel%2B3-800bl&trstct=pos_0', '', '0', '', '0', '0', '0', '0', 'L-7104.jpg');
INSERT INTO `products` VALUES('0', 'HLRW-2503', 'LED Blau 5mm', 'LED 5mm blau\r\n15° Abstrahlwinkel\r\nIvmax 25 mA', 'Stk.', '0', '0.091', '1', 'RND Components', 'Reichelt', 'https://www.reichelt.at/LEDs-5-mm/RND-135-00039/3/index.html?ACTION=3&LA=2&ARTICLE=224097&GROUPID=3019&artnr=RND+135-00039&trstct=pol_0', '', '0', '', '0', '0', '0', '0', '30100028-01.jpg');
INSERT INTO `products` VALUES('0', 'HLRW-2510', 'LED RGB 5mm', 'RGB LED 5mm\r\nCommon Anode\r\nR + G B', 'Stk.', '0', '7.67', '100', 'GAOHU', 'Amazon', 'https://www.amazon.de/Stück-Ultra-Helle-Indirekt-Common/dp/B00H96MFNI', '', '0', '', '0', '0', '0', '0', '61XOp6hlV4L._SL1170_.jpg');
INSERT INTO `products` VALUES('0', 'HLRW-2530', 'LED Rot 5mm 12V', 'LED 5mm rot\r\n60° Abstrahlwinkel\r\n12V', 'Stk.', '0', '0.31', '1', 'Kingbright', 'Reichelt', 'https://www.reichelt.at/LEDs-mit-Vorwiderstand/LED-5MM-12V-RT/3/index.html?ACTION=3&LA=446&ARTICLE=54106&GROUPID=3024&artnr=LED+5MM+12V+RT&SEARCH=led%2B5mm%2B12v%2Brt&trstct=pos_0', '', '0', '', '0', '0', '0', '0', '!LED3_5M.jpg');
INSERT INTO `products` VALUES('0', 'HLRW-3210', 'Widerstand 1 kOhm', 'Widerstand, Metallschicht,\r\nNennlast 0,6W \r\n1% Toleranz\r\nReihe E96', 'Stk.', '0', '0.025', '1', 'YAGEO', 'Reichelt', 'https://www.reichelt.at/0-6W-1-1-00-k-Ohm-9-76-k-Ohm/METALL-1-00K/3/index.html?ACTION=3&LA=3&ARTICLE=11403&GROUPID=3078&trstct=vrt_pdn', '', '0', '', '0', '0', '0', '0', 'WIDMET.jpg');
INSERT INTO `products` VALUES('0', 'HLRW-3212', 'Widerstand 1,21 kOhm', 'Widerstand, Metallschicht,\r\nNennlast 0,6W \r\n1% Toleranz\r\nReihe E96', 'Stk.', '0', '0.025', '1', 'YAGEO', 'Reichelt', 'https://www.reichelt.at/0-6W-1-1-00-k-Ohm-9-76-k-Ohm/METALL-1-21K/3/index.html?ACTION=3&LA=3&ARTICLE=11417&GROUPID=3078&trstct=vrt_pdn', '', '0', '', '0', '0', '0', '0', 'WIDMET.jpg');
INSERT INTO `products` VALUES('0', 'HLRW-3220', 'Widerstand 2 kOhm', 'Widerstand, Metallschicht,\r\nNennlast 0,6W \r\n1% Toleranz\r\nReihe E96', 'Stk.', '0', '0.025', '1', 'YAGEO', 'Reichelt', 'https://www.reichelt.at/0-6W-1-1-00-k-Ohm-9-76-k-Ohm/METALL-2-00K/3/index.html?ACTION=3&LA=3&ARTICLE=11578&GROUPID=3078&trstct=vrt_pdn', '', '0', '', '0', '0', '0', '0', 'WIDMET.jpg');
INSERT INTO `products` VALUES('0', 'HLRW-3222', 'Widerstand 2,2 kOhm', 'Widerstand, Metallschicht,\r\nNennlast 0,6W \r\n1% Toleranz\r\nReihe E96', 'Stk.', '0', '0.025', '1', 'YAGEO', 'Reichelt', 'https://www.reichelt.at/0-6W-1-1-00-k-Ohm-9-76-k-Ohm/METALL-2-20K/3/index.html?ACTION=3&LA=3&ARTICLE=11584&GROUPID=3078&trstct=vrt_pdn', '', '0', '', '0', '0', '0', '0', 'WIDMET.jpg');
INSERT INTO `products` VALUES('0', 'HLRW-3238', 'Widerstand 3,83 kOhm', 'Widerstand, Metallschicht,\r\nNennlast 0,6W \r\n1% Toleranz\r\nReihe E96', 'Stk.', '0', '0.025', '1', 'YAGEO', 'Reichelt', 'https://www.reichelt.at/0-6W-1-1-00-k-Ohm-9-76-k-Ohm/METALL-3-83K/3/index.html?ACTION=3&LA=3&ARTICLE=11704&GROUPID=3078&trstct=vrt_pdn', '', '0', '', '0', '0', '0', '0', 'WIDMET.jpg');
INSERT INTO `products` VALUES('0', 'HLRW-3291', 'Widerstand 9,1 kOhm', 'Widerstand, Metallschicht,\r\nNennlast 0,6W \r\n1% Toleranz\r\nReihe E96', 'Stk.', '0', '0.025', '1', 'YAGEO', 'Reichelt', 'https://www.reichelt.at/0-6W-1-1-00-k-Ohm-9-76-k-Ohm/METALL-9-10K/3/index.html?ACTION=3&LA=3&ARTICLE=12021&GROUPID=3078&trstct=vrt_pdn', '', '0', '', '0', '0', '0', '0', 'WIDMET.jpg');
INSERT INTO `products` VALUES('0', 'HLRW-3310', 'Widerstand 10 kOhm', 'Widerstand, Metallschicht,\r\nNennlast 0,6W \r\n1% Toleranz\r\nReihe E96', 'Stk.', '0', '0.025', '1', 'YAGEO', 'Reichelt', 'https://www.reichelt.at/0-6W-1-10-0-k-Ohm-95-3-k-Ohm/METALL-10-0K/3/index.html?ACTION=3&LA=3&ARTICLE=11449&GROUPID=3079&trstct=vrt_pdn', '', '0', '', '0', '0', '0', '0', 'WIDMET.jpg');
INSERT INTO `products` VALUES('0', 'HLRW-3368', 'Widerstand 68 kOhm', 'Widerstand, Metallschicht,\r\nNennlast 0,6W \r\n1% Toleranz\r\nReihe E96', 'Stk.', '0', '0.025', '1', 'YAGEO', 'Reichelt', 'https://www.reichelt.at/0-6W-1-10-0-k-Ohm-95-3-k-Ohm/METALL-68-0K/3/index.html?ACTION=3&LA=3&ARTICLE=11939&GROUPID=3079&trstct=vrt_pdn', '', '0', '', '0', '0', '0', '0', 'WIDMET.jpg');
INSERT INTO `products` VALUES('0', 'HLRW-3510', 'Widerstand 1 MOhm', 'Widerstand, Metallschicht,\r\nNennlast 0,6W \r\n1% Toleranz\r\nReihe E96', 'Stk.', '0', '0.025', '1', 'YAGEO', 'Reichelt', 'https://www.reichelt.at/0-6W-1-1-00-M-Ohm-10-0-M-Ohm/METALL-1-00M/3/index.html?ACTION=3&LA=3&ARTICLE=11404&GROUPID=3081&trstct=vrt_pdn', '', '0', '', '0', '0', '0', '0', 'WIDMET.jpg');
INSERT INTO `products` VALUES('0', 'HLRW-3602', 'Widerstandsnetzwerk 4x2,2kOhm', 'Widerstands-Netzwerk\r\nParallel geschaltet', 'Stk.', '0', '0.101', '1', 'Bi Technologies', 'Reichelt', 'https://www.reichelt.at/4-Widerstaende-8-Pins/SIL-8-4-2-2K/3/index.html?ACTION=3&LA=446&ARTICLE=17915&GROUPID=4492&artnr=SIL+8-4+2%2C2K&SEARCH=sil%2B8-4%2B2%252C2k&trstct=pos_0', '', '0', '', '0', '0', '0', '0', '!SIL10_5.jpg');
INSERT INTO `products` VALUES('0', 'HLRW-3603', 'Widerstandsnetzwerk 3x2,2kOhm', 'Widerstands-Netzwerk\r\nParallel geschaltet', 'Stk.', '0', '0.071', '1', 'Bi Technologies', 'Reichelt', 'https://www.reichelt.at/3-Widerstaende-6-Pins/SIL-6-3-2-2K/3/index.html?ACTION=3&LA=446&ARTICLE=17744&GROUPID=4493&artnr=SIL+6-3+2%2C2K&SEARCH=sil%2B6-3%2B2%252C2k&trstct=pos_0', '', '0', '', '0', '0', '0', '0', '!SIL10_5 (1).jpg');
INSERT INTO `products` VALUES('0', 'HLRW-3610', 'Widerstandsnetzwerk 4x10kOhm', 'Widerstands-Netzwerk\r\nParallel geschaltet', 'Stk.', '0', '0.101', '1', 'Bi Technologies', 'Reichelt', 'https://www.reichelt.at/4-Widerstaende-8-Pins/SIL-8-4-10K/3/index.html?ACTION=3&LA=446&ARTICLE=17905&GROUPID=4492&artnr=SIL+8-4+10K&SEARCH=sil%2B8-4%2B10k&trstct=pos_0', '', '0', '', '0', '0', '0', '0', '!SIL10_5.jpg');
INSERT INTO `products` VALUES('0', 'HLRW-3668', 'Widerstandsnetzwerk 4x68kOhm', 'Widerstands-Netzwerk\r\nParallel geschaltet', 'Stk.', '0', '0.101', '1', 'Bi Technologies', 'Reichelt', 'https://www.reichelt.at/4-Widerstaende-8-Pins/SIL-8-4-68K/3/index.html?ACTION=3&LA=446&ARTICLE=17949&GROUPID=4492&artnr=SIL+8-4+68K&SEARCH=sil%2B8-4%2B68k&trstct=pos_0', '', '0', '', '0', '0', '0', '0', '!SIL10_5.jpg');
INSERT INTO `products` VALUES('0', 'HLRW-3710', 'Potentiometer 1 kOhm', 'Einstellpotentiometer,\r\nliegend', 'Stk.', '0', '0.23', '1', 'ACP', 'Reichelt', 'https://www.reichelt.at/ACP-Trimmer-9mm/ACP-9-L-1K/3/index.html?ACTION=3&LA=446&ARTICLE=110250&GROUPID=5260&artnr=ACP+9-L+1K&SEARCH=1k%2Bpotentiometer&trstct=pos_4', '', '0', '', '0', '0', '0', '0', 'ACP_H.jpg');
INSERT INTO `products` VALUES('0', 'HLRW-3810', 'Potentiometer 10 kOhm', 'Drehpotentiometer\r\n3-Pins', 'Stk.', '0', '2', '10', '', 'Wish', 'https://www.wish.com/search/potentiometer%2010k#cid=5511252f59c81210afaa1df1', '', '0', '', '0', '0', '0', '0', 'poti.jpg');
INSERT INTO `products` VALUES('0', 'HLRW-4025', 'Transistor NPN 2N5551', 'Transisto NPN\r\nIc 600 mA\r\nPtot 0,63 W\r\nUces 160 V\r\nTO-92', 'Stk.', '0', '0.04', '1', 'HOTTECH', 'Reichelt', 'https://www.reichelt.at/2N-Transistoren/2N-5551/3/index.html?ACTION=3&LA=446&ARTICLE=2059&GROUPID=2879&artnr=2N+5551&SEARCH=2n5551&trstct=pos_0', '', '0', '', '0', '0', '0', '0', 'TO92.jpg');
INSERT INTO `products` VALUES('0', 'HLRW-5123', 'MOSFET TSM2312', 'N-Channel MOSFET\r\nSOT-23\r\nUDS 20V\r\nId 5A', 'Stk.', '0', '0.26', '1', 'TAIWAN-SEMICOND.', 'Reichelt', 'https://www.reichelt.at/MOSFET-Transistoren-IXYS/TSM-2312-SMD/3/index.html?ACTION=3&LA=446&ARTICLE=115909&GROUPID=4350&artnr=TSM+2312+SMD&SEARCH=Leistungs-MOSFET%2BN-Ch%2B20V%2B5A%2BSOT23&trstct=pos_0', '', '0', '', '0', '0', '0', '0', 'SOT-23.jpg');
INSERT INTO `products` VALUES('0', 'HLRW-6105', 'Keramikkondensator 1µF', 'Vielschicht Kerko\r\n1µF', 'Stk.', '0', '0.67', '1', 'KEMET', 'Reichelt', 'https://www.reichelt.at/Vielschicht-bedrahtet-X7R-10-/C3X7R-1-0U-50/3/index.html?ACTION=3&LA=2&ARTICLE=206882&GROUPID=3162&artnr=C3X7R+1%2C0U+50&trstct=pol_26', '', '0', '', '0', '0', '0', '0', 'KEM_C3XX_X7R_Z5U_01.jpg');
INSERT INTO `products` VALUES('0', 'HLRW-6222', 'Elektrolyt-Kondensator 2,2µF', 'Sumbiniatur-Elko\r\nradial\r\n2,2 µF\r\n50V', 'Stk.', '0', '0.02', '1', '', 'Reichelt', 'https://www.reichelt.at/Elkos-radial-subminiatur/SM-2-2-50RAD/3/index.html?ACTION=3&LA=446&ARTICLE=18165&GROUPID=3145&artnr=SM+2%2C2%2F50RAD&SEARCH=elko%2B2%252C2uF&trstct=pos_60', '', '0', '', '0', '0', '0', '0', 'ELKOSM.jpg');
INSERT INTO `products` VALUES('0', 'HLRW-7140', 'Diode 1N4001', 'Gleichrichterdiode\r\n50V \r\n1A', 'Stk.', '0', '0.02', '1', 'LUNSURE', 'Reichelt', 'https://www.reichelt.at/1N-UF-AA-Dioden/1N-4001/3/index.html?ACTION=3&LA=446&ARTICLE=1723&GROUPID=2987&artnr=1N+4001&SEARCH=1N4001&trstct=pos_0', '', '0', '', '0', '0', '0', '0', 'DO-41.jpg');
INSERT INTO `products` VALUES('0', 'HLRW-7158', 'Diode 1N5817', 'Schottky Diode\r\n20V \r\n1A', 'Stk.', '0', '0.05', '1', 'LUNSURE', 'Reichelt', 'https://www.reichelt.at/1N-UF-AA-Dioden/1N-5817/3/index.html?ACTION=3&LA=446&ARTICLE=41848&GROUPID=2987&artnr=1N+5817&SEARCH=1N5817&trstct=pos_0', '', '0', '', '0', '0', '0', '0', 'DO-41.jpg');
INSERT INTO `products` VALUES('0', 'HLRW-8104', 'IC - Hex-Inverter 74AC04', 'IC-Schaltung\r\nHex-Inverter', 'Stk.', '0', '0.29', '1', 'Texas Instruments', 'Reichelt', 'https://www.reichelt.at/ICs-74HCT-DIL/74HCT-04/3/index.html?ACTION=3&LA=446&ARTICLE=3306&GROUPID=2932&artnr=74HCT+04&SEARCH=hex%2Binverter&trstct=pos_8', '', '0', '', '0', '0', '0', '0', 'DIL-14.jpg');
INSERT INTO `products` VALUES('0', 'HLRW-8213', 'IC - Zeitmesser DS1302', 'IC-Schaltung\r\nZeitmesser\r\nTrickle Charge', 'Stk.', '0', '2.72', '1', 'MAXIM', 'Reichelt', 'https://www.reichelt.at/ICs-CA-HV-/DS-1302/3/index.html?ACTION=3&LA=446&ARTICLE=7199&GROUPID=7209&artnr=DS+1302&SEARCH=DS1302&trstct=pos_0', '', '0', '', '0', '0', '0', '0', 'DIP-8.jpg');
INSERT INTO `products` VALUES('0', 'HLRW-8332', 'IC - Quad-Op Amp LM324N', 'IC-Schaltung\r\nOperationsverstärker\r\n4-fach', 'Stk.', '0', '0.23', '1', 'ST Microelectronics', 'Reichelt', 'https://www.reichelt.at/ICs-LM-10-LM-999/LM-324-DIL/3/index.html?ACTION=3&LA=446&ARTICLE=10463&GROUPID=5464&artnr=LM+324+DIL&SEARCH=lm324n&trstct=pos_0', '', '0', '', '0', '0', '0', '0', 'DIL-14.jpg');
INSERT INTO `products` VALUES('0', 'HLRW-8339', 'IC - Display-Treiber LM3914', 'IC-Schaltung\r\nDisplay-Treiber\r\nDot/Bar', 'Stk.', '0', '2.01', '1', 'Texas Instruments', 'Reichelt', 'https://www.reichelt.at/ICs-LM-2000-LM-25576/LM-3914-DIL/3/index.html?ACTION=3&LA=446&ARTICLE=10504&GROUPID=5466&artnr=LM+3914+DIL&SEARCH=lm3914&trstct=pos_0', '', '0', '', '0', '0', '0', '0', 'DIL-18.jpg');
INSERT INTO `products` VALUES('0', 'HLRW-9122', 'Touch Sensor', 'Touch Sensor \r\nCapacitive Touch Switch \r\nTTP223B', 'Stk.', '0', '2', '1', '', 'Wish', 'https://www.wish.com/search/Touch%20Sensor#cid=5abc7aed2d659f19ea490b2e', '', '0', '', '0', '0', '0', '0', 'touch.jpg');
INSERT INTO `products` VALUES('0', 'HLRW-9132', 'Quarz 32768 Hz', 'Zeitmesser-Quarz\r\nFrequenz: 32.768 kHz', 'Stk.', '0', '0.2', '1', 'AURIS', 'Reichelt', 'https://www.reichelt.at/Uhrenquarze-SMD-Gehaeuse/0-032768/3/index.html?ACTION=3&LA=446&ARTICLE=1089&GROUPID=4005&artnr=0%2C032768&SEARCH=Mini%2BUhrenquarz%252C%2B0%252C032768%2BMHz%252C%2BTC38&trstct=pos_0', '', '0', '', '0', '0', '0', '0', '!32768.jpg');
INSERT INTO `products` VALUES('0', 'HLRW-9146', 'I2C Screen Driver', 'I2C Serial Interface\r\nfor LCD Charakter Screen', 'Stk.', '0', '2', '1', '', 'Wish', 'https://www.wish.com/search/i2c#cid=573936d746d3725f0b130287', '', '0', '', '0', '0', '0', '0', 'i2cdriver.jpg');
INSERT INTO `products` VALUES('0', 'HLRW-9236', 'Relais 5V-250V/10A', 'FIN 36.11 5V\r\nSubminiaturrelais\r\nWechsler', 'Stk.', '0', '2.42', '1', 'Finder', 'Reichelt', 'https://www.reichelt.at/Miniaturrelais/FIN-36-11-5V/3/index.html?ACTION=3&LA=446&ARTICLE=42373&GROUPID=7620&artnr=FIN+36.11+5V&SEARCH=5v%2Brelais&trstct=pos_1', '', '0', '', '0', '0', '0', '0', 'FIN_36-11_5V.jpg');
INSERT INTO `products` VALUES('0', 'HLRW-9259', 'Step-Down-Converter', 'LM2596 DC to DC Step-Down \r\nTransformer Module Power Buck\r\nConverter', 'Stk.', '0', '9', '10', '', 'Wish', 'https://www.gearbest.com/development-boards/pp_51010.html?wid=21', '', '0', '', '0', '0', '0', '0', '1480966659251060601.jpg');
INSERT INTO `products` VALUES('0', 'HLRW-9306', 'OLED LCD ', '0,96\" I2C Serial \r\nOLED LCD Screen', 'Stk.', '0', '5', '1', '', 'Wish', 'https://www.wish.com/c/590c80957c0ddf2d2f6d1d66', '', '0', '', '0', '0', '0', '0', '590c80957c0ddf2d2f6d1d66-34-small.jpg');
INSERT INTO `products` VALUES('0', 'HLRW-9320', 'Knopfzellenhalter Ø20mm', 'Knopfzellenhalter\r\nZellen: C2023', 'Stk.', '0', '0.43', '1', '', 'Reichelt', 'https://www.reichelt.at/Batteriehalter-fuer-Knopfzellen/KZH-20-1/3/index.html?ACTION=3&LA=446&ARTICLE=44621&GROUPID=4260&artnr=KZH+20-1&SEARCH=Knopfzellenhalter%2Bf%25C3%25BCr%2B%25C3%2598%2B20%2Bmm&trstct=pos_4', '', '0', '', '0', '0', '0', '0', 'BH1060.jpg');
INSERT INTO `products` VALUES('0', 'HLRW-9323', 'Knopfzelle C2023', 'Knopfzellen\r\nTyp 2023\r\n3V 200 mAh', 'Stk.', '0', '2.82', '6', 'HyCell', 'Reichelt', 'https://www.reichelt.at/Knopfzellen-Lithium/HC-6XCR2032/3/index.html?ACTION=3&LA=2&ARTICLE=196265&GROUPID=4241&artnr=HC+6XCR2032&trstct=pol_12', '', '0', '', '0', '0', '0', '0', 'HC_6XCR2032.jpg');
INSERT INTO `products` VALUES('0', 'HLRW-9328', 'Arduino Nano', 'Arduino Nano\r\nV3.0\r\nMicrocontroller\r\nATMega328P', 'Stk.', '0', '2.8', '1', '', 'Wish', 'https://www.wish.com/search/arduino%20nano#cid=59e05db4642f1b2a728c73d1', '', '0', '', '0', '0', '0', '0', '59e05db4642f1b2a728c73d1-1-small.jpg');
INSERT INTO `products` VALUES('0', 'HLRW-9403', 'DIP-Schalter 3-polig', 'DIP-Schalter\r\nstehend\r\n3-polig', 'Stk.', '0', '0.29', '1', '', 'Reichelt', 'https://www.reichelt.at/Dip-Kodierschalter/NT-03/3/index.html?ACTION=3&LA=446&ARTICLE=36465&GROUPID=7598&artnr=NT+03&SEARCH=dip%2Bschalter&trstct=pos_80', '', '0', '', '0', '0', '0', '0', 'NT_03.jpg');
INSERT INTO `products` VALUES('0', 'HLRW-9413', 'DIP-Schalter 3-polig gew.', 'DIP-Schalter\r\ngewinkelt\r\n3-polig', 'Stk.', '0', '0.43', '1', '', 'Reichelt', 'https://www.reichelt.at/Dip-Kodierschalter/NT-03-90/3/index.html?ACTION=3&LA=446&ARTICLE=36471&GROUPID=7598&artnr=NT+03-90&SEARCH=nt%2B03-90&trstct=pos_0', '', '0', '', '0', '0', '0', '0', 'NT_03_90.jpg');
INSERT INTO `products` VALUES('0', 'HLRW-9602', 'LCD Screen 16x2', 'LCD Charaker Screen\r\n16 Pins\r\nBacklight\r\n16x2 Charakters', 'Stk.', '0', '2', '1', '', 'Wish', 'https://www.wish.com/c/5915aa9c786f47666e0decb6', '', '0', '', '0', '0', '0', '0', '5915aa9c786f47666e0decb6-3-small.jpg');
INSERT INTO `products` VALUES('0', 'HLRW-9812', 'Einbaubuchse Ø2,1mm', 'Einbaubuchse\r\n90° abgewinkelt\r\nStift Ø2,1mm', 'Stk.', '0', '0.41', '1', '', 'Reichelt', 'https://www.reichelt.at/Hohlstecker/DC-BU21-90/3/index.html?ACTION=3&LA=2&ARTICLE=183502&GROUPID=7488&artnr=DC+BU21+90&trstct=pol_3', '', '0', '', '0', '0', '0', '0', 'DC_BU21_90.jpg');
INSERT INTO `products` VALUES('0', 'HLRW-9912', 'Netzteil 12V', 'Steckernetzteil\r\n12V\r\n3A\r\n36W\r\nHohlstecker Ø5,5/2,1', 'Stk.', '0', '15.13', '1', 'Mean Well', 'Reichelt', 'https://www.reichelt.at/Festspannungsnetzteile/GS36E12-P1J/3/index.html?ACTION=3&LA=2&ARTICLE=161626&GROUPID=4946&artnr=GS36E12-P1J&trstct=pol_0', '', '0', '', '0', '0', '0', '0', 'GS36E.jpg');
INSERT INTO `products` VALUES('0', 'HLSP-AC10', 'Audio Controller', 'Musiksteuerplatine', 'Stk.', '0', '0', '0', '', '', '', '', '0', '', '0', '0', '0', '0', '');
INSERT INTO `products` VALUES('0', 'HLSP-AC21', 'Audio Controller', 'Musiksteuerplatine', 'Stk.', '0', '0', '0', '', '', '', '', '0', '', '0', '0', '0', '0', '');
INSERT INTO `products` VALUES('0', 'HLSP-AF10', 'Audio Faceplate', 'Faceplate für\r\nSoundsteuerplatine', 'Stk.', '0', '0', '0', '', '', '', '', '0', '', '0', '0', '0', '0', '');
INSERT INTO `products` VALUES('0', 'HLSP-AF21', 'Audio Faceplate', 'Faceplate für\r\nSoundsteuerplatine', 'Stk.', '0', '0', '0', '', '', '', '', '0', '', '0', '0', '0', '0', '');
INSERT INTO `products` VALUES('0', 'HLSP-BP11', 'Connection Backplate', 'Backplate for\r\nHiLight System\r\n6 Slots', 'Stk.', '0', '0', '0', '', '', '', '', '0', '', '0', '0', '0', '0', '');
INSERT INTO `products` VALUES('0', 'HLSP-BP12', 'Connection Backplate', 'Backplate for\r\nHiLight System\r\n10 Slots', 'Stk.', '0', '0', '0', '', '', '', '', '0', '', '0', '0', '0', '0', '');
INSERT INTO `products` VALUES('0', 'HLSP-FP10', 'I/O Faceplate', 'Faceplate für Steuerelemente', 'Stk.', '0', '0', '0', '', '', '', '', '0', '', '0', '0', '0', '0', '');
INSERT INTO `products` VALUES('0', 'HLSP-FP21', 'I/O Faceplate', '', 'Stk.', '0', '0', '0', '', '', '', '', '0', '', '0', '0', '0', '0', '');
INSERT INTO `products` VALUES('0', 'HLSP-MC32', 'Main Controller', 'Hauptsteuerplatine\r\nfür HiLight System', 'Stk.', '0', '0', '0', '', '', '', '', '0', '', '0', '0', '0', '0', '');
INSERT INTO `products` VALUES('0', 'HLSP-MC41', 'Main Controller', 'Hauptsteuerplatine\r\nfür HiLight System', 'Stk.', '0', '0', '0', '', '', '', '', '0', '', '0', '0', '0', '0', '');
INSERT INTO `products` VALUES('0', 'HLSP-MI10', 'HiLight Micro Controller', '', 'Stk.', '0', '0', '0', '', '', '', '', '0', '', '0', '0', '0', '0', '');
INSERT INTO `products` VALUES('0', 'HLSP-PB10', 'Power Board', 'Stromverteilplatine', 'Stk.', '0', '0', '0', '', '', '', '', '0', '', '0', '0', '0', '0', '');
INSERT INTO `products` VALUES('0', 'HLSP-PB21', 'Power Board', 'Stromverteilplatine', 'Stk.', '0', '0', '0', '', '', '', '', '0', '', '0', '0', '0', '0', '');
INSERT INTO `products` VALUES('0', 'HLSP-RC10', 'Remote Controll', 'Remote Controll for HiLight System', 'Stk.', '0', '0', '0', '', '', '', '', '0', '', '0', '0', '0', '0', '');
INSERT INTO `products` VALUES('0', 'HLSP-SC42', 'Strip Controller', 'LED-Streifen\r\nSteuerplatine', 'Stk.', '0', '0', '0', '', '', '', '', '0', '', '0', '0', '0', '0', '');
INSERT INTO `products` VALUES('0', 'HLSP-SC51', 'Strip Controller', 'LED-Streifen\r\nSteuerplatine', 'Stk.', '0', '0', '0', '', '', '', '', '0', '', '0', '0', '0', '0', '');
INSERT INTO `products` VALUES('0', 'HLSU-1010', 'Lötzinn Ø0,5', 'Lötzinn Bleihalting Ø0,5mm\r\n- Flußmittelanteil: 2% \r\n- Schmelzpunkt 182°C', 'g', '0', '6.04', '100', 'FIXPOINT', 'Reichelt', 'https://www.reichelt.at/Loetzinn/LZ-FP-0-5-100/3/index.html?ACTION=3&LA=446&ARTICLE=153161&GROUPID=557&artnr=LZ+FP+0%2C5+100&SEARCH=l%25C3%25B6tzinn&trstct=pos_11', '', '0', '', '0', '14', '13', '12', '');
INSERT INTO `products` VALUES('0', 'HLSU-1020', 'Entlötlitze 0,8mm', 'Entlötlitze Kupfer\r\n1,5m x 0,8mm', 'Stk.', '0', '7.41', '1', 'CRC-Kontaktchemie', 'Reichelt', 'https://www.reichelt.at/Entloetpumpen-Entloetlitze/SOLDASORB-08/3/index.html?ACTION=3&LA=446&ARTICLE=122317&GROUPID=556&artnr=SOLDASORB+08&SEARCH=entl%25C3%25B6t&trstct=pos_7', '', '0', '', '0', '0', '0', '0', '');
CREATE TABLE `protocol` (  `id` varchar(13) CHARACTER SET latin1 NOT NULL,  `user` varchar(13) CHARACTER SET latin1 NOT NULL,  `date` varchar(50) CHARACTER SET latin1 NOT NULL,  `description` text CHARACTER SET latin1 NOT NULL,  PRIMARY KEY (`id`)) ENGINE=InnoDB DEFAULT CHARSET=utf8 COLLATE=utf8_unicode_ci;
INSERT INTO `protocol` VALUES('5abb5d8c9f044', '59ce8c11b145c', 'Wed Mar 28 2018 11:17:00 ', 'Tobias Hattinger hat sich eingeloggt.');
INSERT INTO `protocol` VALUES('5abb5e27ea479', '59ce8c11b145c', 'Wed Mar 28 2018 11:19:35 ', 'Produkt \"WEA-RES2k2\" wurde zum Lager hinzugefügt.');
INSERT INTO `protocol` VALUES('5abb5e4eb1c52', '59ce8c11b145c', 'Wed Mar 28 2018 11:20:14 ', 'Produkt \"WEA-TRS2N2222\" wurde zum Lager hinzugefügt.');
INSERT INTO `protocol` VALUES('5abb5e8cb6e85', '59ce8c11b145c', 'Wed Mar 28 2018 11:21:16 ', 'Produktdaten des Produkts \"WECP-HLMICRO\" wurden aktualisiert.');
INSERT INTO `protocol` VALUES('5abb5e9129d53', '59ce8c11b145c', 'Wed Mar 28 2018 11:21:21 ', 'Item \"WEA-RES2k2\" wurde dem Produkt \"WECP-HLMICRO\" angefügt.');
INSERT INTO `protocol` VALUES('5abb5e93228c4', '59ce8c11b145c', 'Wed Mar 28 2018 11:21:23 ', 'Item \"WEA-RES2k2\" wurde dem Produkt \"WECP-HLMICRO\" angefügt.');
INSERT INTO `protocol` VALUES('5abb5e941fed8', '59ce8c11b145c', 'Wed Mar 28 2018 11:21:24 ', 'Item \"WEA-RES2k2\" wurde dem Produkt \"WECP-HLMICRO\" angefügt.');
INSERT INTO `protocol` VALUES('5abb5e9542040', '59ce8c11b145c', 'Wed Mar 28 2018 11:21:25 ', 'Item \"WEA-RES2k2\" wurde dem Produkt \"WECP-HLMICRO\" angefügt.');
INSERT INTO `protocol` VALUES('5abb5e96466c7', '59ce8c11b145c', 'Wed Mar 28 2018 11:21:26 ', 'Item \"WEA-RES2k2\" wurde dem Produkt \"WECP-HLMICRO\" angefügt.');
INSERT INTO `protocol` VALUES('5abb5e9941da4', '59ce8c11b145c', 'Wed Mar 28 2018 11:21:29 ', 'Item \"WEA-TRS2N2222\" wurde dem Produkt \"WECP-HLMICRO\" angefügt.');
INSERT INTO `protocol` VALUES('5aca03a57a375', '59ce8c11b145c', 'Sun Apr 8 2018 13:57:25 ', 'Tobias Hattinger hat sich eingeloggt.');
INSERT INTO `protocol` VALUES('5af44401c269a', '59ce8c11b145c', 'Thu May 10 2018 15:07:13 ', 'Tobias Hattinger hat sich eingeloggt.');
INSERT INTO `protocol` VALUES('5afc9036b4a70', '59ce8c11b145c', 'Wed May 16 2018 22:10:30 ', 'Tobias Hattinger hat sich eingeloggt.');
CREATE TABLE `settings` (  `setting` varchar(200) NOT NULL,  `value` varchar(200) NOT NULL,  PRIMARY KEY (`setting`)) ENGINE=InnoDB DEFAULT CHARSET=latin1;
INSERT INTO `settings` VALUES('allow_tax_deduct', '1');
INSERT INTO `settings` VALUES('barcode_type', 'TYPE_CODE_128');
INSERT INTO `settings` VALUES('company_country', 'AT');
INSERT INTO `settings` VALUES('company_logo', 'hilight_logo.png');
INSERT INTO `settings` VALUES('company_logo_menu', 'hilight_logo_white.png');
INSERT INTO `settings` VALUES('company_name', 'HiLight');
INSERT INTO `settings` VALUES('customer_ctr', '185');
INSERT INTO `settings` VALUES('deflang_erp', 'DE');
INSERT INTO `settings` VALUES('order_ctr', '173');
INSERT INTO `settings` VALUES('prefix_customer', 'HLCS');
INSERT INTO `settings` VALUES('prefix_order', 'HLOD');
INSERT INTO `settings` VALUES('prefix_product', 'HLFP');
INSERT INTO `settings` VALUES('prefix_raw', 'HLRW');
INSERT INTO `settings` VALUES('prefix_semiproduct', 'HLSP');
INSERT INTO `settings` VALUES('prefix_shiping', 'SHIP');
INSERT INTO `settings` VALUES('prefix_support', 'HLSU');
INSERT INTO `settings` VALUES('search_autocomplete', 'off');
INSERT INTO `settings` VALUES('vat_add', '1');
INSERT INTO `settings` VALUES('vat_amount', '20');
INSERT INTO `settings` VALUES('vat_show', '1');
CREATE TABLE `shipping` (  `id` varchar(13) NOT NULL,  `product_nr` varchar(15) NOT NULL,  `description` varchar(255) NOT NULL,  `price` float NOT NULL,  `weight` float NOT NULL,  PRIMARY KEY (`id`)) ENGINE=InnoDB DEFAULT CHARSET=latin1;
CREATE TABLE `timestamp` (  `id` varchar(13) COLLATE utf8_unicode_ci NOT NULL,  `user_id` varchar(13) COLLATE utf8_unicode_ci NOT NULL,  `come` datetime NOT NULL,  `go` datetime NOT NULL,  PRIMARY KEY (`id`)) ENGINE=InnoDB DEFAULT CHARSET=utf8 COLLATE=utf8_unicode_ci;
CREATE TABLE `users` (  `id` varchar(13) COLLATE utf8_unicode_ci NOT NULL,  `first_name` varchar(50) COLLATE utf8_unicode_ci NOT NULL,  `last_name` varchar(50) COLLATE utf8_unicode_ci NOT NULL,  `email` varchar(100) COLLATE utf8_unicode_ci NOT NULL,  `password` varchar(100) COLLATE utf8_unicode_ci NOT NULL,  `stamped` tinyint(1) NOT NULL,  `current_ts_id` varchar(13) COLLATE utf8_unicode_ci NOT NULL,  PRIMARY KEY (`id`)) ENGINE=InnoDB DEFAULT CHARSET=utf8 COLLATE=utf8_unicode_ci;
INSERT INTO `users` VALUES('59ce8c11b145c', 'Tobias', 'Hattinger', 'tobias.hattinger@wepen.at', 'c7b308c7ebc6def0ad3509bfebed14ca9a4fb8b6', '0', '');
