CREATE TABLE `company_products` (  `id` varchar(13) COLLATE utf8_unicode_ci NOT NULL,  `product_nr` varchar(20) COLLATE utf8_unicode_ci NOT NULL,  `name` varchar(200) COLLATE utf8_unicode_ci NOT NULL,  `description` text COLLATE utf8_unicode_ci NOT NULL,  `comment` text COLLATE utf8_unicode_ci NOT NULL,  PRIMARY KEY (`id`)) ENGINE=InnoDB DEFAULT CHARSET=utf8 COLLATE=utf8_unicode_ci;
INSERT INTO `company_products` VALUES('59de59cf56656', 'WECP-1001', 'Etui', 'Einzelprodukt Etui\r\nKeine Stifte enthalten', '');
INSERT INTO `company_products` VALUES('59de606a1d224', 'WECP-1011', 'Kugelschreiber Blau', 'Blauer Kugelschreiber\r\nEinzelprodukt', '');
INSERT INTO `company_products` VALUES('59de60a546129', 'WECP-1012', 'Kugelschreiber Rot', 'Roter Kugelschreiber\r\nEinzelprodukt', '');
INSERT INTO `company_products` VALUES('59de62534a1e2', 'WECP-1013', 'Druckbleistift', 'Druckbleistift 0,7mm\r\nEinzelprodukt', '');
INSERT INTO `company_products` VALUES('59de62a0c9818', 'WECP-1021', 'Set', 'Box-Set:\r\n1x Kugelschreiber Blau\r\n1x Druckbleistift', '');
INSERT INTO `company_products` VALUES('59de62d1d780c', 'WECP-1022', 'Set', '	Box-Set:\r\n1x Kugelschreiber Rot\r\n1x Druckbleistift', '');
INSERT INTO `company_products` VALUES('59de63108da48', 'WECP-1023', 'Set', '	Box-Set:\r\n1x Kugelschreiber Blau\r\n1x Kugelschreiber Rot', '');
INSERT INTO `company_products` VALUES('59de6353e1774', 'WECP-1024', 'Set', 'Box-Set:\r\n2x Kugelschreiber Blau', '');
INSERT INTO `company_products` VALUES('59de637d8ccd0', 'WECP-1025', 'Set', 'Box-Set:\r\n2x Kugelschreiber Rot', '');
INSERT INTO `company_products` VALUES('59de63b036d71', 'WECP-1026', 'Set', 'Box-Set:\r\n2x Druckbleistift', '');
INSERT INTO `company_products` VALUES('5a2022090d417', 'WECP-2001', 'Versandkosten Paket über 2kg', '', '');
CREATE TABLE `customers` (  `id` varchar(13) COLLATE utf8_unicode_ci NOT NULL,  `order_nr` varchar(50) COLLATE utf8_unicode_ci NOT NULL,  `order_finished` tinyint(1) NOT NULL,  `gender` varchar(10) COLLATE utf8_unicode_ci NOT NULL,  `title` varchar(50) COLLATE utf8_unicode_ci NOT NULL,  `first_name` varchar(80) COLLATE utf8_unicode_ci NOT NULL,  `last_name` varchar(80) COLLATE utf8_unicode_ci NOT NULL,  `street` varchar(100) COLLATE utf8_unicode_ci NOT NULL,  `street_nr` varchar(10) COLLATE utf8_unicode_ci NOT NULL,  `city` varchar(100) COLLATE utf8_unicode_ci NOT NULL,  `plz` varchar(15) COLLATE utf8_unicode_ci NOT NULL,  `country` varchar(100) COLLATE utf8_unicode_ci NOT NULL,  `email` varchar(100) COLLATE utf8_unicode_ci NOT NULL,  `payment_method` varchar(20) COLLATE utf8_unicode_ci NOT NULL,  `payment_status` varchar(50) COLLATE utf8_unicode_ci NOT NULL,  `production_status` varchar(50) COLLATE utf8_unicode_ci NOT NULL,  `bill_status` varchar(20) COLLATE utf8_unicode_ci NOT NULL,  `order_date` date NOT NULL,  `customer_number` varchar(20) COLLATE utf8_unicode_ci NOT NULL,  `discount_type` varchar(100) COLLATE utf8_unicode_ci NOT NULL,  `discount_amount` float NOT NULL,  PRIMARY KEY (`id`)) ENGINE=InnoDB DEFAULT CHARSET=utf8 COLLATE=utf8_unicode_ci;
INSERT INTO `customers` VALUES('59db2df9aa28f', 'WEP-1710-1148832327', '1', 'Frau', 'Mag.', 'Elisabeth', 'Schwarz(SWAE)', '', '', '', '', '', 'paul.luger@htlvb.at', 'cash', 'paid', 'finished', 'pending', '2017-10-31', '4059701985', '', '0');
INSERT INTO `customers` VALUES('59e7184681437', 'WEP-1710-2312606351', '1', 'Herr', '', 'Johannes', 'Molnar', '', '', '', '', '', 'johannes.molnar@htlvb.at', 'transfer', 'paid', 'finished', '', '2017-10-31', '1250329962', '', '0');
INSERT INTO `customers` VALUES('59e73ad03f975', 'WEP-1710-2529735852', '1', 'Frau', '', 'Marianne', 'Kaltenbrunner', '', '', '', '', '', 'marianne.kaltenbrunner@htlvb.at', 'cash', 'paid', 'finished', '', '2017-10-31', '2135177239', '', '0');
INSERT INTO `customers` VALUES('59e9bd072d573', 'WEP-1710-1920996275', '1', 'Herr', 'Josip', 'Elias', 'Werth', 'Tannenweg 2', '', 'Edt bei Lambach', '4650', 'Austria', 'werthelias@gmail.com', 'cash', 'pending', 'finished', 'pending', '2017-10-31', '816614263', '', '0');
INSERT INTO `customers` VALUES('59e9ca52b066d', 'WEP-1710-3047881496', '0', '', '', '', '', '', '', '', '', '', '', '', 'pending', 'not_started', 'pending', '2017-10-31', '2206706267', '', '0');
INSERT INTO `customers` VALUES('59e9caebdd7e6', 'WEP-1710-4035602171', '1', 'Herr', 'biernoullis 3AHWII!', 'Alex', 'Mosi', 'Pausingerstaße 3', '', 'Frankenburg', '4873', 'Austria', 'mosi.alex01@gmail.com', 'cash', 'paid', 'finished', 'pending', '2017-10-31', '2788371772', '', '0');
INSERT INTO `customers` VALUES('59e9d8f9c815b', 'WEP-1710-1307483562', '1', 'Herr', '', 'Roland', 'Pachinger', 'Bahnhofstraße', '42', 'Vöcklabruck', '4840', 'Austria', 'roland.pachinger@htlvb.at', 'cash', 'paid', 'finished', 'pending', '2017-10-31', '1265128964', '', '0');
INSERT INTO `customers` VALUES('59e9da8b3a08e', 'WEP-1710-3964015104', '1', 'Herr', '', 'Martin', 'Franke', 'Bahnhofstraße', '42', 'Vöcklabruck', '4840', 'Austria', 'martin.franke@htlvb.at', 'cash', 'paid', 'finished', 'pending', '2017-10-31', '3219875310', '', '0');
INSERT INTO `customers` VALUES('59e9db0ee4037', 'WEP-1710-1948083545', '1', 'Herr', '', 'Hermann', 'Bauernfeind', 'Bahnhofstraße', '42', 'Vöcklabruck', '4840', 'Austria', 'hermann.bauernfeind@htlvb.at', 'cash', 'paid', 'finished', 'pending', '2017-10-31', '3277781916', '', '0');
INSERT INTO `customers` VALUES('59e9db8239151', 'WEP-1710-3536080597', '1', 'Frau', '', 'Gabriele', 'Huber', 'Bahnhofstraße', '42', 'Vöcklabruck', '4840', 'Austria', 'gabriele.huber@htlvb.at', 'cash', 'paid', 'finished', 'pending', '2017-10-31', '3960199977', '', '0');
INSERT INTO `customers` VALUES('59ea03c672674', 'WEP-1710-2666643794', '0', '', '', '', '', '', '', '', '', '', '', '', 'pending', 'not_started', 'pending', '2017-10-31', '1444520922', '', '0');
INSERT INTO `customers` VALUES('59ea048b63615', 'WEP-1710-799559396', '0', '', '', '', '', '', '', '', '', '', '', '', 'pending', 'not_started', 'pending', '2017-10-31', '827889431', '', '0');
INSERT INTO `customers` VALUES('59ea04adeb8cd', 'WEP-1710-47472024', '0', '', '', '', '', '', '', '', '', '', '', '', 'pending', 'not_started', 'pending', '2017-10-31', '257914545', '', '0');
INSERT INTO `customers` VALUES('59ea04b638cc8', 'WEP-1710-2846847382', '0', '', '', '', '', '', '', '', '', '', '', '', 'pending', 'not_started', 'pending', '2017-10-31', '2305152375', '', '0');
INSERT INTO `customers` VALUES('59ea05b4232d5', 'WEP-1710-2888991390', '0', '', '', '', '', '', '', '', '', '', '', '', 'pending', 'not_started', 'pending', '2017-10-31', '42420222', '', '0');
INSERT INTO `customers` VALUES('59ea05cc41b46', 'WEP-1710-689370961', '0', '', '', '', '', '', '', '', '', '', '', '', 'pending', 'not_started', 'pending', '2017-10-31', '628457152', '', '0');
INSERT INTO `customers` VALUES('59ea05d5cb529', 'WEP-1710-2365179560', '0', '', '', '', '', '', '', '', '', '', '', '', 'pending', 'not_started', 'pending', '2017-10-31', '1263614385', '', '0');
INSERT INTO `customers` VALUES('59ea07abebf8f', 'WEP-1710-372935916', '0', '', '', '', '', '', '', '', '', '', '', '', 'pending', 'not_started', 'pending', '2017-10-31', '1325644680', '', '0');
INSERT INTO `customers` VALUES('59ea3aab52881', 'WEP-1710-783240610', '0', '', '', '', '', '', '', '', '', '', '', '', 'pending', 'not_started', 'pending', '2017-10-31', '558075964', '', '0');
INSERT INTO `customers` VALUES('59ea5654e78ef', 'WEP-1710-1436647695', '1', 'Herr', '', 'Franz', 'Lerchner', 'Strass', '6', 'Timelkam', '4850', 'Austria', 'franz.lerchner@let.at', 'cash', 'on_delivery', 'finished', 'pending', '2017-10-31', '3686130922', '', '0');
INSERT INTO `customers` VALUES('59eb6ee3b7493', 'WEP-1710-2118998166', '0', '', '', '', '', '', '', '', '', '', '', '', 'pending', 'not_started', 'pending', '2017-10-31', '996986088', '', '0');
INSERT INTO `customers` VALUES('59eb7b6d232b3', 'WEP-1710-316321208', '0', '', '', '', '', '', '', '', '', '', '', '', 'pending', 'not_started', 'pending', '2017-10-31', '3425023718', '', '0');
INSERT INTO `customers` VALUES('59eb7bb71c213', 'WEP-1710-1633707729', '1', 'Herr', '', 'Dominik', 'Bauernfeind', 'Weiterschwang', '62', 'Gampern', '4851', 'Austria', 'musikus18@gmx.at', 'cash', 'paid', 'finished', 'pending', '2017-10-31', '1479512419', '', '0');
INSERT INTO `customers` VALUES('59ec6cf062154', 'WEP-1710-2434099711', '0', '', '', '', '', '', '', '', '', '', '', '', 'pending', 'not_started', 'pending', '2017-10-31', '4057532918', '', '0');
INSERT INTO `customers` VALUES('59ec6fee1a9c8', 'WEP-1710-2810808545', '0', '', '', '', '', '', '', '', '', '', '', '', 'pending', 'not_started', 'pending', '2017-10-31', '3902673620', '', '0');
INSERT INTO `customers` VALUES('59ec781ba1fd6', 'WEP-1710-3100582776', '0', '', '', '', '', '', '', '', '', '', '', '', 'pending', 'not_started', 'pending', '2017-10-31', '2459587709', '', '0');
INSERT INTO `customers` VALUES('59ec9a1c1277e', 'WEP-1710-3226470688', '0', 'Herr', '', 'Tobias', 'Hattinger', 'Dörflstraße ', '48', 'Vöcklabruck', '4840', 'Austria', 'tobias.hattinger@gmx.at', 'transfer', 'pending', 'not_started', 'pending', '2017-10-31', '2722512361', '', '0');
INSERT INTO `customers` VALUES('59ec9c8559c08', 'WEP-1710-3965112577', '0', 'Herr', '', 'Tobias', 'Hattinger', 'Dörflstraße ', '48', 'Vöcklabruck', '4840', 'Austria', 'tobias.hattinger@gmx.at', 'cash', 'pending', 'not_started', 'pending', '2017-10-31', '605834001', '', '0');
INSERT INTO `customers` VALUES('59ec9e3347105', 'WEP-1710-3697268397', '0', '', '', '', '', '', '', '', '', '', '', '', 'pending', 'not_started', 'pending', '2017-10-31', '2915697942', '', '0');
INSERT INTO `customers` VALUES('59ecf66e5d6d1', 'WEP-1710-1405394047', '0', '', '', '', '', '', '', '', '', '', '', '', 'pending', 'not_started', 'pending', '2017-10-31', '2226347877', '', '0');
INSERT INTO `customers` VALUES('59ed1499d7a63', 'WEP-1710-2926931941', '0', '', '', '', '', '', '', '', '', '', '', '', 'pending', 'not_started', 'pending', '2017-10-31', '981827203', '', '0');
INSERT INTO `customers` VALUES('59edcf87e54d5', 'WEP-1710-4036711509', '0', '', '', '', '', '', '', '', '', '', '', '', 'pending', 'not_started', 'pending', '2017-10-31', '1345078592', '', '0');
INSERT INTO `customers` VALUES('59ede85c672c5', 'WEP-1710-2480264894', '0', '', '', '', '', '', '', '', '', '', '', '', 'pending', 'not_started', 'pending', '2017-10-31', '1382742809', '', '0');
INSERT INTO `customers` VALUES('59edeb62a2e88', 'WEP-1710-3898492873', '0', '', '', '', '', '', '', '', '', '', '', '', 'pending', 'not_started', 'pending', '2017-10-31', '3852952819', '', '0');
INSERT INTO `customers` VALUES('59edebfaa1e9a', 'WEP-1710-1628576075', '0', '', '', '', '', '', '', '', '', '', '', '', 'pending', 'not_started', 'pending', '2017-10-31', '1662691878', '', '0');
INSERT INTO `customers` VALUES('59ee065891939', 'WEP-1710-1733490414', '0', '', '', '', '', '', '', '', '', '', '', '', 'pending', 'not_started', 'pending', '2017-10-31', '2759796368', '', '0');
INSERT INTO `customers` VALUES('59ee077db8c0a', 'WEP-1710-2707770286', '0', '', '', '', '', '', '', '', '', '', '', '', 'pending', 'not_started', 'pending', '2017-10-31', '1004132612', '', '0');
INSERT INTO `customers` VALUES('59ee1f4e1ff91', 'WEP-1710-1362207317', '1', 'Frau', 'Mag.', 'Kornelia', 'Senzenberger', 'Raschbach ', '2', 'Aurach am Hongar', '4861', 'Austria', 'connect@re-source.at', 'cash', 'pending', 'finished', 'pending', '2017-10-31', '165149984', '', '0');
INSERT INTO `customers` VALUES('59ef332e305d5', 'WEP-1710-3923613511', '0', '', '', '', '', '', '', '', '', '', '', '', 'pending', 'not_started', 'pending', '2017-10-31', '3924389135', '', '0');
INSERT INTO `customers` VALUES('59ef33ba9b883', 'WEP-1710-2089278888', '0', '', '', '', '', '', '', '', '', '', '', '', 'pending', 'not_started', 'pending', '2017-10-31', '2213114731', '', '0');
INSERT INTO `customers` VALUES('59ef3597abfcc', 'WEP-1710-3135597967', '0', '', '', '', '', '', '', '', '', '', '', '', 'pending', 'not_started', 'pending', '2017-10-31', '3933059425', '', '0');
INSERT INTO `customers` VALUES('59ef363e222fa', 'WEP-1710-2725186334', '0', '', '', '', '', '', '', '', '', '', '', '', 'pending', 'not_started', 'pending', '2017-10-31', '1042549819', '', '0');
INSERT INTO `customers` VALUES('59f0b37e54668', 'WEP-1710-2285190262', '0', '', '', '', '', '', '', '', '', '', '', '', 'pending', 'not_started', 'pending', '2017-10-31', '1032906260', '', '0');
INSERT INTO `customers` VALUES('59f1950fe375e', 'WEP-1710-400926698', '0', '', '', '', '', '', '', '', '', '', '', '', 'pending', 'not_started', 'pending', '2017-10-31', '2137347518', '', '0');
INSERT INTO `customers` VALUES('59f1d3cc61411', 'WEP-1710-2039199913', '0', '', '', '', '', '', '', '', '', '', '', '', 'pending', 'not_started', 'pending', '2017-10-31', '2868210894', '', '0');
INSERT INTO `customers` VALUES('59f1e55ce5a1d', 'WEP-1710-471905824', '0', '', '', '', '', '', '', '', '', '', '', '', 'pending', 'not_started', 'pending', '2017-10-31', '3186027050', '', '0');
INSERT INTO `customers` VALUES('59f215cd3445b', 'WEP-1710-690381082', '0', '', '', '', '', '', '', '', '', '', '', '', 'pending', 'not_started', 'pending', '2017-10-31', '601773546', '', '0');
INSERT INTO `customers` VALUES('59f22a6361a43', 'WEP-1710-2227497999', '0', '', '', '', '', '', '', '', '', '', '', '', 'pending', 'not_started', 'pending', '2017-10-31', '3904208347', '', '0');
INSERT INTO `customers` VALUES('59f2b39e37732', 'WEP-1710-3054722089', '0', '', '', '', '', '', '', '', '', '', '', '', 'pending', 'not_started', 'pending', '2017-10-31', '2837684786', '', '0');
INSERT INTO `customers` VALUES('59f2b6e97592f', 'WEP-1710-886921795', '0', '', '', '', '', '', '', '', '', '', '', '', 'pending', 'not_started', 'pending', '2017-10-31', '4165528526', '', '0');
INSERT INTO `customers` VALUES('59f2e9a0628ec', 'WEP-1710-3796620378', '0', '', '', '', '', '', '', '', '', '', '', '', 'pending', 'not_started', 'pending', '2017-10-31', '2129995035', '', '0');
INSERT INTO `customers` VALUES('59f313ec8f5d0', 'WEP-1710-3604528442', '0', '', '', '', '', '', '', '', '', '', '', '', 'pending', 'not_started', 'pending', '2017-10-31', '3134796961', '', '0');
INSERT INTO `customers` VALUES('59f347853885c', 'WEP-1710-2162383322', '0', '', '', '', '', '', '', '', '', '', '', '', 'pending', 'not_started', 'pending', '2017-10-31', '3920161127', '', '0');
INSERT INTO `customers` VALUES('59f347e7b417b', 'WEP-1710-2238436366', '0', '', '', '', '', '', '', '', '', '', '', '', 'pending', 'not_started', 'pending', '2017-10-31', '495124266', '', '0');
INSERT INTO `customers` VALUES('59f42b91ed932', 'WEP-1710-671603558', '0', '', '', '', '', '', '', '', '', '', '', '', 'pending', 'not_started', 'pending', '2017-10-31', '3900548177', '', '0');
INSERT INTO `customers` VALUES('59f4afad53ef5', 'WEP-1710-4073635990', '0', '', '', '', '', '', '', '', '', '', '', '', 'pending', 'not_started', 'pending', '2017-10-31', '274964944', '', '0');
INSERT INTO `customers` VALUES('59f4b1de8788b', 'WEP-1710-3980733856', '0', '', '', '', '', '', '', '', '', '', '', '', 'pending', 'not_started', 'pending', '2017-10-31', '1586252034', '', '0');
INSERT INTO `customers` VALUES('59f5e3c1ad258', 'WEP-1710-3603811984', '0', '', '', '', '', '', '', '', '', '', '', '', 'pending', 'not_started', 'pending', '2017-10-31', '177230045', '', '0');
INSERT INTO `customers` VALUES('59f611098b51a', 'WEP-1710-3037098182', '0', '', '', '', '', '', '', '', '', '', '', '', 'pending', 'not_started', 'pending', '2017-10-31', '3634422998', '', '0');
INSERT INTO `customers` VALUES('59f6e2ea1ee2f', 'WEP-1710-2358518743', '0', '', '', '', '', '', '', '', '', '', '', '', 'pending', 'not_started', 'pending', '2017-10-31', '3078524726', '', '0');
INSERT INTO `customers` VALUES('59f6ee968b7c6', 'WEP-1710-4142398129', '0', '', '', '', '', '', '', '', '', '', '', '', 'pending', 'not_started', 'pending', '2017-10-31', '4001338915', '', '0');
INSERT INTO `customers` VALUES('59f6eecc9711a', 'WEP-1710-2840985159', '0', '', '', '', '', '', '', '', '', '', '', '', 'pending', 'not_started', 'pending', '2017-10-31', '426037391', '', '0');
INSERT INTO `customers` VALUES('59f6ef29337e8', 'WEP-1710-2950285689', '0', '', '', '', '', '', '', '', '', '', '', '', 'pending', 'not_started', 'pending', '2017-10-31', '2827655954', '', '0');
INSERT INTO `customers` VALUES('59f6ef56c8422', 'WEP-1710-2392778752', '0', '', '', '', '', '', '', '', '', '', '', '', 'pending', 'not_started', 'pending', '2017-10-31', '1039500786', '', '0');
INSERT INTO `customers` VALUES('59f70e340f334', 'WEP-1710-2914002900', '0', '', '', '', '', '', '', '', '', '', '', '', 'pending', 'not_started', 'pending', '2017-10-31', '1720345624', '', '0');
INSERT INTO `customers` VALUES('59f71d9be3fd7', 'WEP-1710-333985369', '0', '', '', '', '', '', '', '', '', '', '', '', 'pending', 'not_started', 'pending', '2017-10-31', '3664484518', '', '0');
INSERT INTO `customers` VALUES('59f7201f66c76', 'WEP-1710-3717840887', '0', '', '', '', '', '', '', '', '', '', '', '', 'pending', 'not_started', 'pending', '2017-10-31', '2975654705', '', '0');
INSERT INTO `customers` VALUES('59f72eb86b2ed', 'WEP-1710-1606022160', '0', '', '', '', '', '', '', '', '', '', '', '', 'pending', 'not_started', 'pending', '2017-10-31', '4004413033', '', '0');
INSERT INTO `customers` VALUES('59f73ffd662cf', 'WEP-1710-3691286718', '0', '', '', '', '', '', '', '', '', '', '', '', 'pending', 'not_started', 'pending', '2017-10-31', '56821589', '', '0');
INSERT INTO `customers` VALUES('59f7403d1b732', 'WEP-1710-1103476991', '0', '', '', '', '', '', '', '', '', '', '', '', 'pending', 'not_started', 'pending', '2017-10-31', '2192772505', '', '0');
INSERT INTO `customers` VALUES('59f741267acc3', 'WEP-1710-1092954092', '0', '', '', '', '', '', '', '', '', '', '', '', 'pending', 'not_started', 'pending', '2017-10-31', '3499729294', '', '0');
INSERT INTO `customers` VALUES('59f744f96cd8d', 'WEP-1710-3822198602', '0', '', '', '', '', '', '', '', '', '', '', '', 'pending', 'not_started', 'pending', '2017-10-31', '2434648462', '', '0');
INSERT INTO `customers` VALUES('59fb2e12eb4fc', 'WEP-1711-1844976627', '0', '', '', '', '', '', '', '', '', '', '', '', 'pending', 'not_started', 'pending', '2017-10-31', '815757063', '', '0');
INSERT INTO `customers` VALUES('59ff84350b47f', 'WEP-1711-1476730032', '0', '', '', '', '', '', '', '', '', '', '', '', 'pending', 'not_started', 'pending', '2017-10-31', '1617591983', '', '0');
INSERT INTO `customers` VALUES('59ff844c68673', 'WEP-1711-3190031544', '0', '', '', '', '', '', '', '', '', '', '', '', 'pending', 'not_started', 'pending', '2017-10-31', '204521761', '', '0');
INSERT INTO `customers` VALUES('59ff846bc5ff6', 'WEP-1711-810957021', '0', '', '', '', '', '', '', '', '', '', '', '', 'pending', 'not_started', 'pending', '2017-10-31', '2594264987', '', '0');
INSERT INTO `customers` VALUES('59ffad2f6a04f', 'WEP-1711-997420107', '0', '', '', '', '', '', '', '', '', '', '', '', 'pending', 'not_started', 'pending', '2017-10-31', '623101798', '', '0');
INSERT INTO `customers` VALUES('59fffa94a04e2', 'WEP-1711-605728984', '0', '', '', '', '', '', '', '', '', '', '', '', 'pending', 'not_started', 'pending', '2017-10-31', '2801528441', '', '0');
INSERT INTO `customers` VALUES('59fffb6971b60', 'WEP-1711-3040919731', '0', '', '', '', '', '', '', '', '', '', '', '', 'pending', 'not_started', 'pending', '2017-10-31', '734841070', '', '0');
INSERT INTO `customers` VALUES('59ffff9993789', 'WEP-1711-2391870066', '0', '', '', '', '', '', '', '', '', '', '', '', 'pending', 'not_started', 'pending', '2017-10-31', '2254198264', '', '0');
INSERT INTO `customers` VALUES('5a002836da484', 'WEP-1711-2081361243', '0', '', '', '', '', '', '', '', '', '', '', '', 'pending', 'not_started', 'pending', '2017-10-31', '1104322687', '', '0');
INSERT INTO `customers` VALUES('5a00307557efe', 'WEP-1711-2596291656', '0', '', '', '', '', '', '', '', '', '', '', '', 'pending', 'not_started', 'pending', '2017-10-31', '3298867110', '', '0');
INSERT INTO `customers` VALUES('5a00671d4032a', 'WEP-1711-110338416', '1', 'Frau', '', 'Therese', 'Zweimüller', 'Sonnpichl', '10', 'Puchkirchen', '4849', 'Austria', 'Theresezweimueller@gmail.com', 'cash', 'paid', 'finished', 'pending', '2017-10-31', '86247604', '', '0');
INSERT INTO `customers` VALUES('5a00ad06990a1', 'WEP-1711-2109513300', '0', '', '', '', '', '', '', '', '', '', '', '', 'pending', 'not_started', 'pending', '2017-10-31', '3296145866', '', '0');
INSERT INTO `customers` VALUES('5a00b2079fdbe', 'WEP-1711-2312037107', '0', '', '', '', '', '', '', '', '', '', '', '', 'pending', 'not_started', 'pending', '2017-10-31', '261225954', '', '0');
INSERT INTO `customers` VALUES('5a00b25ee78ea', 'WEP-1711-1647250659', '0', '', '', '', '', '', '', '', '', '', '', '', 'pending', 'not_started', 'pending', '2017-10-31', '3515559120', '', '0');
INSERT INTO `customers` VALUES('5a00b4ec1bfaa', 'WEP-1711-804454690', '0', '', '', '', '', '', '', '', '', '', '', '', 'pending', 'not_started', 'pending', '2017-10-31', '867117253', '', '0');
INSERT INTO `customers` VALUES('5a00bdb6dba71', 'WEP-1711-2728000695', '0', '', '', '', '', '', '', '', '', '', '', '', 'pending', 'not_started', 'pending', '2017-10-31', '1233318030', '', '0');
INSERT INTO `customers` VALUES('5a01cdce52b0b', 'WEP-1711-3836763404', '0', '', '', '', '', '', '', '', '', '', '', '', 'pending', 'not_started', 'pending', '2017-10-31', '3224939179', '', '0');
INSERT INTO `customers` VALUES('5a01d857d1593', 'WEP-1711-2332094733', '0', '', '', '', '', '', '', '', '', '', '', '', 'pending', 'not_started', 'pending', '2017-10-31', '1302261565', '', '0');
INSERT INTO `customers` VALUES('5a021a76a25e6', 'WEP-1711-660373460', '0', '', '', '', '', '', '', '', '', '', '', '', 'pending', 'not_started', 'pending', '2017-10-31', '309097061', '', '0');
INSERT INTO `customers` VALUES('5a021e9721524', 'WEP-1711-2347419385', '1', 'Herr', 'Dipl. Ing.', 'Tobias', 'Zweimüller', 'Sonnpichl', '10', 'Puchkirchen am Trattberg', '4849', 'Austria', 'tobiaszweimueller@hotmail.com', 'cash', 'paid', 'finished', 'pending', '2017-10-31', '1812869455', '', '0');
INSERT INTO `customers` VALUES('5a04019c0d627', 'WEP-1711-3559988038', '0', '', '', '', '', '', '', '', '', '', '', '', 'pending', 'not_started', 'pending', '2017-10-31', '4072898891', '', '0');
INSERT INTO `customers` VALUES('5a0430fc1a231', 'WEP-1711-2124731346', '0', '', '', '', '', '', '', '', '', '', '', '', 'pending', 'not_started', 'pending', '2017-10-31', '4134976351', '', '0');
INSERT INTO `customers` VALUES('5a0455398cefa', 'WEP-1711-397495051', '1', 'Herr', '', 'Dominik', 'Bauernfeind', '', '', '', '', 'Austria', 'musikus18@gmx.at', 'cash', 'paid', 'finished', 'pending', '2017-10-31', '676317910', '', '0');
INSERT INTO `customers` VALUES('5a049959df3f3', 'WEP-1711-194306488', '1', 'Herr', '', 'Markus', 'Schernberger', 'Am Weinberg, 37', 'Schüler/i', 'Ohlsdorf', '4694', 'Austria', 'markus.schernberger@icloud.com', 'cash', 'pending', 'finished', 'pending', '2017-10-31', '2120683399', '', '0');
INSERT INTO `customers` VALUES('5a04a15c4727a', 'WEP-1711-1232778264', '1', 'Herr', 'mag dr dr ing', 'Flo', 'Drucki a.k.a der boss', 'Unterthalham', '45', 'Ohlsdorf', '4694', 'Austria', 'flo.drucki@gmx.at', 'cash', 'paid', 'finished', 'pending', '2017-10-31', '2922853766', '', '0');
INSERT INTO `customers` VALUES('5a04c158df435', 'WEP-1711-2860952834', '0', '', '', '', '', '', '', '', '', '', '', '', 'pending', 'not_started', 'pending', '2017-10-31', '2115835319', '', '0');
INSERT INTO `customers` VALUES('5a04c1e4aa4e5', 'WEP-1711-2700289486', '0', '', '', '', '', '', '', '', '', '', '', '', 'pending', 'not_started', 'pending', '2017-10-31', '2794466317', '', '0');
INSERT INTO `customers` VALUES('5a04c294ab246', 'WEP-1711-578361285', '0', '', '', '', '', '', '', '', '', '', '', '', 'pending', 'not_started', 'pending', '2017-10-31', '558280008', '', '0');
INSERT INTO `customers` VALUES('5a04c36530faf', 'WEP-1711-1962291474', '0', '', '', '', '', '', '', '', '', '', '', '', 'pending', 'not_started', 'pending', '2017-10-31', '3133216603', '', '0');
INSERT INTO `customers` VALUES('5a04c47ce174a', 'WEP-1711-2318696189', '0', '', '', '', '', '', '', '', '', '', '', '', 'pending', 'not_started', 'pending', '2017-10-31', '1859087999', '', '0');
INSERT INTO `customers` VALUES('5a04c6854fee4', 'WEP-1711-3468230338', '0', '', '', '', '', '', '', '', '', '', '', '', 'pending', 'not_started', 'pending', '2017-10-31', '966962186', '', '0');
INSERT INTO `customers` VALUES('5a05ce06736f6', 'WEP-1711-1033714463', '0', '', '', '', '', '', '', '', '', '', '', '', 'pending', 'not_started', 'pending', '2017-10-31', '94140717', '', '0');
INSERT INTO `customers` VALUES('5a0630e2e7a35', 'WEP-1711-3279880070', '0', '', '', '', '', '', '', '', '', '', '', '', 'pending', 'not_started', 'pending', '2017-10-31', '1063874273', '', '0');
INSERT INTO `customers` VALUES('5a0849804b30d', 'WEP-1711-1362152036', '0', '', '', '', '', '', '', '', '', '', '', '', 'pending', 'not_started', 'pending', '2017-10-31', '2264552084', '', '0');
INSERT INTO `customers` VALUES('5a084e9ec44a1', 'WEP-1711-3801328632', '1', 'Herr', '', 'Stjepan', 'Marcikic', 'Schörflingerstraße', '16', 'Regau', '4844', 'Austria', 'stipo.marcikic.99@gmail.com', 'cash', 'paid', 'finished', 'pending', '2017-10-31', '410369542', '', '0');
INSERT INTO `customers` VALUES('5a099f253c4ba', 'WEP-1711-2671091119', '0', '', '', '', '', '', '', '', '', '', '', '', 'pending', 'not_started', 'pending', '2017-10-31', '740901679', '', '0');
INSERT INTO `customers` VALUES('5a099f2fcfe86', 'WEP-1711-3360614154', '0', '', '', '', '', '', '', '', '', '', '', '', 'pending', 'not_started', 'pending', '2017-10-31', '1124214539', '', '0');
INSERT INTO `customers` VALUES('5a0afae573eec', 'WEP-1711-2965988207', '0', '', '', '', '', '', '', '', '', '', '', '', 'pending', 'not_started', 'pending', '2017-10-31', '1075286116', '', '0');
INSERT INTO `customers` VALUES('5a0bf275cfcbe', 'WEP-1711-212423409', '0', '', '', '', '', '', '', '', '', '', '', '', 'pending', 'not_started', 'pending', '2017-10-31', '3823883794', '', '0');
INSERT INTO `customers` VALUES('5a0c04cf099c1', 'WEP-1711-1725240090', '0', '', '', '', '', '', '', '', '', '', '', '', 'pending', 'not_started', 'pending', '2017-10-31', '1411897272', '', '0');
INSERT INTO `customers` VALUES('5a0c05bf107db', 'WEP-1711-3928906202', '0', '', '', '', '', '', '', '', '', '', '', '', 'pending', 'not_started', 'pending', '2017-10-31', '3885864341', '', '0');
INSERT INTO `customers` VALUES('5a0c07e354526', 'WEP-1711-1235591034', '0', '', '', '', '', '', '', '', '', '', '', '', 'pending', 'not_started', 'pending', '2017-10-31', '3060252520', '', '0');
INSERT INTO `customers` VALUES('5a0c099758b5d', 'WEP-1711-744182542', '0', '', '', '', '', '', '', '', '', '', '', '', 'pending', 'not_started', 'pending', '2017-10-31', '469181054', '', '0');
INSERT INTO `customers` VALUES('5a0c0ab8d9f26', 'WEP-1711-3925863735', '0', '', '', '', '', '', '', '', '', '', '', '', 'pending', 'not_started', 'pending', '2017-10-31', '1794546017', '', '0');
INSERT INTO `customers` VALUES('5a0c0c8f01c56', 'WEP-1711-2321650801', '0', '', '', '', '', '', '', '', '', '', '', '', 'pending', 'not_started', 'pending', '2017-10-31', '3137280491', '', '0');
INSERT INTO `customers` VALUES('5a0c0db65843e', 'WEP-1711-3113905559', '0', '', '', '', '', '', '', '', '', '', '', '', 'pending', 'not_started', 'pending', '2017-10-31', '1011013438', '', '0');
INSERT INTO `customers` VALUES('5a0c137b1b533', 'WEP-1711-3229452329', '0', '', '', '', '', '', '', '', '', '', '', '', 'pending', 'not_started', 'pending', '2017-10-31', '3669179393', '', '0');
INSERT INTO `customers` VALUES('5a0c14b0197fa', 'WEP-1711-689564628', '0', '', '', '', '', '', '', '', '', '', '', '', 'pending', 'not_started', 'pending', '2017-10-31', '3859827515', '', '0');
INSERT INTO `customers` VALUES('5a0c14b7903f1', 'WEP-1711-2788614462', '0', '', '', '', '', '', '', '', '', '', '', '', 'pending', 'not_started', 'pending', '2017-10-31', '864055883', '', '0');
INSERT INTO `customers` VALUES('5a0c14cdbfd5c', 'WEP-1711-377519260', '0', '', '', '', '', '', '', '', '', '', '', '', 'pending', 'not_started', 'pending', '2017-10-31', '430047965', '', '0');
INSERT INTO `customers` VALUES('5a0c16f85d6fe', 'WEP-1711-4054462017', '0', '', '', '', '', '', '', '', '', '', '', '', 'pending', 'not_started', 'pending', '2017-10-31', '2047485543', '', '0');
INSERT INTO `customers` VALUES('5a0c18515da0e', 'WEP-1711-1277954244', '0', '', '', '', '', '', '', '', '', '', '', '', 'pending', 'not_started', 'pending', '2017-10-31', '3783732823', '', '0');
INSERT INTO `customers` VALUES('5a0c18be782ca', 'WEP-1711-1665542823', '0', '', '', '', '', '', '', '', '', '', '', '', 'pending', 'not_started', 'pending', '2017-10-31', '194334920', '', '0');
INSERT INTO `customers` VALUES('5a0c18ff46798', 'WEP-1711-2106304549', '0', 'Herr', '', 'j', 'j', 'j', 'j', '', '', 'Austria', 'j', 'transfer', 'pending', 'not_started', 'pending', '2017-10-31', '1057791076', '', '0');
INSERT INTO `customers` VALUES('5a0c1a6f094c4', 'WEP-1711-565576131', '0', '', '', '', '', '', '', '', '', '', '', '', 'pending', 'not_started', 'pending', '2017-10-31', '126317399', '', '0');
INSERT INTO `customers` VALUES('5a0c322d028c7', 'WEP-1711-3841170777', '1', 'Herr', '', 'Alois', 'Prillinger', 'Bahnhofstraße', '42', 'Vöcklabruck', '4840', 'Austria', 'alois.prillinger@htlvb.at', 'transfer', 'pending', 'finished', 'pending', '2017-10-31', '3111918547', '', '0');
INSERT INTO `customers` VALUES('5a0c32c483087', 'WEP-1711-1149176921', '1', 'Herr', '', 'Florian', 'Drucki', 'Unterthalham 45', '45', 'Ohlsdorf', '4694', 'Austria', 'flo.drucki@gmx.at', 'cash', 'paid', 'finished', 'pending', '2017-10-31', '2133783190', '', '0');
INSERT INTO `customers` VALUES('5a0c4b5198157', 'WEP-1711-2903775428', '0', '', '', '', '', '', '', '', '', '', '', '', 'pending', 'not_started', 'pending', '2017-10-31', '1386569359', '', '0');
INSERT INTO `customers` VALUES('5a0cac34ec58f', 'WEP-1711-3752676858', '0', '', '', '', '', '', '', '', '', '', '', '', 'pending', 'not_started', 'pending', '2017-10-31', '2572232014', '', '0');
INSERT INTO `customers` VALUES('5a0cb736824a8', 'WEP-1711-360399583', '0', '', '', '', '', '', '', '', '', '', '', '', 'pending', 'not_started', 'pending', '2017-10-31', '1275342267', '', '0');
INSERT INTO `customers` VALUES('5a0d3488be7a8', 'WEP-1711-4094776652', '0', '', '', '', '', '', '', '', '', '', '', '', 'pending', 'not_started', 'pending', '2017-10-31', '3909873536', '', '0');
INSERT INTO `customers` VALUES('5a0d8905d9a8e', 'WEP-1711-3721775052', '0', '', '', '', '', '', '', '', '', '', '', '', 'pending', 'not_started', 'pending', '2017-10-31', '1618803911', '', '0');
INSERT INTO `customers` VALUES('5a0d890da8e1d', 'WEP-1711-2075915810', '0', '', '', '', '', '', '', '', '', '', '', '', 'pending', 'not_started', 'pending', '2017-10-31', '3580432580', '', '0');
INSERT INTO `customers` VALUES('5a0d89111b2ed', 'WEP-1711-3809727383', '0', '', '', '', '', '', '', '', '', '', '', '', 'pending', 'not_started', 'pending', '2017-10-31', '1712335738', '', '0');
INSERT INTO `customers` VALUES('5a0d892a665f5', 'WEP-1711-346912152', '0', '', '', '', '', '', '', '', '', '', '', '', 'pending', 'not_started', 'pending', '2017-10-31', '1603594012', '', '0');
INSERT INTO `customers` VALUES('5a0d89b7edfc6', 'WEP-1711-925481542', '0', '', '', '', '', '', '', '', '', '', '', '', 'pending', 'not_started', 'pending', '2017-10-31', '3045497219', '', '0');
INSERT INTO `customers` VALUES('5a0dd39055860', 'WEP-1711-3854344893', '1', 'Herr', '', 'Johannes', 'Egger', '', '', '', '', 'Austria', 'eggj@htlvb.at', 'cash', 'paid', 'finished', 'pending', '2017-10-31', '3508999653', '', '0');
INSERT INTO `customers` VALUES('5a0df1fc023dc', 'WEP-1711-694504697', '0', '', '', '', '', '', '', '', '', '', '', '', 'pending', 'not_started', 'pending', '2017-10-31', '640430973', '', '0');
INSERT INTO `customers` VALUES('5a0dfe423d43a', 'WEP-1711-868311330', '0', '', '', '', '', '', '', '', '', '', '', '', 'pending', 'not_started', 'pending', '2017-10-31', '4292096930', '', '0');
INSERT INTO `customers` VALUES('5a1034a988ddb', 'WEP-1711-457277605', '0', '', '', '', '', '', '', '', '', '', '', '', 'pending', 'not_started', 'pending', '2017-10-31', '2590079628', '', '0');
INSERT INTO `customers` VALUES('5a11544ac46af', 'WEP-1711-368419049', '0', '', '', '', '', '', '', '', '', '', '', '', 'pending', 'not_started', 'pending', '2017-10-31', '581740480', '', '0');
INSERT INTO `customers` VALUES('5a1154ba14416', 'WEP-1711-101624580', '0', '', '', '', '', '', '', '', '', '', '', '', 'pending', 'not_started', 'pending', '2017-10-31', '2187552394', '', '0');
INSERT INTO `customers` VALUES('5a11acdd52a48', 'WEP-1711-2488053343', '0', '', '', '', '', '', '', '', '', '', '', '', 'pending', 'not_started', 'pending', '2017-10-31', '429644347', '', '0');
INSERT INTO `customers` VALUES('5a11acf31be8b', 'WEP-1711-1631806916', '0', '', '', '', '', '', '', '', '', '', '', '', 'pending', 'not_started', 'pending', '2017-10-31', '2981191276', '', '0');
INSERT INTO `customers` VALUES('5a11acf939506', 'WEP-1711-1848346199', '0', '', '', '', '', '', '', '', '', '', '', '', 'pending', 'not_started', 'pending', '2017-10-31', '1315404623', '', '0');
INSERT INTO `customers` VALUES('5a11bdaa2f0d5', 'WEP-1711-898073813', '0', '', '', '', '', '', '', '', '', '', '', '', 'pending', 'not_started', 'pending', '2017-10-31', '3776621178', '', '0');
INSERT INTO `customers` VALUES('5a11c9e3e43c6', 'WEP-1711-709785812', '0', '', '', '', '', '', '', '', '', '', '', '', 'pending', 'not_started', 'pending', '2017-10-31', '989347487', '', '0');
INSERT INTO `customers` VALUES('5a12727dbd563', 'WEP-1711-2789772110', '0', '', '', '', '', '', '', '', '', '', '', '', 'pending', 'not_started', 'pending', '2017-10-31', '200350269', '', '0');
INSERT INTO `customers` VALUES('5a1293001dde1', 'WEP-1711-2840884902', '0', '', '', '', '', '', '', '', '', '', '', '', 'pending', 'not_started', 'pending', '2017-10-31', '2950909114', '', '0');
INSERT INTO `customers` VALUES('5a1295b57ed24', 'WEP-1711-2995091982', '0', '', '', '', '', '', '', '', '', '', '', '', 'pending', 'not_started', 'pending', '2017-10-31', '2180715468', '', '0');
INSERT INTO `customers` VALUES('5a1296f49c114', 'WEP-1711-2493499969', '0', '', '', '', '', '', '', '', '', '', '', '', 'pending', 'not_started', 'pending', '2017-10-31', '3126909816', '', '0');
INSERT INTO `customers` VALUES('5a129e3fbd0af', 'WEP-1711-2586041467', '0', '', '', '', '', '', '', '', '', '', '', '', 'pending', 'not_started', 'pending', '2017-10-31', '1829621279', '', '0');
INSERT INTO `customers` VALUES('5a129f02c4726', 'WEP-1711-389131036', '0', 'Herr', '', 'dgdfg', 'dgasd', '', '', '', '', 'Austria', 'gasdga', 'cash', 'pending', 'not_started', 'pending', '2017-10-31', '2890678408', '', '0');
INSERT INTO `customers` VALUES('5a129f4d4e69d', 'WEP-1711-3152147067', '0', '', '', '', '', '', '', '', '', '', '', '', 'pending', 'not_started', 'pending', '2017-10-31', '2536874233', '', '0');
INSERT INTO `customers` VALUES('5a129f4e8fbf8', 'WEP-1711-3691766022', '0', '', '', '', '', '', '', '', '', '', '', '', 'pending', 'not_started', 'pending', '2017-10-31', '2287911197', '', '0');
INSERT INTO `customers` VALUES('5a129f500c3db', 'WEP-1711-2405127909', '0', '', '', '', '', '', '', '', '', '', '', '', 'pending', 'not_started', 'pending', '2017-10-31', '903115315', '', '0');
INSERT INTO `customers` VALUES('5a129f5348c83', 'WEP-1711-1995928639', '0', '', '', '', '', '', '', '', '', '', '', '', 'pending', 'not_started', 'pending', '2017-10-31', '2838831194', '', '0');
INSERT INTO `customers` VALUES('5a129f553ccf4', 'WEP-1711-3067479355', '0', '', '', '', '', '', '', '', '', '', '', '', 'pending', 'not_started', 'pending', '2017-10-31', '3180999798', '', '0');
INSERT INTO `customers` VALUES('5a129f56342a2', 'WEP-1711-3470984885', '0', '', '', '', '', '', '', '', '', '', '', '', 'pending', 'not_started', 'pending', '2017-10-31', '2977765421', '', '0');
INSERT INTO `customers` VALUES('5a129f570ef81', 'WEP-1711-415722531', '0', '', '', '', '', '', '', '', '', '', '', '', 'pending', 'not_started', 'pending', '2017-10-31', '3603505956', '', '0');
INSERT INTO `customers` VALUES('5a129f586e6e3', 'WEP-1711-4215879189', '0', '', '', '', '', '', '', '', '', '', '', '', 'pending', 'not_started', 'pending', '2017-10-31', '2340949985', '', '0');
INSERT INTO `customers` VALUES('5a12aeab8baa8', 'WEP-1711-3009587292', '0', '', '', '', '', '', '', '', '', '', '', '', 'pending', 'not_started', 'pending', '2017-10-31', '4095078578', '', '0');
INSERT INTO `customers` VALUES('5a12bbc91cfc3', 'WEP-1711-684279478', '0', '', '', '', '', '', '', '', '', '', '', '', 'pending', 'not_started', 'pending', '2017-10-31', '1261602036', '', '0');
INSERT INTO `customers` VALUES('5a12bc86a22e1', 'WEP-1711-2726886993', '0', '', '', '', '', '', '', '', '', '', '', '', 'pending', 'not_started', 'pending', '2017-10-31', '1550313341', '', '0');
INSERT INTO `customers` VALUES('5a12bd0f4d0a9', 'WEP-1711-3107746306', '1', 'Herr', '', 'Robert ', 'Egger', 'Bahnhofstr.', '42', 'Vöcklabruck', '4840', 'Austria', 'robert.egger@htlvb.at', 'cash', 'paid', 'finished', 'pending', '2017-10-31', '421013731', '', '0');
INSERT INTO `customers` VALUES('5a12f72f142be', 'WEP-1711-2012058342', '0', '', '', '', '', '', '', '', '', '', '', '', 'pending', 'not_started', 'pending', '2017-10-31', '928800246', '', '0');
INSERT INTO `customers` VALUES('5a1329645b8ac', 'WEP-1711-2907045897', '1', 'Frau', '', 'Patricia', 'Grgic', 'Rettenbachwald Straße', '30c', 'Bad Ischl', '4820', 'Austria', 'rama.12@icloud.com', 'cash', 'paid', 'finished', 'pending', '2017-10-31', '231952394', '', '0');
INSERT INTO `customers` VALUES('5a13e3aec40af', 'WEP-1711-928536140', '0', '', '', '', '', '', '', '', '', '', '', '', 'pending', 'not_started', 'pending', '2017-10-31', '2859554137', '', '0');
INSERT INTO `customers` VALUES('5a1420abb9a0a', 'WEP-1711-2730289811', '0', '', '', '', '', '', '', '', '', '', '', '', 'pending', 'not_started', 'pending', '2017-10-31', '3562988628', '', '0');
INSERT INTO `customers` VALUES('5a143cff44efa', 'WEP-1711-2960842898', '0', '', '', '', '', '', '', '', '', '', '', '', 'pending', 'not_started', 'pending', '2017-10-31', '2726037208', '', '0');
INSERT INTO `customers` VALUES('5a143d338df34', 'WEP-1711-2924142320', '0', '', '', '', '', '', '', '', '', '', '', '', 'pending', 'not_started', 'pending', '2017-10-31', '1311141444', '', '0');
INSERT INTO `customers` VALUES('5a145f3d412fd', 'WEP-1711-3893786676', '0', '', '', '', '', '', '', '', '', '', '', '', 'pending', 'not_started', 'pending', '2017-10-31', '2560876635', '', '0');
INSERT INTO `customers` VALUES('5a145f426482f', 'WEP-1711-82729911', '0', '', '', '', '', '', '', '', '', '', '', '', 'pending', 'not_started', 'pending', '2017-10-31', '3636054031', '', '0');
INSERT INTO `customers` VALUES('5a145f477eabe', 'WEP-1711-2818641766', '0', '', '', '', '', '', '', '', '', '', '', '', 'pending', 'not_started', 'pending', '2017-10-31', '140419420', '', '0');
INSERT INTO `customers` VALUES('5a1548961fc67', 'WEP-1711-3696577680', '0', '', '', '', '', '', '', '', '', '', '', '', 'pending', 'not_started', 'pending', '2017-10-31', '2864773454', '', '0');
INSERT INTO `customers` VALUES('5a15861fa870b', 'WEP-1711-2669577657', '0', '', '', '', '', '', '', '', '', '', '', '', 'pending', 'not_started', 'pending', '2017-10-31', '1470737644', '', '0');
INSERT INTO `customers` VALUES('5a15b4772840c', 'WEP-1711-3397872639', '0', '', '', '', '', '', '', '', '', '', '', '', 'pending', 'not_started', 'pending', '2017-10-31', '3637393968', '', '0');
INSERT INTO `customers` VALUES('5a165094f19b1', 'WEP-1711-2058158975', '0', '', '', '', '', '', '', '', '', '', '', '', 'pending', 'not_started', 'pending', '2017-10-31', '4089398160', '', '0');
INSERT INTO `customers` VALUES('5a1650965d0d6', 'WEP-1711-1135215567', '0', '', '', '', '', '', '', '', '', '', '', '', 'pending', 'not_started', 'pending', '2017-10-31', '2380071098', '', '0');
INSERT INTO `customers` VALUES('5a165097837f2', 'WEP-1711-1967618842', '0', '', '', '', '', '', '', '', '', '', '', '', 'pending', 'not_started', 'pending', '2017-10-31', '3354767531', '', '0');
INSERT INTO `customers` VALUES('5a165224e51b4', 'WEP-1711-403571084', '0', '', '', '', '', '', '', '', '', '', '', '', 'pending', 'not_started', 'pending', '2017-10-31', '1290836495', '', '0');
INSERT INTO `customers` VALUES('5a1669bfde9cf', 'WEP-1711-1214397777', '0', '', '', '', '', '', '', '', '', '', '', '', 'pending', 'not_started', 'pending', '2017-10-31', '743542466', '', '0');
INSERT INTO `customers` VALUES('5a167ad9a47d0', 'WEP-1711-536665098', '0', '', '', '', '', '', '', '', '', '', '', '', 'pending', 'not_started', 'pending', '2017-10-31', '2343687943', '', '0');
INSERT INTO `customers` VALUES('5a167f4ae1b6a', 'WEP-1711-3605276607', '0', '', '', '', '', '', '', '', '', '', '', '', 'pending', 'not_started', 'pending', '2017-10-31', '3516743643', '', '0');
INSERT INTO `customers` VALUES('5a16801c69f7e', 'WEP-1711-482373272', '0', '', '', '', '', '', '', '', '', '', '', '', 'pending', 'not_started', 'pending', '2017-10-31', '4259704487', '', '0');
INSERT INTO `customers` VALUES('5a1683efa0a23', 'WEP-1711-527174860', '0', '', '', '', '', '', '', '', '', '', '', '', 'pending', 'not_started', 'pending', '2017-10-31', '906175119', '', '0');
INSERT INTO `customers` VALUES('5a169083e1bd9', 'WEP-1711-3001706173', '0', 'Herr', '', 'Boris', 'Bogensberger', 'Hahngasse', '18/4-5', 'Wien', '1090', 'Austria', 'boris.bogensberger@bogensberger.com', 'transfer', 'pending', 'not_started', 'pending', '2017-10-31', '18758221', '', '0');
INSERT INTO `customers` VALUES('5a169379e04fc', 'WEP-1711-1745129704', '0', 'Herr', 'j', 'j', 'j', 'j', 'j', 'j', 'j', 'Austria', 'j', 'cash', 'pending', 'not_started', 'pending', '2017-10-31', '4113837056', '', '0');
INSERT INTO `customers` VALUES('5a169ae278d2e', 'WEP-1711-2069418584', '0', '', '', '', '', '', '', '', '', '', '', '', 'pending', 'not_started', 'pending', '2017-10-31', '2723200897', '', '0');
INSERT INTO `customers` VALUES('5a169b37f3fee', 'WEP-1711-2812194361', '0', '', '', '', '', '', '', '', '', '', '', '', 'pending', 'not_started', 'pending', '2017-10-31', '4006205259', '', '0');
INSERT INTO `customers` VALUES('5a169b6e01ed6', 'WEP-1711-1549578297', '0', '', '', '', '', '', '', '', '', '', '', '', 'pending', 'not_started', 'pending', '2017-10-31', '1000136638', '', '0');
INSERT INTO `customers` VALUES('5a169d54985f5', 'WEP-1711-2412936126', '0', '', '', '', '', '', '', '', '', '', '', '', 'pending', 'not_started', 'pending', '2017-10-31', '2517385896', '', '0');
INSERT INTO `customers` VALUES('5a169d5fd2986', 'WEP-1711-2071072781', '0', '', '', '', '', '', '', '', '', '', '', '', 'pending', 'not_started', 'pending', '2017-10-31', '2534383841', '', '0');
INSERT INTO `customers` VALUES('5a169d9dec8fe', 'WEP-1711-3738177314', '0', '', '', '', '', '', '', '', '', '', '', '', 'pending', 'not_started', 'pending', '2017-10-31', '17671351', '', '0');
INSERT INTO `customers` VALUES('5a169da650400', 'WEP-1711-553727024', '0', '', '', '', '', '', '', '', '', '', '', '', 'pending', 'not_started', 'pending', '2017-10-31', '2335386364', '', '0');
INSERT INTO `customers` VALUES('5a169daa18b58', 'WEP-1711-3663650287', '0', '', '', '', '', '', '', '', '', '', '', '', 'pending', 'not_started', 'pending', '2017-10-31', '1685363407', '', '0');
INSERT INTO `customers` VALUES('5a16a1bdec993', 'WEP-1711-3442122086', '0', '', '', '', '', '', '', '', '', '', '', '', 'pending', 'not_started', 'pending', '2017-10-31', '2701886019', '', '0');
INSERT INTO `customers` VALUES('5a16a5ddc9bbe', 'WEP-1711-3944784008', '0', '', '', '', '', '', '', '', '', '', '', '', 'pending', 'not_started', 'pending', '2017-10-31', '501907197', '', '0');
INSERT INTO `customers` VALUES('5a16aa171e07d', 'WEP-1711-2081500939', '0', '', '', '', '', '', '', '', '', '', '', '', 'pending', 'not_started', 'pending', '2017-10-31', '2828795451', '', '0');
INSERT INTO `customers` VALUES('5a16bc20d62f1', 'WEP-1711-1251649816', '0', '', '', '', '', '', '', '', '', '', '', '', 'pending', 'not_started', 'pending', '2017-10-31', '785596202', '', '0');
INSERT INTO `customers` VALUES('5a16c3824bf41', 'WEP-1711-2932768998', '0', '', '', '', '', '', '', '', '', '', '', '', 'pending', 'not_started', 'pending', '2017-10-31', '2613498665', '', '0');
INSERT INTO `customers` VALUES('5a16c393a070d', 'WEP-1711-381477942', '0', '', '', '', '', '', '', '', '', '', '', '', 'pending', 'not_started', 'pending', '2017-10-31', '1702607258', '', '0');
INSERT INTO `customers` VALUES('5a16c8fbde345', 'WEP-1711-1142872477', '0', '', '', '', '', '', '', '', '', '', '', '', 'pending', 'not_started', 'pending', '2017-10-31', '4128885486', '', '0');
INSERT INTO `customers` VALUES('5a16d36d8be21', 'WEP-1711-519602042', '1', 'Herr', '', 'Markus', 'Schernberger', 'Am Weinberg', '37', 'Ohlsdorf', '4694', 'Austria', 'markus.schernberger@icloud.com', 'cash', 'pending', 'in_progress', 'pending', '2017-11-23', '3674352869', '', '0');
INSERT INTO `customers` VALUES('5a16e5bd2d59a', 'WEP-1711-3359434336', '0', '', '', '', '', '', '', '', '', '', '', '', 'pending', 'not_started', 'pending', '2017-10-31', '2460895386', '', '0');
INSERT INTO `customers` VALUES('5a171037d2ce4', 'WEP-1711-1840943101', '0', '', '', '', '', '', '', '', '', '', '', '', 'pending', 'not_started', 'pending', '2017-10-31', '3169467791', '', '0');
INSERT INTO `customers` VALUES('5a1718697c28f', 'WEP-1711-3841064195', '0', '', '', '', '', '', '', '', '', '', '', '', 'pending', 'not_started', 'pending', '2017-10-31', '2458417353', '', '0');
INSERT INTO `customers` VALUES('5a1722b82d639', 'WEP-1711-2520922755', '0', '', '', '', '', '', '', '', '', '', '', '', 'pending', 'not_started', 'pending', '2017-10-31', '4283205395', '', '0');
INSERT INTO `customers` VALUES('5a172403d44b5', 'WEP-1711-2785390434', '0', '', '', '', '', '', '', '', '', '', '', '', 'pending', 'not_started', 'pending', '2017-10-31', '3244750591', '', '0');
INSERT INTO `customers` VALUES('5a178448e4ca7', 'WEP-1711-467250654', '0', '', '', '', '', '', '', '', '', '', '', '', 'pending', 'not_started', 'pending', '2017-10-31', '819726524', '', '0');
INSERT INTO `customers` VALUES('5a17844b2ace6', 'WEP-1711-40017138', '0', '', '', '', '', '', '', '', '', '', '', '', 'pending', 'not_started', 'pending', '2017-10-31', '2278781061', '', '0');
INSERT INTO `customers` VALUES('5a17844ca347e', 'WEP-1711-1910815246', '0', '', '', '', '', '', '', '', '', '', '', '', 'pending', 'not_started', 'pending', '2017-10-31', '24034896', '', '0');
INSERT INTO `customers` VALUES('5a17dcaf894b9', 'WEP-1711-1853943334', '0', '', '', '', '', '', '', '', '', '', '', '', 'pending', 'not_started', 'pending', '2017-10-31', '2775473982', '', '0');
INSERT INTO `customers` VALUES('5a17dcb185ada', 'WEP-1711-29417108', '0', '', '', '', '', '', '', '', '', '', '', '', 'pending', 'not_started', 'pending', '2017-10-31', '2375807728', '', '0');
INSERT INTO `customers` VALUES('5a17dcb42be11', 'WEP-1711-2988451519', '0', '', '', '', '', '', '', '', '', '', '', '', 'pending', 'not_started', 'pending', '2017-10-31', '144894027', '', '0');
INSERT INTO `customers` VALUES('5a181fdb2b17d', 'WEP-1711-1743427639', '0', '', '', '', '', '', '', '', '', '', '', '', 'pending', 'not_started', 'pending', '2017-10-31', '73698526', '', '0');
INSERT INTO `customers` VALUES('5a182dc9c6be3', 'WEP-1711-112146217', '0', 'Herr', 'mag dr. dr', 'hurensohn', 'peter', 'Bahnhofstraße', '0', 'Akkustand', '88', 'Austria', 'stjepan.marcikic@wepen.at', 'cash', 'pending', 'not_started', 'pending', '2017-10-31', '2894156209', '', '0');
INSERT INTO `customers` VALUES('5a184ba710c1c', 'WEP-1711-3902076249', '1', 'Frau', 'Mag', 'Sabine', 'Grasberger', 'Rüstorf', '150', 'Rüstorf', '4690', 'Austria', 'grasberger@gmx.net', 'cash', 'pending', 'finished', 'pending', '2017-11-24', '4029268714', '', '0');
INSERT INTO `customers` VALUES('5a187bc33ccde', 'WEP-1711-4047690530', '0', '', '', '', '', '', '', '', '', '', '', '', 'pending', 'not_started', 'pending', '2017-10-31', '3122614870', '', '0');
INSERT INTO `customers` VALUES('5a199b813d6ef', 'WEP-1711-862973892', '0', '', '', '', '', '', '', '', '', '', '', '', 'pending', 'not_started', 'pending', '2017-10-31', '1529396163', '', '0');
INSERT INTO `customers` VALUES('5a199b813e2c2', 'WEP-1711-30752844', '0', '', '', '', '', '', '', '', '', '', '', '', 'pending', 'not_started', 'pending', '2017-10-31', '2790076285', '', '0');
INSERT INTO `customers` VALUES('5a1a358621914', 'WEP-1711-3995255647', '0', '', '', '', '', '', '', '', '', '', '', '', 'pending', 'not_started', 'pending', '2017-10-31', '823974003', '', '0');
INSERT INTO `customers` VALUES('5a1a35b966cd5', 'WEP-1711-479909115', '0', '', '', '', '', '', '', '', '', '', '', '', 'pending', 'not_started', 'pending', '2017-10-31', '1756370340', '', '0');
INSERT INTO `customers` VALUES('5a1a35f05a526', 'WEP-1711-3354961967', '0', '', '', '', '', '', '', '', '', '', '', '', 'pending', 'not_started', 'pending', '2017-10-31', '3518293729', '', '0');
INSERT INTO `customers` VALUES('5a1a81a00dd2d', 'WEP-1711-1790555455', '0', '', '', '', '', '', '', '', '', '', '', '', 'pending', 'not_started', 'pending', '2017-10-31', '2272557904', '', '0');
INSERT INTO `customers` VALUES('5a1a900c07d15', 'WEP-1711-1704310243', '0', '', '', '', '', '', '', '', '', '', '', '', 'pending', 'not_started', 'pending', '2017-10-31', '459707848', '', '0');
INSERT INTO `customers` VALUES('5a1ae0593c9d8', 'WEP-1711-534516466', '0', '', '', '', '', '', '', '', '', '', '', '', 'pending', 'not_started', 'pending', '2017-10-31', '4174605479', '', '0');
INSERT INTO `customers` VALUES('5a1b169453a42', 'WEP-1711-4283966220', '0', '', '', '', '', '', '', '', '', '', '', '', 'pending', 'not_started', 'pending', '2017-10-31', '3229591144', '', '0');
INSERT INTO `customers` VALUES('5a1b175325812', 'WEP-1711-3563507342', '0', '', '', '', '', '', '', '', '', '', '', '', 'pending', 'not_started', 'pending', '2017-10-31', '1666812150', '', '0');
INSERT INTO `customers` VALUES('5a1c1195c460a', 'WEP-1711-89357861', '0', '', '', '', '', '', '', '', '', '', '', '', 'pending', 'not_started', 'pending', '2017-10-31', '269764130', '', '0');
INSERT INTO `customers` VALUES('5a1c138b0460f', 'WEP-1711-2785949761', '0', '', '', '', '', '', '', '', '', '', '', '', 'pending', 'not_started', 'pending', '2017-10-31', '1806283678', '', '0');
INSERT INTO `customers` VALUES('5a1c389c61bbf', 'WEP-1711-1281388096', '0', '', '', '', '', '', '', '', '', '', '', '', 'pending', 'not_started', 'pending', '2017-10-31', '2747795870', '', '0');
INSERT INTO `customers` VALUES('5a1c38c3a6a39', 'WEP-1711-388042411', '0', '', '', '', '', '', '', '', '', '', '', '', 'pending', 'not_started', 'pending', '2017-10-31', '1065912582', '', '0');
INSERT INTO `customers` VALUES('5a1c38dbd5361', 'WEP-1711-431090527', '0', '', '', '', '', '', '', '', '', '', '', '', 'pending', 'not_started', 'pending', '2017-10-31', '711922341', '', '0');
INSERT INTO `customers` VALUES('5a1c4f7094aa2', 'WEP-1711-878422408', '0', '', '', '', '', '', '', '', '', '', '', '', 'pending', 'not_started', 'pending', '2017-10-31', '3137006744', '', '0');
INSERT INTO `customers` VALUES('5a1c4f86037f7', 'WEP-1711-2669010473', '0', '', '', '', '', '', '', '', '', '', '', '', 'pending', 'not_started', 'pending', '2017-10-31', '18702248', '', '0');
INSERT INTO `customers` VALUES('5a1c4f99a398f', 'WEP-1711-617569591', '0', '', '', '', '', '', '', '', '', '', '', '', 'pending', 'not_started', 'pending', '2017-10-31', '1464691188', '', '0');
INSERT INTO `customers` VALUES('5a1c704acd9c5', 'WEP-1711-3898917724', '0', '', '', '', '', '', '', '', '', '', '', '', 'pending', 'not_started', 'pending', '2017-10-31', '3050215080', '', '0');
INSERT INTO `customers` VALUES('5a1c8eca2a90c', 'WEP-1711-2912658733', '0', '', '', '', '', '', '', '', '', '', '', '', 'pending', 'not_started', 'pending', '2017-10-31', '3693691848', '', '0');
INSERT INTO `customers` VALUES('5a1c8ecd2a276', 'WEP-1711-919564910', '0', '', '', '', '', '', '', '', '', '', '', '', 'pending', 'not_started', 'pending', '2017-10-31', '2489335086', '', '0');
INSERT INTO `customers` VALUES('5a1c8f73b1455', 'WEP-1711-1234591345', '0', '', '', '', '', '', '', '', '', '', '', '', 'pending', 'not_started', 'pending', '2017-10-31', '3186808246', '', '0');
INSERT INTO `customers` VALUES('5a1eeaaff01de', 'WEP-1711-2505012958', '1', 'Frau', '', 'Hemma', 'Kothmayr', 'Bahnhofstraße', '18', 'Altmünster', '4813', 'Austria', 'hemma@zoebl.net', 'transfer', 'pending', 'finished', 'pending', '2017-11-29', '2996535219', '', '0');
INSERT INTO `customers` VALUES('5a1ef183c7153', 'WEP-1711-2117253314', '0', '', '', '', '', '', '', '', '', '', '', '', 'pending', 'not_started', 'pending', '0000-00-00', '3130883472', '', '0');
INSERT INTO `customers` VALUES('5a1efb3c4d372', 'WEP-1711-4178043689', '0', '', '', '', '', '', '', '', '', '', '', '', 'pending', 'not_started', 'pending', '0000-00-00', '3510568837', '', '0');
INSERT INTO `customers` VALUES('5a1fbafdcefab', 'WEP-1711-2603918123', '0', 'Herr', 'kqk', 'k', 'k', 'k', 'k', 'k', 'k', 'Austria', 'k', 'cash', 'pending', 'not_started', 'pending', '0000-00-00', '3527222255', '', '0');
INSERT INTO `customers` VALUES('5a1fbbec6e33a', 'WEP-1711-525655515', '0', '', '', '', '', '', '', '', '', '', '', '', 'pending', 'not_started', 'pending', '0000-00-00', '2729886508', '', '0');
INSERT INTO `customers` VALUES('5a1fd3372797e', 'WEP-1711-1292951068', '0', '', '', '', '', '', '', '', '', '', '', '', 'pending', 'not_started', 'pending', '0000-00-00', '3036450795', '', '0');
INSERT INTO `customers` VALUES('5a1fd363e75bb', 'WEP-1711-739520374', '0', '', '', '', '', '', '', '', '', '', '', '', 'pending', 'not_started', 'pending', '0000-00-00', '181048742', '', '0');
INSERT INTO `customers` VALUES('5a200af8d1ab5', 'WEP-1711-1995445857', '0', '', '', '', '', '', '', '', '', '', '', '', 'pending', 'not_started', 'pending', '0000-00-00', '691719583', '', '0');
INSERT INTO `customers` VALUES('5a200b13c5547', 'WEP-1711-1790479402', '0', '', '', '', '', '', '', '', '', '', '', '', 'pending', 'not_started', 'pending', '0000-00-00', '2578564084', '', '0');
INSERT INTO `customers` VALUES('5a200f75a6f20', 'WEP-1711-857552515', '0', '', '', '', '', '', '', '', '', '', '', '', 'pending', 'not_started', 'pending', '0000-00-00', '3644407371', '', '0');
INSERT INTO `customers` VALUES('5a200f7b1cd7b', 'WEP-1711-850607746', '0', '', '', '', '', '', '', '', '', '', '', '', 'pending', 'not_started', 'pending', '0000-00-00', '1630116469', '', '0');
INSERT INTO `customers` VALUES('5a200f8127990', 'WEP-1711-1990623321', '0', '', '', '', '', '', '', '', '', '', '', '', 'pending', 'not_started', 'pending', '0000-00-00', '431872572', '', '0');
INSERT INTO `customers` VALUES('5a20227b73221', 'WEP-1711-1566557879', '0', '', '', '', '', '', '', '', '', '', '', '', 'pending', 'not_started', 'pending', '0000-00-00', '4154120478', '', '0');
INSERT INTO `customers` VALUES('5a203ff7989e2', 'WEP-1711-957679939', '0', '', '', '', '', '', '', '', '', '', '', '', 'pending', 'not_started', 'pending', '0000-00-00', '3206517956', '', '0');
INSERT INTO `customers` VALUES('5a2043f6c3cd2', 'WEP-1711-1029567812', '0', '', '', '', '', '', '', '', '', '', '', '', 'pending', 'not_started', 'pending', '0000-00-00', '3100884141', '', '0');
INSERT INTO `customers` VALUES('5a20479456ea6', 'WEP-1711-2305199647', '1', 'Firma', '', 'Bogensberger Vermessung', '', 'Hahngasse', '18/4-5', 'Wien', '1090', 'Austria', 'boris.bogensberger@bogensberger.com', 'transfer', 'pending', 'finished', 'pending', '2017-11-30', '2095607629', '', '0');
INSERT INTO `customers` VALUES('5a210a8d007fb', 'WEP-1712-2105689772', '0', '', '', '', '', '', '', '', '', '', '', '', 'pending', 'not_started', 'pending', '0000-00-00', '1344295527', '', '0');
INSERT INTO `customers` VALUES('5a210aa1b5f55', 'WEP-1712-762557545', '0', '', '', '', '', '', '', '', '', '', '', '', 'pending', 'not_started', 'pending', '0000-00-00', '2847878386', '', '0');
INSERT INTO `customers` VALUES('5a213080a520c', 'WEP-1712-697053978', '0', '', '', '', '', '', '', '', '', '', '', '', 'pending', 'not_started', 'pending', '0000-00-00', '726227371', '', '0');
INSERT INTO `customers` VALUES('5a214b5a5d559', 'WEP-1712-1075760238', '0', '', '', '', '', '', '', '', '', '', '', '', 'pending', 'not_started', 'pending', '0000-00-00', '2623603646', '', '0');
INSERT INTO `customers` VALUES('5a214b991af52', 'WEP-1712-967174869', '1', 'Herr', '', 'Andreas', 'Röck', 'Oberweg', '1', 'Regau', '4844', 'Austria', 'roea@htlvb.at', 'cash', 'pending', 'finished', 'pending', '2017-12-01', '3348429375', '', '0');
INSERT INTO `customers` VALUES('5a216ca7b4d6c', 'WEP-1712-304913301', '1', 'Herr', '', 'Jonas', 'Windauer', 'Aurachkirchen', '2', 'Pinsdorf', '4812', 'Austria', 'jonas.windauer@gmx.at', 'transfer', 'pending', 'in_progress', 'pending', '2017-12-01', '1004021247', '', '0');
INSERT INTO `customers` VALUES('5a257f54ab50a', 'WEP-1712-2656987624', '0', '', '', '', '', '', '', '', '', '', '', '', 'pending', 'not_started', 'pending', '0000-00-00', '3209283472', '', '0');
INSERT INTO `customers` VALUES('5a25886511e8a', 'WEP-1712-4212301879', '0', '', '', '', '', '', '', '', '', '', '', '', 'pending', 'not_started', 'pending', '0000-00-00', '3092303147', '', '0');
INSERT INTO `customers` VALUES('5a263e9916ee0', 'WEP-1712-1419902969', '0', '', '', '', '', '', '', '', '', '', '', '', 'pending', 'not_started', 'pending', '0000-00-00', '1927070300', '', '0');
INSERT INTO `customers` VALUES('5a263ebbaa87d', 'WEP-1712-1415960809', '0', '', '', '', '', '', '', '', '', '', '', '', 'pending', 'not_started', 'pending', '0000-00-00', '1457936181', '', '0');
INSERT INTO `customers` VALUES('5a2643c8aca30', 'WEP-1712-1654623713', '0', '', '', '', '', '', '', '', '', '', '', '', 'pending', 'not_started', 'pending', '0000-00-00', '1629182351', '', '0');
INSERT INTO `customers` VALUES('5a2644414be1f', 'WEP-1712-4130031692', '0', '', '', '', '', '', '', '', '', '', '', '', 'pending', 'not_started', 'pending', '0000-00-00', '3663571393', '', '0');
INSERT INTO `customers` VALUES('5a264490b57cf', 'WEP-1712-3092701085', '0', '', '', '', '', '', '', '', '', '', '', '', 'pending', 'not_started', 'pending', '0000-00-00', '855842374', '', '0');
INSERT INTO `customers` VALUES('5a2644a54e038', 'WEP-1712-2573254704', '0', '', '', '', '', '', '', '', '', '', '', '', 'pending', 'not_started', 'pending', '0000-00-00', '820020105', '', '0');
INSERT INTO `customers` VALUES('5a2644d0bddc3', 'WEP-1712-3333214477', '0', '', '', '', '', '', '', '', '', '', '', '', 'pending', 'not_started', 'pending', '0000-00-00', '3463423043', '', '0');
INSERT INTO `customers` VALUES('5a2644d576d9e', 'WEP-1712-836800638', '0', '', '', '', '', '', '', '', '', '', '', '', 'pending', 'not_started', 'pending', '0000-00-00', '45989228', '', '0');
INSERT INTO `customers` VALUES('5a2647d609aaa', 'WEP-1712-2073210146', '0', '', '', '', '', '', '', '', '', '', '', '', 'pending', 'not_started', 'pending', '0000-00-00', '314923199', '', '0');
INSERT INTO `customers` VALUES('5a2647f4470ab', 'WEP-1712-2765168807', '0', '', '', '', '', '', '', '', '', '', '', '', 'pending', 'not_started', 'pending', '0000-00-00', '1495110078', '', '0');
INSERT INTO `customers` VALUES('5a2647fbdb9d6', 'WEP-1712-2600323993', '0', '', '', '', '', '', '', '', '', '', '', '', 'pending', 'not_started', 'pending', '0000-00-00', '3463077656', '', '0');
INSERT INTO `customers` VALUES('5a264f11b0817', 'WEP-1712-1934865220', '0', '', '', '', '', '', '', '', '', '', '', '', 'pending', 'not_started', 'pending', '0000-00-00', '873750856', '', '0');
INSERT INTO `customers` VALUES('5a264f3206f64', 'WEP-1712-3205438564', '0', '', '', '', '', '', '', '', '', '', '', '', 'pending', 'not_started', 'pending', '0000-00-00', '2612693159', '', '0');
INSERT INTO `customers` VALUES('5a264f36a34bd', 'WEP-1712-457037323', '0', '', '', '', '', '', '', '', '', '', '', '', 'pending', 'not_started', 'pending', '0000-00-00', '1506305441', '', '0');
INSERT INTO `customers` VALUES('5a265d4cc6d18', 'WEP-1712-2745677462', '0', '', '', '', '', '', '', '', '', '', '', '', 'pending', 'not_started', 'pending', '0000-00-00', '2263236149', '', '0');
INSERT INTO `customers` VALUES('5a265d5c2273b', 'WEP-1712-2060394826', '0', '', '', '', '', '', '', '', '', '', '', '', 'pending', 'not_started', 'pending', '0000-00-00', '3109329546', '', '0');
INSERT INTO `customers` VALUES('5a265d69c09b9', 'WEP-1712-2242278225', '0', '', '', '', '', '', '', '', '', '', '', '', 'pending', 'not_started', 'pending', '0000-00-00', '1325083959', '', '0');
INSERT INTO `customers` VALUES('5a266e398448a', 'WEP-1712-3568339434', '0', '', '', '', '', '', '', '', '', '', '', '', 'pending', 'not_started', 'pending', '0000-00-00', '3284624331', '', '0');
INSERT INTO `customers` VALUES('5a266facabf76', 'WEP-1712-639129976', '0', '', '', '', '', '', '', '', '', '', '', '', 'pending', 'not_started', 'pending', '0000-00-00', '3800902497', '', '0');
INSERT INTO `customers` VALUES('5a26718d3c66f', 'WEP-1712-946909106', '0', '', '', '', '', '', '', '', '', '', '', '', 'pending', 'not_started', 'pending', '0000-00-00', '1537165174', '', '0');
INSERT INTO `customers` VALUES('5a26719dc2112', 'WEP-1712-2302814525', '0', '', '', '', '', '', '', '', '', '', '', '', 'pending', 'not_started', 'pending', '0000-00-00', '46058817', '', '0');
INSERT INTO `customers` VALUES('5a26727205c2c', 'WEP-1712-4041663820', '0', '', '', '', '', '', '', '', '', '', '', '', 'pending', 'not_started', 'pending', '0000-00-00', '200483159', '', '0');
INSERT INTO `customers` VALUES('5a2673dbca726', 'WEP-1712-4125692271', '0', 'Herr', '', 'k', 'k', 'k', 'k', 'k', 'kk', 'Austria', 'k', 'cash', 'pending', 'not_started', 'pending', '0000-00-00', '1861453083', '', '0');
INSERT INTO `customers` VALUES('5a2674adef32a', 'WEP-1712-4158316723', '0', '', '', '', '', '', '', '', '', '', '', '', 'pending', 'not_started', 'pending', '0000-00-00', '870598368', '', '0');
INSERT INTO `customers` VALUES('5a2677a09877c', 'WEP-1712-2101116626', '0', '', '', '', '', '', '', '', '', '', '', '', 'pending', 'not_started', 'pending', '0000-00-00', '2128678967', '', '0');
INSERT INTO `customers` VALUES('5a2677d16d279', 'WEP-1712-743507446', '0', '', '', '', '', '', '', '', '', '', '', '', 'pending', 'not_started', 'pending', '0000-00-00', '3115175934', '', '0');
INSERT INTO `customers` VALUES('5a2678746d1ff', 'WEP-1712-1393221624', '0', '', '', '', '', '', '', '', '', '', '', '', 'pending', 'not_started', 'pending', '0000-00-00', '3849250897', '', '0');
INSERT INTO `customers` VALUES('5a2678fe51fa2', 'WEP-1712-2305144991', '0', '', '', '', '', '', '', '', '', '', '', '', 'pending', 'not_started', 'pending', '0000-00-00', '3549149072', '', '0');
INSERT INTO `customers` VALUES('5a267da657753', 'WEP-1712-4014276743', '0', '', '', '', '', '', '', '', '', '', '', '', 'pending', 'not_started', 'pending', '0000-00-00', '305885732', '', '0');
INSERT INTO `customers` VALUES('5a2691f93c004', 'WEP-1712-4027131968', '0', '', '', '', '', '', '', '', '', '', '', '', 'pending', 'not_started', 'pending', '0000-00-00', '1025269797', '', '0');
INSERT INTO `customers` VALUES('5a269374b736f', 'WEP-1712-1693312722', '1', 'Herr', 'DI', 'Jörg', 'Mattes', 'Moosham', '29', 'Gschwandt', '4816', 'Austria', 'hans-joerg.mattes@htlvb.at', 'cash', 'pending', 'in_progress', 'pending', '2017-12-05', '3435618949', '', '0');
INSERT INTO `customers` VALUES('5a26c46e23070', 'WEP-1712-3884466320', '0', '', '', '', '', '', '', '', '', '', '', '', 'pending', 'not_started', 'pending', '0000-00-00', '4132439199', '', '0');
INSERT INTO `customers` VALUES('5a26c49931b61', 'WEP-1712-3035475993', '0', '', '', '', '', '', '', '', '', '', '', '', 'pending', 'not_started', 'pending', '0000-00-00', '2878629396', '', '0');
INSERT INTO `customers` VALUES('5a26c4b1d77e9', 'WEP-1712-348062797', '0', '', '', '', '', '', '', '', '', '', '', '', 'pending', 'not_started', 'pending', '0000-00-00', '3706528330', '', '0');
INSERT INTO `customers` VALUES('5a27d42504a37', 'WEP-1712-350303975', '0', 'Herr', 'k', 'k', 'k', 'k', 'k', 'k', 'k', 'Austria', 'k', 'cash', 'pending', 'not_started', 'pending', '0000-00-00', '4173357232', '', '0');
INSERT INTO `customers` VALUES('5a27dd017d5db', 'WEP-1712-3989722103', '0', 'Herr', 'k', 'k', 'k', 'k', 'k', 'k', 'k', 'Austria', 'k', 'cash', 'pending', 'not_started', 'pending', '0000-00-00', '478257776', '', '0');
INSERT INTO `customers` VALUES('5a27fb92336bf', 'WEP-1712-1354570648', '0', 'Herr', 'k', 'k', 'k', 'k', 'k', 'k', 'k', 'Austria', 'k', 'cash', 'pending', 'not_started', 'pending', '0000-00-00', '3813810722', '', '0');
INSERT INTO `customers` VALUES('5a28024fa3e1e', 'WEP-1712-2023842301', '0', 'Herr', 'l', 'l', 'l', 'l', 'l', 'l', 'l', 'Austria', 'l', 'cash', 'pending', 'not_started', 'pending', '0000-00-00', '1330214651', '', '0');
INSERT INTO `customers` VALUES('5a28095f926dc', 'WEP-1712-1294601734', '0', 'Herr', 'l', 'l', 'l', 'l', 'l', '', 'l', 'Austria', 'l', 'cash', 'pending', 'not_started', 'pending', '0000-00-00', '2700460243', '', '0');
INSERT INTO `customers` VALUES('5a280c1fd021f', 'WEP-1712-241708443', '0', 'Herr', '', 'j', 'j', 'j', 'j', '', 'j', 'Austria', 'j', 'cash', 'pending', 'not_started', 'pending', '0000-00-00', '2267510906', '', '0');
INSERT INTO `customers` VALUES('5a280c7c5fd19', 'WEP-1712-696497309', '0', 'Herr', 'k', 'k', 'k', 'k', 'k', 'k', 'k', 'Austria', 'k', 'cash', 'pending', 'not_started', 'pending', '0000-00-00', '767787341', '', '0');
INSERT INTO `customers` VALUES('5a282d01483d8', 'WEP-1712-1518000867', '0', '', '', '', '', '', '', '', '', '', '', '', 'pending', 'not_started', 'pending', '0000-00-00', '1713398529', '', '0');
INSERT INTO `customers` VALUES('5a28f8b2e736f', 'WEP-1712-2330693828', '0', 'Herr', 'ä', 'g', 'g', 'g', 'g', 'g', 'g', 'Austria', 'g', 'cash', 'pending', 'not_started', 'pending', '0000-00-00', '728790222', '', '0');
INSERT INTO `customers` VALUES('5a29008114e1e', 'WEP-1712-1067514189', '0', 'Herr', 'ha', 'hf', 'a', 'fasf', '5', 'fa', 'fa', 'Austria', 'f', 'cash', 'pending', 'not_started', 'pending', '0000-00-00', '1883785773', '', '0');
INSERT INTO `customers` VALUES('5a29025b5e86f', 'WEP-1712-2046138691', '0', '', '', '', '', '', '', '', '', '', '', '', 'pending', 'not_started', 'pending', '0000-00-00', '1524534859', '', '0');
INSERT INTO `customers` VALUES('5a2919ecace89', 'WEP-1712-1323962673', '0', 'Herr', 'löLKklöKlökl', 'LKKL', 'K', 'K', 'KL', 'K', 'K', 'Austria', 'KK', 'cash', 'pending', 'not_started', 'pending', '0000-00-00', '859493906', '', '0');
INSERT INTO `customers` VALUES('5a2924e8656c8', 'WEP-1712-3639494104', '0', 'Herr', 'KJLÖ^KJLÖ^LKJ^JLK^JLK^JLK^KJLÖ', 'KJ', 'LKJL', 'KJ', 'KJL', 'KJLÖ', 'KJLKJL', 'Austria', 'KJL', 'cash', 'pending', 'not_started', 'pending', '0000-00-00', '2699784534', '', '0');
INSERT INTO `customers` VALUES('5a2948ab1e898', 'WEP-1712-1055267041', '0', '', '', '', '', '', '', '', '', '', '', '', 'pending', 'not_started', 'pending', '0000-00-00', '2940217399', '', '0');
INSERT INTO `customers` VALUES('5a295728674f0', 'WEP-1712-484733193', '0', '', '', '', '', '', '', '', '', '', '', '', 'pending', 'not_started', 'pending', '0000-00-00', '2831612153', '', '0');
INSERT INTO `customers` VALUES('5a29798b132ec', 'WEP-1712-2535483500', '0', '', '', '', '', '', '', '', '', '', '', '', 'pending', 'not_started', 'pending', '0000-00-00', '1422432360', '', '0');
INSERT INTO `customers` VALUES('5a29db742993f', 'WEP-1712-3894042776', '0', '', '', '', '', '', '', '', '', '', '', '', 'pending', 'not_started', 'pending', '0000-00-00', '412780749', '', '0');
INSERT INTO `customers` VALUES('5a2a804d95dae', 'WEP-1712-1974997155', '0', '', '', '', '', '', '', '', '', '', '', '', 'pending', 'not_started', 'pending', '0000-00-00', '2991818129', '', '0');
INSERT INTO `customers` VALUES('5a2ac11322ae8', 'WEP-1712-1017222366', '0', '', '', '', '', '', '', '', '', '', '', '', 'pending', 'not_started', 'pending', '0000-00-00', '249629504', '', '0');
INSERT INTO `customers` VALUES('5a2ac15364b9c', 'WEP-1712-1345809914', '0', '', '', '', '', '', '', '', '', '', '', '', 'pending', 'not_started', 'pending', '0000-00-00', '1750596600', '', '0');
INSERT INTO `customers` VALUES('5a2ac29a9cda4', 'WEP-1712-1702552844', '1', 'Herr', 'Ing.', 'Harald', 'Luger', 'Stifterstraße', '1', 'Edt bei Lambach', '4650', 'Austria', 'paul.luger@gmx.at', 'cash', 'pending', 'not_started', 'pending', '2017-12-08', '3878481011', '', '0');
INSERT INTO `customers` VALUES('5a2af27b21fda', 'WEP-1712-3036440102', '0', '', '', '', '', '', '', '', '', '', '', '', 'pending', 'not_started', 'pending', '0000-00-00', '1334693624', '', '0');
INSERT INTO `customers` VALUES('5a2af2b0b8d8a', 'WEP-1712-984701708', '0', '', '', '', '', '', '', '', '', '', '', '', 'pending', 'not_started', 'pending', '0000-00-00', '4018685915', '', '0');
INSERT INTO `customers` VALUES('5a2b00fe91c07', 'WEP-1712-428931907', '0', '', '', '', '', '', '', '', '', '', '', '', 'pending', 'not_started', 'pending', '0000-00-00', '1112080604', '', '0');
INSERT INTO `customers` VALUES('5a2b01055bd61', 'WEP-1712-1583475775', '0', '', '', '', '', '', '', '', '', '', '', '', 'pending', 'not_started', 'pending', '0000-00-00', '1130808013', '', '0');
INSERT INTO `customers` VALUES('5a2c35c927c9f', 'WEP-1712-2951060025', '0', '', '', '', '', '', '', '', '', '', '', '', 'pending', 'not_started', 'pending', '0000-00-00', '3507927570', '', '0');
INSERT INTO `customers` VALUES('5a2c49d7c760c', 'WEP-1712-4138901856', '0', '', '', '', '', '', '', '', '', '', '', '', 'pending', 'not_started', 'pending', '0000-00-00', '4132421988', '', '0');
INSERT INTO `customers` VALUES('5a2c5ba0a1b6e', 'WEP-1712-705103378', '0', '', '', '', '', '', '', '', '', '', '', '', 'pending', 'not_started', 'pending', '0000-00-00', '1024753910', '', '0');
INSERT INTO `customers` VALUES('5a2c5bd69fdcd', 'WEP-1712-1795290459', '0', '', '', '', '', '', '', '', '', '', '', '', 'pending', 'not_started', 'pending', '0000-00-00', '2771344249', '', '0');
INSERT INTO `customers` VALUES('5a2c5bf777e08', 'WEP-1712-863884116', '0', '', '', '', '', '', '', '', '', '', '', '', 'pending', 'not_started', 'pending', '0000-00-00', '2548846907', '', '0');
INSERT INTO `customers` VALUES('5a2d053d5e255', 'WEP-1712-3838168910', '0', '', '', '', '', '', '', '', '', '', '', '', 'pending', 'not_started', 'pending', '0000-00-00', '3490654195', '', '0');
INSERT INTO `customers` VALUES('5a2d1589d2345', 'WEP-1712-612572456', '0', '', '', '', '', '', '', '', '', '', '', '', 'pending', 'not_started', 'pending', '0000-00-00', '2810497724', '', '0');
INSERT INTO `customers` VALUES('5a2d3b242e5eb', 'WEP-1712-1332607619', '0', '', '', '', '', '', '', '', '', '', '', '', 'pending', 'not_started', 'pending', '0000-00-00', '2855959052', '', '0');
INSERT INTO `customers` VALUES('5a2d43cb378ac', 'WEP-1712-957951068', '0', '', '', '', '', '', '', '', '', '', '', '', 'pending', 'not_started', 'pending', '0000-00-00', '327006631', '', '0');
INSERT INTO `customers` VALUES('5a2d6d3e9446b', 'WEP-1712-3414931028', '0', '', '', '', '', '', '', '', '', '', '', '', 'pending', 'not_started', 'pending', '0000-00-00', '61760108', '', '0');
INSERT INTO `customers` VALUES('5a2e26186ed0e', 'WEP-1712-2261193866', '0', '', '', '', '', '', '', '', '', '', '', '', 'pending', 'not_started', 'pending', '0000-00-00', '1077348828', '', '0');
INSERT INTO `customers` VALUES('5a2e26610094c', 'WEP-1712-1902501896', '0', '', '', '', '', '', '', '', '', '', '', '', 'pending', 'not_started', 'pending', '0000-00-00', '1789769194', '', '0');
INSERT INTO `customers` VALUES('5a2e268157124', 'WEP-1712-228521375', '0', '', '', '', '', '', '', '', '', '', '', '', 'pending', 'not_started', 'pending', '0000-00-00', '2223868445', '', '0');
INSERT INTO `customers` VALUES('5a2e26c275055', 'WEP-1712-2338213904', '0', '', '', '', '', '', '', '', '', '', '', '', 'pending', 'not_started', 'pending', '0000-00-00', '287758848', '', '0');
CREATE TABLE `department_assigns` (  `id` varchar(13) COLLATE utf8_unicode_ci NOT NULL,  `user_id` varchar(13) COLLATE utf8_unicode_ci NOT NULL,  `department_id` varchar(13) COLLATE utf8_unicode_ci NOT NULL,  PRIMARY KEY (`id`)) ENGINE=InnoDB DEFAULT CHARSET=utf8 COLLATE=utf8_unicode_ci;
INSERT INTO `department_assigns` VALUES('59d0e4c00e085', '59ce8bf6ac404', '59d0d8ee1f3d8');
INSERT INTO `department_assigns` VALUES('59d0e4ccdd7ca', '59ce8f96cb791', '59d0d8ee1f3d8');
INSERT INTO `department_assigns` VALUES('59d0e4d5a7357', '59ce8fb1c799d', '59d0d8fd83056');
INSERT INTO `department_assigns` VALUES('59d0e4da78d45', '59ce8c0a10306', '59d0d8fd83056');
INSERT INTO `department_assigns` VALUES('59d0e4e011eb8', '59ce8fc91e63d', '59d0d8fd83056');
INSERT INTO `department_assigns` VALUES('59d0e4ec1f21a', '59ce8fb7b46e1', '59d0d8fa5bbe4');
INSERT INTO `department_assigns` VALUES('59d0e4f35a878', '59ce8fe52e82b', '59d0d8fa5bbe4');
INSERT INTO `department_assigns` VALUES('59d0e4f8a57d0', '59ce8fdd5657c', '59d0d8fa5bbe4');
INSERT INTO `department_assigns` VALUES('59d0e4ff5a8ec', '59ce8fd2cbe9a', '59d0d9011158f');
INSERT INTO `department_assigns` VALUES('59d0e50625be3', '59ce8fbe46f7f', '59d0d9011158f');
INSERT INTO `department_assigns` VALUES('59d0e50b54521', '59ce8c11b145c', '59d0d904d5e45');
INSERT INTO `department_assigns` VALUES('59d0e51442d68', '59ce8f9eaba3a', '59d0d904d5e45');
INSERT INTO `department_assigns` VALUES('59d0e51837a90', '59ce8f96cb791', '59d0d904d5e45');
INSERT INTO `department_assigns` VALUES('59d0e5224c58f', '59ce8f9eaba3a', '59d0d908d4e0b');
INSERT INTO `department_assigns` VALUES('59d0e558e9650', '59ce8c0a10306', '59d0d908d4e0b');
INSERT INTO `department_assigns` VALUES('59d0e55ff1d2e', '59ce8fa616a11', '59d0d90c86c3b');
INSERT INTO `department_assigns` VALUES('59d0e5657ab82', '59ce8fbe46f7f', '59d0d90c86c3b');
INSERT INTO `department_assigns` VALUES('59f0d507e3c15', '59ce8c11b145c', '59d0d9011158f');
INSERT INTO `department_assigns` VALUES('5a0c332b1f6e9', '59ce8fa616a11', '59d0d8ee1f3d8');
CREATE TABLE `departments` (  `id` varchar(13) COLLATE utf8_unicode_ci NOT NULL,  `department` varchar(100) COLLATE utf8_unicode_ci NOT NULL,  PRIMARY KEY (`id`)) ENGINE=InnoDB DEFAULT CHARSET=utf8 COLLATE=utf8_unicode_ci;
INSERT INTO `departments` VALUES('59d0d8ee1f3d8', 'Einkauf');
INSERT INTO `departments` VALUES('59d0d8fa5bbe4', 'Konstruktion');
INSERT INTO `departments` VALUES('59d0d8fd83056', 'Produktion');
INSERT INTO `departments` VALUES('59d0d9011158f', 'Marketing');
INSERT INTO `departments` VALUES('59d0d904d5e45', 'Administration');
INSERT INTO `departments` VALUES('59d0d908d4e0b', 'Buchhaltung');
INSERT INTO `departments` VALUES('59d0d90c86c3b', 'Verkauf');
CREATE TABLE `discount_codes` (  `id` varchar(13) NOT NULL,  `code` varchar(100) NOT NULL,  `discount_type` varchar(50) NOT NULL,  `discount_amount` int(10) NOT NULL,  PRIMARY KEY (`id`)) ENGINE=InnoDB DEFAULT CHARSET=latin1;
INSERT INTO `discount_codes` VALUES('5a267e3fad012', 'TEST123', 'absolute', '5');
INSERT INTO `discount_codes` VALUES('5a267e4614a26', 'TEST456', 'percent', '15');
INSERT INTO `discount_codes` VALUES('5a29006ba764f', 'XMASLEHRER17', 'absolute', '5');
INSERT INTO `discount_codes` VALUES('5a2901c0aac8a', 'XMASSCHUELER17', 'absolute', '5');
INSERT INTO `discount_codes` VALUES('5a290312cd94d', 'Wepen-NCH642rm', 'percent', '100');
INSERT INTO `discount_codes` VALUES('5a29033511af7', 'Wepen-JNF942ko', 'percent', '25');
INSERT INTO `discount_codes` VALUES('5a290345deade', 'Wepen-UVV344ts', 'percent', '10');
INSERT INTO `discount_codes` VALUES('5a2903ada99cc', 'Hatti', 'absolute', '155');
INSERT INTO `discount_codes` VALUES('5a291c6d99226', 'Hatti2', 'absolute', '884451');
CREATE TABLE `email_recievers` (  `id` varchar(13) COLLATE utf8_unicode_ci NOT NULL,  `user_id` varchar(13) COLLATE utf8_unicode_ci NOT NULL,  `mail_id` varchar(13) COLLATE utf8_unicode_ci NOT NULL,  PRIMARY KEY (`id`)) ENGINE=InnoDB DEFAULT CHARSET=utf8 COLLATE=utf8_unicode_ci;
INSERT INTO `email_recievers` VALUES('59cea58dc6189', '59ce8c11b145c', '59cea191ef660');
INSERT INTO `email_recievers` VALUES('59cea5965be5a', '59ce8f9eaba3a', '59cea191ef660');
INSERT INTO `email_recievers` VALUES('59cea59ec04c2', '59ce8f96cb791', '59cea191ef660');
INSERT INTO `email_recievers` VALUES('59cea5ab75d17', '59ce8bf6ac404', '59cea16fe1188');
INSERT INTO `email_recievers` VALUES('59cea5ad4e372', '59ce8c0a10306', '59cea16fe1188');
INSERT INTO `email_recievers` VALUES('59cea5af31023', '59ce8c11b145c', '59cea16fe1188');
INSERT INTO `email_recievers` VALUES('59cea5b1393d5', '59ce8f96cb791', '59cea16fe1188');
INSERT INTO `email_recievers` VALUES('59cea5b3579c8', '59ce8f9eaba3a', '59cea16fe1188');
INSERT INTO `email_recievers` VALUES('59cea5b574f43', '59ce8fa616a11', '59cea16fe1188');
INSERT INTO `email_recievers` VALUES('59cea5b7b2f51', '59ce8fb1c799d', '59cea16fe1188');
INSERT INTO `email_recievers` VALUES('59cea5ba6f2d4', '59ce8fb7b46e1', '59cea16fe1188');
INSERT INTO `email_recievers` VALUES('59cea5bce3796', '59ce8fbe46f7f', '59cea16fe1188');
INSERT INTO `email_recievers` VALUES('59cea5bf776b1', '59ce8fc91e63d', '59cea16fe1188');
INSERT INTO `email_recievers` VALUES('59cea5c1d3985', '59ce8fd2cbe9a', '59cea16fe1188');
INSERT INTO `email_recievers` VALUES('59cea5c417165', '59ce8fdd5657c', '59cea16fe1188');
INSERT INTO `email_recievers` VALUES('59cea5c62b67e', '59ce8fe52e82b', '59cea16fe1188');
INSERT INTO `email_recievers` VALUES('59cea5d547151', '59ce8fb7b46e1', '59cea1847d323');
INSERT INTO `email_recievers` VALUES('59cea5d982d72', '59ce8fe52e82b', '59cea1847d323');
INSERT INTO `email_recievers` VALUES('59cea5e479424', '59ce8fdd5657c', '59cea1847d323');
INSERT INTO `email_recievers` VALUES('59cea5f015cb5', '59ce8bf6ac404', '59cea18059bfc');
INSERT INTO `email_recievers` VALUES('59cea5f9041df', '59ce8f96cb791', '59cea18059bfc');
INSERT INTO `email_recievers` VALUES('59cea60c671fa', '59ce8c11b145c', '59cea18d9c29e');
INSERT INTO `email_recievers` VALUES('59cea611a5d87', '59ce8fbe46f7f', '59cea18d9c29e');
INSERT INTO `email_recievers` VALUES('59cea6169030c', '59ce8fd2cbe9a', '59cea18d9c29e');
INSERT INTO `email_recievers` VALUES('59cea622b5070', '59ce8f9eaba3a', '59cea199c859d');
INSERT INTO `email_recievers` VALUES('59cea627e3748', '59ce8c0a10306', '59cea199c859d');
INSERT INTO `email_recievers` VALUES('59cea62d441c4', '59ce8f96cb791', '59cea199c859d');
INSERT INTO `email_recievers` VALUES('59cea63947ecc', '59ce8fb1c799d', '59cea18931924');
INSERT INTO `email_recievers` VALUES('59cea64102ba0', '59ce8c0a10306', '59cea18931924');
INSERT INTO `email_recievers` VALUES('59cea6474cb22', '59ce8fc91e63d', '59cea18931924');
INSERT INTO `email_recievers` VALUES('59cea65470e25', '59ce8fa616a11', '59cea19e9da89');
INSERT INTO `email_recievers` VALUES('59cea659f26de', '59ce8fbe46f7f', '59cea19e9da89');
INSERT INTO `email_recievers` VALUES('59d0e498abdab', '59ce8bf6ac404', '59d0d8ee1f3d8');
CREATE TABLE `emails` (  `id` varchar(13) COLLATE utf8_unicode_ci NOT NULL,  `email` varchar(100) COLLATE utf8_unicode_ci NOT NULL,  PRIMARY KEY (`id`)) ENGINE=InnoDB DEFAULT CHARSET=utf8 COLLATE=utf8_unicode_ci;
INSERT INTO `emails` VALUES('59cea16fe1188', 'company@wepen.at');
INSERT INTO `emails` VALUES('59cea18059bfc', 'einkauf@wepen.at');
INSERT INTO `emails` VALUES('59cea1847d323', 'construction@wepen.at');
INSERT INTO `emails` VALUES('59cea18931924', 'production@wepen.at');
INSERT INTO `emails` VALUES('59cea18d9c29e', 'marketing@wepen.at');
INSERT INTO `emails` VALUES('59cea191ef660', 'administration@wepen.at');
INSERT INTO `emails` VALUES('59cea199c859d', 'office@wepen.at');
INSERT INTO `emails` VALUES('59cea19e9da89', 'verkauf@wepen.at');
CREATE TABLE `font_styles` (  `id` int(11) NOT NULL AUTO_INCREMENT,  `font` varchar(100) COLLATE utf8_unicode_ci NOT NULL,  `name` varchar(100) COLLATE utf8_unicode_ci NOT NULL,  PRIMARY KEY (`id`)) ENGINE=InnoDB AUTO_INCREMENT=13 DEFAULT CHARSET=utf8 COLLATE=utf8_unicode_ci;
INSERT INTO `font_styles` VALUES('1', 'Calibri, sans-serif', 'Calibri');
INSERT INTO `font_styles` VALUES('2', 'Georgia, serif', 'Georgia');
INSERT INTO `font_styles` VALUES('3', 'Times, serif', 'Times New Roman');
INSERT INTO `font_styles` VALUES('4', 'Arial, Helvetica, sans-serif', 'Arial');
INSERT INTO `font_styles` VALUES('5', 'cursive, sans-serif', 'Comic Sans');
INSERT INTO `font_styles` VALUES('6', 'Impact, Charcoal, sans-serif', 'Impact');
INSERT INTO `font_styles` VALUES('7', 'Tahoma, Geneva, sans-serif', 'Tahoma');
INSERT INTO `font_styles` VALUES('8', 'Helvetica, sans-serif', 'Helvetica');
INSERT INTO `font_styles` VALUES('9', 'Verdana, Geneva, sans-serif', 'Verdana');
INSERT INTO `font_styles` VALUES('10', 'Courier, monospace', 'Courier');
INSERT INTO `font_styles` VALUES('11', 'Monaco, monospace', 'Monaco');
INSERT INTO `font_styles` VALUES('12', 'Papyrus', 'Papyrus');
CREATE TABLE `graduating` (  `id` varchar(13) COLLATE utf8_unicode_ci NOT NULL,  `product_id` varchar(13) COLLATE utf8_unicode_ci NOT NULL,  `amount` int(11) NOT NULL,  `price_per_item` float NOT NULL,  PRIMARY KEY (`id`)) ENGINE=InnoDB DEFAULT CHARSET=utf8 COLLATE=utf8_unicode_ci;
INSERT INTO `graduating` VALUES('59e7700de147c', '59e7700de0bc4', '1', '11.9');
INSERT INTO `graduating` VALUES('59e773b21d42c', '59de59cf56656', '1', '15.9');
INSERT INTO `graduating` VALUES('59e773d1b9280', '59de606a1d224', '1', '6');
INSERT INTO `graduating` VALUES('59e773d723c35', '59de60a546129', '1', '6.5');
INSERT INTO `graduating` VALUES('59e773dcc5d96', '59de62534a1e2', '1', '6');
INSERT INTO `graduating` VALUES('59e773e28acfd', '59de62a0c9818', '1', '24.9');
INSERT INTO `graduating` VALUES('59e7742188719', '59de62d1d780c', '1', '24.9');
INSERT INTO `graduating` VALUES('59e7742bcd414', '59de63108da48', '1', '24.9');
INSERT INTO `graduating` VALUES('59e7742f6933e', '59de6353e1774', '1', '24.9');
INSERT INTO `graduating` VALUES('59e77432d52aa', '59de637d8ccd0', '1', '26.9');
INSERT INTO `graduating` VALUES('59e7743721099', '59de63b036d71', '1', '24.9');
INSERT INTO `graduating` VALUES('59e774ac89ca9', '59e7700de0bc4', '1', '10');
INSERT INTO `graduating` VALUES('59e83e0c2950c', '59de62a0c9818', '5', '22.9');
INSERT INTO `graduating` VALUES('59e83e1180236', '59de62a0c9818', '10', '19.9');
INSERT INTO `graduating` VALUES('59e83e60d9cf2', '59de6353e1774', '5', '22.9');
INSERT INTO `graduating` VALUES('59e83e65cf3ba', '59de6353e1774', '10', '19.9');
INSERT INTO `graduating` VALUES('59e83e6f61275', '59de63b036d71', '5', '22.9');
INSERT INTO `graduating` VALUES('59e83e743eb7a', '59de63b036d71', '10', '19.9');
INSERT INTO `graduating` VALUES('59f869b30bee9', '59de62d1d780c', '5', '22.9');
INSERT INTO `graduating` VALUES('59f869b978f39', '59de62d1d780c', '10', '19.9');
INSERT INTO `graduating` VALUES('59f869c56d6b6', '59de63108da48', '5', '22.9');
INSERT INTO `graduating` VALUES('59f869ca4af89', '59de63108da48', '10', '19.9');
INSERT INTO `graduating` VALUES('5a2022090d610', '5a2022090d417', '1', '6');
CREATE TABLE `items` (  `id` varchar(13) COLLATE utf8_unicode_ci NOT NULL,  `name` varchar(200) COLLATE utf8_unicode_ci NOT NULL,  `number` varchar(50) COLLATE utf8_unicode_ci NOT NULL,  `description` text COLLATE utf8_unicode_ci NOT NULL,  `unit` varchar(10) COLLATE utf8_unicode_ci NOT NULL,  `price` float NOT NULL,  `price_per_amt` int(5) NOT NULL,  `order_size` int(5) NOT NULL,  `material` varchar(20) COLLATE utf8_unicode_ci NOT NULL,  `weight` float NOT NULL,  `geometry` varchar(20) COLLATE utf8_unicode_ci NOT NULL,  `size` varchar(100) COLLATE utf8_unicode_ci NOT NULL,  `comment` text COLLATE utf8_unicode_ci NOT NULL,  `alert_amt` int(5) NOT NULL,  `stock` int(5) NOT NULL,  PRIMARY KEY (`id`)) ENGINE=InnoDB DEFAULT CHARSET=utf8 COLLATE=utf8_unicode_ci;
INSERT INTO `items` VALUES('59db84d273354', 'Holzbox', 'WEA-0001', 'Holzbox, Zukaufteil, unbearbeitet,\r\nhält 2 Stifte,\r\nScharniere: 2 Stk. in der Schachtel eingearbeitet ', 'Stk.', '600', '150', '150', 'Holz', '0', 'Quader', '00x00x00', 'Scharniere standardmäßig zu Steif', '20', '41');
INSERT INTO `items` VALUES('59db86a0c7623', 'Kugelschreiber-Hülle', 'WEA-0002', 'Hülle für Kugelschreiber\r\nAußenmaterial: Holz\r\nBlaue Mine bei Bestellung inkludiert', 'Stk.', '10', '50', '50', 'Sonstiges', '0', 'Sonstiges', '0', '', '10', '50');
INSERT INTO `items` VALUES('59db86ea0c1f6', 'Druckbleistift', 'WEA-0003', 'Druckbleistift\r\nMinengröße: 0,5mm\r\nMinen sind bei Bestellung inkludiert', 'Stk.', '10', '50', '50', 'Sonstiges', '0', 'Sonstiges', '0', '', '10', '50');
INSERT INTO `items` VALUES('59db8758dd5ff', 'Kugelschreiber-Mine (Blau)', 'WEA-0004', 'Blaue Mine für Artikel WEA-0002\r\nMine bei genannten Produkt inkludiert', 'Stk.', '5', '50', '50', 'Aluminium', '0', 'Sonstiges', '0', '', '10', '38');
INSERT INTO `items` VALUES('59db878c76af0', 'Kugelschreiber-Mine (Rot)', 'WEA-0005', 'Rote Mine für Artikel WEA-0002', 'Stk.', '5', '50', '50', 'Aluminium', '0', 'Sonstiges', '0', '', '10', '2');
INSERT INTO `items` VALUES('5a2024c5d4d22', 'Zusatzleistung', 'WEA-9000', 'Zusatzleistungen wie Versand etc.', 'Stk.', '0', '0', '0', 'Sonstiges', '0', 'Sonstiges', '0', '', '0', '1');
CREATE TABLE `marketing_elements` (  `id` varchar(13) COLLATE utf8_unicode_ci NOT NULL,  `section_id` varchar(13) COLLATE utf8_unicode_ci NOT NULL,  `type` varchar(20) COLLATE utf8_unicode_ci NOT NULL,  `title` varchar(200) COLLATE utf8_unicode_ci NOT NULL,  `content` text COLLATE utf8_unicode_ci NOT NULL,  `image` varchar(200) COLLATE utf8_unicode_ci NOT NULL,  PRIMARY KEY (`id`)) ENGINE=InnoDB DEFAULT CHARSET=utf8 COLLATE=utf8_unicode_ci;
INSERT INTO `marketing_elements` VALUES('59f0d0e2e2b57', '59f0b244a911d', 'img2', 'Logo Version 1', '&copy; Manuel Weißböck', '/files/content/marketing/59f0d13049192.jpg');
INSERT INTO `marketing_elements` VALUES('59f0d0e5e49de', '59f0b244a911d', 'img2', 'Logo Version 2', '&copy; Stjepan Marcikic', '/files/content/marketing/59f0d1a007382.png');
INSERT INTO `marketing_elements` VALUES('59f0d0f15722c', '59f0b2776cce5', 'img2', 'Variante 1', '&copy; Manuel Weißböck', '/files/content/marketing/59f0d40530890.jpg');
INSERT INTO `marketing_elements` VALUES('59f0d0f5816bf', '59f0b2776cce5', 'img2', 'Variante 2', '&copy; Stjepan Marcikic', '/files/content/marketing/59f0d1fb3dac2.jpg');
INSERT INTO `marketing_elements` VALUES('59f7583c4dbe3', '59f75822f1be6', 'text1', 'Facebook', '<a href=\"https://www.facebook.com/wepenjc/\">Facebook-Link</a>', '/files/content/logos/logo_ver_2.png');
INSERT INTO `marketing_elements` VALUES('5a0ebda7c1b71', '5a0ebd992d22f', 'img2', 'Titel', 'Inhalt', '/files/content/logos/logo_ver_2.png');
CREATE TABLE `marketing_sections` (  `id` varchar(13) COLLATE utf8_unicode_ci NOT NULL,  `name` varchar(100) COLLATE utf8_unicode_ci NOT NULL,  PRIMARY KEY (`id`)) ENGINE=InnoDB DEFAULT CHARSET=utf8 COLLATE=utf8_unicode_ci;
INSERT INTO `marketing_sections` VALUES('59f0b244a911d', 'Logos');
INSERT INTO `marketing_sections` VALUES('59f0b2776cce5', 'Plakate');
INSERT INTO `marketing_sections` VALUES('59f75822f1be6', 'Social Media(WIP)');
INSERT INTO `marketing_sections` VALUES('5a0ebd992d22f', 'Flyer');
CREATE TABLE `orders` (  `id` varchar(13) COLLATE utf8_unicode_ci NOT NULL,  `customer_id` varchar(13) COLLATE utf8_unicode_ci NOT NULL,  `product_id` varchar(13) COLLATE utf8_unicode_ci NOT NULL,  PRIMARY KEY (`id`)) ENGINE=InnoDB DEFAULT CHARSET=utf8 COLLATE=utf8_unicode_ci;
INSERT INTO `orders` VALUES('59da580dcce8c', '59da50c2e8f46', '59da57e757b7c');
INSERT INTO `orders` VALUES('59da581f2fcb2', '59da50c2e8f46', '59da581895fbd');
INSERT INTO `orders` VALUES('59da8580d07b1', '59da84904cf9a', '59da84dcb5699');
INSERT INTO `orders` VALUES('59da86069fe65', '59da84904cf9a', '59da85c174f4d');
INSERT INTO `orders` VALUES('59db19187d30f', '59db18b34f3d8', '59db18c4d1390');
INSERT INTO `orders` VALUES('59db1b3f5eee2', '59db1a6e853f2', '59db1afb76a5f');
INSERT INTO `orders` VALUES('59db1fc950c7f', '59db1d641189d', '59db1d9c97da9');
INSERT INTO `orders` VALUES('59db2c35c8c37', '59db2b6c3efff', '59db2c0ea6c4a');
INSERT INTO `orders` VALUES('59db2f550b8d9', '59db279d9820d', '59db2f224900b');
INSERT INTO `orders` VALUES('59db33403049b', '59db279d9820d', '59db329ad6cab');
INSERT INTO `orders` VALUES('59dc7bf66e40a', '59db2df9aa28f', '59dc7b58ab6e2');
INSERT INTO `orders` VALUES('59e1029603ac4', '59e101abe0a93', '59e1023480162');
INSERT INTO `orders` VALUES('59e24ef3de77f', '59e24ee7a2102', '59e24eefc3301');
INSERT INTO `orders` VALUES('59e63b5934457', '59e63ac8e5e18', '59e63afa85723');
INSERT INTO `orders` VALUES('59e7193527ba6', '59e7184681437', '59e7186273df0');
INSERT INTO `orders` VALUES('59e71f6a38697', '59e7185a59b20', '59e71f3ed8b9a');
INSERT INTO `orders` VALUES('59e721186fe36', '59e72049125dc', '59e720ac170fb');
INSERT INTO `orders` VALUES('59e843b550988', '59e83f51d5d16', '59e84399dc3bc');
INSERT INTO `orders` VALUES('59e870757e7f6', '59e86e9f59929', '59e86f9a805ba');
INSERT INTO `orders` VALUES('59e871326d783', '59e8709f402c5', '59e870aa19b43');
INSERT INTO `orders` VALUES('59e871c26b4c5', '59e8716e84e80', '59e8717fc5997');
INSERT INTO `orders` VALUES('59e87258a8ac3', '59e872259cb32', '59e87235eb915');
INSERT INTO `orders` VALUES('59e87328c6ff4', '59e73ad03f975', '59e872a3587d5');
INSERT INTO `orders` VALUES('59e8783786e6e', '59e877742e897', '59e877929063d');
INSERT INTO `orders` VALUES('59e8b0935e509', '59e7afb9140a1', '59e8b090152ed');
INSERT INTO `orders` VALUES('59e8ca86727e2', '59e8ca86722f2', '59e8ca86725da');
INSERT INTO `orders` VALUES('59e8ca9e95af0', '59e8ca9e957be', '59e8ca9e959ae');
INSERT INTO `orders` VALUES('59e8cb68d67e0', '59e8cb68d64cd', '59e8cb68d66d9');
INSERT INTO `orders` VALUES('59e8cca2b526c', '59e8cca2b3662', '59e8cca2b3845');
INSERT INTO `orders` VALUES('59e8cfa03f8aa', '59e8cfa03f527', '59e8cfa03f72c');
INSERT INTO `orders` VALUES('59e8e9b174a55', '59e8e9b174631', '59e8e9b1748c2');
INSERT INTO `orders` VALUES('59e8e9bab8ff1', '59e8e9bab8cca', '59e8e9bab8ee4');
INSERT INTO `orders` VALUES('59e8e9bea04e5', '59e8e9bea00ee', '59e8e9bea0365');
INSERT INTO `orders` VALUES('59e8e9decd3b3', '59e8e9decd079', '59e8e9decd295');
INSERT INTO `orders` VALUES('59e8f87c69c52', '59e8f87c6998b', '59e8f87c69b0c');
INSERT INTO `orders` VALUES('59e993f705523', '59e993f704fc0', '59e993f70532f');
INSERT INTO `orders` VALUES('59e9a2225a7d0', '59e9a2225a4ec', '59e9a2225a6c2');
INSERT INTO `orders` VALUES('59e9a227ca46c', '59e9a227c9f9f', '59e9a227ca2f3');
INSERT INTO `orders` VALUES('59e9a2453b62c', '59e9a2453b2a6', '59e9a2453b4c4');
INSERT INTO `orders` VALUES('59e9a24b3b237', '59e9a24b3ae36', '59e9a24b3b0df');
INSERT INTO `orders` VALUES('59e9a2834536f', '59e9a28345079', '59e9a28345215');
INSERT INTO `orders` VALUES('59e9a284b2788', '59e9a284b2414', '59e9a284b264d');
INSERT INTO `orders` VALUES('59e9bc7c429d5', '59e9bc7c426e4', '59e9bc7c428b7');
INSERT INTO `orders` VALUES('59e9bd072d913', '59e9bd072d573', '59e9bd072d79e');
INSERT INTO `orders` VALUES('59e9bd40e49f1', '59e9bd40e46b0', '59e9bd40e48ae');
INSERT INTO `orders` VALUES('59e9c055628a0', '59e9c055623db', '59e9c055626c4');
INSERT INTO `orders` VALUES('59e9ca52b0adf', '59e9ca52b066d', '59e9ca52b08b3');
INSERT INTO `orders` VALUES('59e9caebddb66', '59e9caebdd7e6', '59e9caebdd9e5');
INSERT INTO `orders` VALUES('59e9d341c836d', '59e9d341c803f', '59e9d341c8233');
INSERT INTO `orders` VALUES('59e9d445427bb', '59e9d445423fd', '59e9d44542602');
INSERT INTO `orders` VALUES('59e9d8f9c84f9', '59e9d8f9c815b', '59e9d8f9c835c');
INSERT INTO `orders` VALUES('59e9d9ffe98cb', '59e9d9ffe93b3', '59e9d9ffe96aa');
INSERT INTO `orders` VALUES('59e9da8b3a368', '59e9da8b3a08e', '59e9da8b3a246');
INSERT INTO `orders` VALUES('59e9db0ee440b', '59e9db0ee4037', '59e9db0ee4277');
INSERT INTO `orders` VALUES('59e9db823b976', '59e9db8239151', '59e9db82393a1');
INSERT INTO `orders` VALUES('59e9f82413deb', '59e9f82413690', '59e9f8241382d');
INSERT INTO `orders` VALUES('59ea03c672adb', '59ea03c672674', '59ea03c6728e8');
INSERT INTO `orders` VALUES('59ea048b639c4', '59ea048b63615', '59ea048b63827');
INSERT INTO `orders` VALUES('59ea04adebcb0', '59ea04adeb8cd', '59ea04adebae5');
INSERT INTO `orders` VALUES('59ea04b638ff4', '59ea04b638cc8', '59ea04b638e8f');
INSERT INTO `orders` VALUES('59ea05b4237d5', '59ea05b4232d5', '59ea05b4234eb');
INSERT INTO `orders` VALUES('59ea05cc41eda', '59ea05cc41b46', '59ea05cc41d58');
INSERT INTO `orders` VALUES('59ea05d5cb8c4', '59ea05d5cb529', '59ea05d5cb734');
INSERT INTO `orders` VALUES('59ea07abec367', '59ea07abebf8f', '59ea07abec1b8');
INSERT INTO `orders` VALUES('59ea3aab52bfb', '59ea3aab52881', '59ea3aab52a7c');
INSERT INTO `orders` VALUES('59ea4bfff38e3', '59ea4bfff3538', '59ea4bfff377b');
INSERT INTO `orders` VALUES('59ea4c63a590f', '59ea4bfff3538', '59ea4c63a576a');
INSERT INTO `orders` VALUES('59ea5654e7df8', '59ea5654e78ef', '59ea5654e7c61');
INSERT INTO `orders` VALUES('59eb6bac415b9', '59eb6bac4113e', '59eb6bac41436');
INSERT INTO `orders` VALUES('59eb6ee3b78fc', '59eb6ee3b7493', '59eb6ee3b7756');
INSERT INTO `orders` VALUES('59eb7b6d235e8', '59eb7b6d232b3', '59eb7b6d234c0');
INSERT INTO `orders` VALUES('59eb7bb71c574', '59eb7bb71c213', '59eb7bb71c416');
INSERT INTO `orders` VALUES('59ec6cf0625c4', '59ec6cf062154', '59ec6cf062431');
INSERT INTO `orders` VALUES('59ec6fee1ad62', '59ec6fee1a9c8', '59ec6fee1abe3');
INSERT INTO `orders` VALUES('59ec781ba22f6', '59ec781ba1fd6', '59ec781ba21ac');
INSERT INTO `orders` VALUES('59ec9a1c12c4d', '59ec9a1c1277e', '59ec9a1c12a40');
INSERT INTO `orders` VALUES('59ec9c8559f1b', '59ec9c8559c08', '59ec9c8559dd5');
INSERT INTO `orders` VALUES('59ec9e3347482', '59ec9e3347105', '59ec9e334731d');
INSERT INTO `orders` VALUES('59ec9f6ad63b5', '59ec9f6ad6037', '59ec9f6ad620b');
INSERT INTO `orders` VALUES('59eca13563a3e', '59eca135635f9', '59eca1356386d');
INSERT INTO `orders` VALUES('59eca14fd62ce', '59eca135635f9', '59eca14fd608f');
INSERT INTO `orders` VALUES('59ecf66e5db9e', '59ecf66e5d6d1', '59ecf66e5d992');
INSERT INTO `orders` VALUES('59ed1499d82d3', '59ed1499d7a63', '59ed1499d7f24');
INSERT INTO `orders` VALUES('59ed9ed127580', '59ed9ed127143', '59ed9ed1273d4');
INSERT INTO `orders` VALUES('59edcf87e5add', '59edcf87e54d5', '59edcf87e5846');
INSERT INTO `orders` VALUES('59ede85c675ee', '59ede85c672c5', '59ede85c674b5');
INSERT INTO `orders` VALUES('59edeb62a31de', '59edeb62a2e88', '59edeb62a3071');
INSERT INTO `orders` VALUES('59edebfaa22b1', '59edebfaa1e9a', '59edebfaa2167');
INSERT INTO `orders` VALUES('59ee065891dfc', '59ee065891939', '59ee065891be3');
INSERT INTO `orders` VALUES('59ee077db8f30', '59ee077db8c0a', '59ee077db8e0c');
INSERT INTO `orders` VALUES('59ee1f4e20333', '59ee1f4e1ff91', '59ee1f4e20123');
INSERT INTO `orders` VALUES('59ef1a8d2f296', '59ef1a8d2eed5', '59ef1a8d2f102');
INSERT INTO `orders` VALUES('59ef332e3097b', '59ef332e305d5', '59ef332e307b5');
INSERT INTO `orders` VALUES('59ef33ba9bc19', '59ef33ba9b883', '59ef33ba9ba9f');
INSERT INTO `orders` VALUES('59ef3597ac3b4', '59ef3597abfcc', '59ef3597ac247');
INSERT INTO `orders` VALUES('59ef363e22641', '59ef363e222fa', '59ef363e22500');
INSERT INTO `orders` VALUES('59f058d6cedcc', '59f058d6ce9b4', '59f058d6cec0f');
INSERT INTO `orders` VALUES('59f0798d7f3ae', '59f0798d7f052', '59f0798d7f23f');
INSERT INTO `orders` VALUES('59f0b37e54b77', '59f0b37e54668', '59f0b37e54997');
INSERT INTO `orders` VALUES('59f1950fe3b4b', '59f1950fe375e', '59f1950fe395b');
INSERT INTO `orders` VALUES('59f1d3cc619b4', '59f1d3cc61411', '59f1d3cc617c9');
INSERT INTO `orders` VALUES('59f1e55ce5e22', '59f1e55ce5a1d', '59f1e55ce5c87');
INSERT INTO `orders` VALUES('59f215cd34a0f', '59f215cd3445b', '59f215cd3477d');
INSERT INTO `orders` VALUES('59f22a6361dc3', '59f22a6361a43', '59f22a6361c24');
INSERT INTO `orders` VALUES('59f2b39e37c90', '59f2b39e37732', '59f2b39e37a33');
INSERT INTO `orders` VALUES('59f2b6e975cfb', '59f2b6e97592f', '59f2b6e975b89');
INSERT INTO `orders` VALUES('59f2e9a062c3e', '59f2e9a0628ec', '59f2e9a062ad5');
INSERT INTO `orders` VALUES('59f313ec8f9aa', '59f313ec8f5d0', '59f313ec8f7d8');
INSERT INTO `orders` VALUES('59f347853ac27', '59f347853885c', '59f3478538ac2');
INSERT INTO `orders` VALUES('59f347e7b8ebd', '59f347e7b417b', '59f347e7b4418');
INSERT INTO `orders` VALUES('59f42b91edd90', '59f42b91ed932', '59f42b91edb7b');
INSERT INTO `orders` VALUES('59f4afad57d49', '59f4afad53ef5', '59f4afad56e6e');
INSERT INTO `orders` VALUES('59f4b1de87d8a', '59f4b1de8788b', '59f4b1de87b5f');
INSERT INTO `orders` VALUES('59f5e3c1c0457', '59f5e3c1ad258', '59f5e3c1bf8a7');
INSERT INTO `orders` VALUES('59f611098ba9c', '59f611098b51a', '59f611098b819');
INSERT INTO `orders` VALUES('59f6e2ea1f2d2', '59f6e2ea1ee2f', '59f6e2ea1f0e6');
INSERT INTO `orders` VALUES('59f6e9eabc9e7', '59f6e9eabc670', '59f6e9eabc8a1');
INSERT INTO `orders` VALUES('59f6eae1cbf50', '59f6eae1cbc0a', '59f6eae1cbdeb');
INSERT INTO `orders` VALUES('59f6ee968bb30', '59f6ee968b7c6', '59f6ee968b9bb');
INSERT INTO `orders` VALUES('59f6eecc974ee', '59f6eecc9711a', '59f6eecc97315');
INSERT INTO `orders` VALUES('59f6eef04b33c', '59f6eef04affc', '59f6eef04b1ea');
INSERT INTO `orders` VALUES('59f6ef2933ba0', '59f6ef29337e8', '59f6ef2933a0e');
INSERT INTO `orders` VALUES('59f6ef56c875b', '59f6ef56c8422', '59f6ef56c85ff');
INSERT INTO `orders` VALUES('59f70e340f80b', '59f70e340f334', '59f70e340f5ec');
INSERT INTO `orders` VALUES('59f71d9be45d1', '59f71d9be3fd7', '59f71d9be4477');
INSERT INTO `orders` VALUES('59f7201f672a5', '59f7201f66c76', '59f7201f67066');
INSERT INTO `orders` VALUES('59f72eb870fd3', '59f72eb86b2ed', '59f72eb870b01');
INSERT INTO `orders` VALUES('59f73ffd6688f', '59f73ffd662cf', '59f73ffd6660c');
INSERT INTO `orders` VALUES('59f7403d1ba57', '59f7403d1b732', '59f7403d1b8f3');
INSERT INTO `orders` VALUES('59f741267b063', '59f741267acc3', '59f741267aef9');
INSERT INTO `orders` VALUES('59f744f96d10b', '59f744f96cd8d', '59f744f96cfd7');
INSERT INTO `orders` VALUES('59f86938867c4', '59f8693886487', '59f8693886671');
INSERT INTO `orders` VALUES('59f86c71974f3', '59f86c71970f5', '59f86c71972d8');
INSERT INTO `orders` VALUES('59fb2e12f1069', '59fb2e12eb4fc', '59fb2e12ed834');
INSERT INTO `orders` VALUES('59ff84350b8dc', '59ff84350b47f', '59ff84350b6f7');
INSERT INTO `orders` VALUES('59ff844c68aca', '59ff844c68673', '59ff844c688c3');
INSERT INTO `orders` VALUES('59ff846bc6333', '59ff846bc5ff6', '59ff846bc61de');
INSERT INTO `orders` VALUES('59ffad2f70b6b', '59ffad2f6a04f', '59ffad2f6ff28');
INSERT INTO `orders` VALUES('59fffa94df2af', '59fffa94a04e2', '59fffa94c95f3');
INSERT INTO `orders` VALUES('59fffb6971ed6', '59fffb6971b60', '59fffb6971d92');
INSERT INTO `orders` VALUES('59ffff9993b1e', '59ffff9993789', '59ffff99939db');
INSERT INTO `orders` VALUES('5a002836daad9', '5a002836da484', '5a002836da842');
INSERT INTO `orders` VALUES('5a00307558265', '5a00307557efe', '5a0030755812e');
INSERT INTO `orders` VALUES('5a00671d427e8', '5a00671d4032a', '5a00671d41b8a');
INSERT INTO `orders` VALUES('5a00ad069bb31', '5a00ad06990a1', '5a00ad069b934');
INSERT INTO `orders` VALUES('5a00b207a01e0', '5a00b2079fdbe', '5a00b207a0047');
INSERT INTO `orders` VALUES('5a00b25ee7bfb', '5a00b25ee78ea', '5a00b25ee7a9e');
INSERT INTO `orders` VALUES('5a00b4ec1c380', '5a00b4ec1bfaa', '5a00b4ec1c18a');
INSERT INTO `orders` VALUES('5a00bdb6dbdc9', '5a00bdb6dba71', '5a00bdb6dbc45');
INSERT INTO `orders` VALUES('5a01cdce56423', '5a01cdce52b0b', '5a01cdce55868');
INSERT INTO `orders` VALUES('5a01d857d1889', '5a01d857d1593', '5a01d857d173a');
INSERT INTO `orders` VALUES('5a021a76a3fd8', '5a021a76a25e6', '5a021a76a3e46');
INSERT INTO `orders` VALUES('5a021e9721a7b', '5a021e9721524', '5a021e9721892');
INSERT INTO `orders` VALUES('5a04019c0da13', '5a04019c0d627', '5a04019c0d8a8');
INSERT INTO `orders` VALUES('5a040845998b8', '5a04084599546', '5a04084599766');
INSERT INTO `orders` VALUES('5a0430fc1c09c', '5a0430fc1a231', '5a0430fc1be4e');
INSERT INTO `orders` VALUES('5a0455398d30c', '5a0455398cefa', '5a0455398d163');
INSERT INTO `orders` VALUES('5a049959e2141', '5a049959df3f3', '5a049959e152d');
INSERT INTO `orders` VALUES('5a04a15c4759b', '5a04a15c4727a', '5a04a15c4744a');
INSERT INTO `orders` VALUES('5a04c158dfa77', '5a04c158df435', '5a04c158df773');
INSERT INTO `orders` VALUES('5a04c1e4aa7eb', '5a04c1e4aa4e5', '5a04c1e4aa694');
INSERT INTO `orders` VALUES('5a04c294ab68e', '5a04c294ab246', '5a04c294ab4fc');
INSERT INTO `orders` VALUES('5a04c36531406', '5a04c36530faf', '5a04c3653127e');
INSERT INTO `orders` VALUES('5a04c47ce1ab7', '5a04c47ce174a', '5a04c47ce193a');
INSERT INTO `orders` VALUES('5a04c68550244', '5a04c6854fee4', '5a04c6855010f');
INSERT INTO `orders` VALUES('5a05ce0675f0e', '5a05ce06736f6', '5a05ce0675d99');
INSERT INTO `orders` VALUES('5a0630e2ed1bb', '5a0630e2e7a35', '5a0630e2ec264');
INSERT INTO `orders` VALUES('5a0849804b702', '5a0849804b30d', '5a0849804b563');
INSERT INTO `orders` VALUES('5a084e9ec4875', '5a084e9ec44a1', '5a084e9ec473f');
INSERT INTO `orders` VALUES('5a099f253c7cb', '5a099f253c4ba', '5a099f253c66c');
INSERT INTO `orders` VALUES('5a099f2fd0202', '5a099f2fcfe86', '5a099f2fd006d');
INSERT INTO `orders` VALUES('5a0afae579333', '5a0afae573eec', '5a0afae576b0c');
INSERT INTO `orders` VALUES('5a0bf275e01c3', '5a0bf275cfcbe', '5a0bf275d93f5');
INSERT INTO `orders` VALUES('5a0c04cf09d6b', '5a0c04cf099c1', '5a0c04cf09bdd');
INSERT INTO `orders` VALUES('5a0c05bf10b59', '5a0c05bf107db', '5a0c05bf109e0');
INSERT INTO `orders` VALUES('5a0c07e35486e', '5a0c07e354526', '5a0c07e3546d4');
INSERT INTO `orders` VALUES('5a0c099758e68', '5a0c099758b5d', '5a0c099758d3a');
INSERT INTO `orders` VALUES('5a0c099eaaae0', '5a0c099eaa7b0', '5a0c099eaa97d');
INSERT INTO `orders` VALUES('5a0c0ab8da354', '5a0c0ab8d9f26', '5a0c0ab8da174');
INSERT INTO `orders` VALUES('5a0c0c8f01fb5', '5a0c0c8f01c56', '5a0c0c8f01e35');
INSERT INTO `orders` VALUES('5a0c0db658733', '5a0c0db65843e', '5a0c0db6585f4');
INSERT INTO `orders` VALUES('5a0c137b1b7f8', '5a0c137b1b533', '5a0c137b1b6db');
INSERT INTO `orders` VALUES('5a0c14b019b45', '5a0c14b0197fa', '5a0c14b01998e');
INSERT INTO `orders` VALUES('5a0c14b7906cf', '5a0c14b7903f1', '5a0c14b790592');
INSERT INTO `orders` VALUES('5a0c14cdc00c3', '5a0c14cdbfd5c', '5a0c14cdbff4d');
INSERT INTO `orders` VALUES('5a0c16f85daaa', '5a0c16f85d6fe', '5a0c16f85d8e0');
INSERT INTO `orders` VALUES('5a0c18515dd31', '5a0c18515da0e', '5a0c18515dbe1');
INSERT INTO `orders` VALUES('5a0c18be785c3', '5a0c18be782ca', '5a0c18be784ae');
INSERT INTO `orders` VALUES('5a0c18ff46b09', '5a0c18ff46798', '5a0c18ff46981');
INSERT INTO `orders` VALUES('5a0c1a6f0984a', '5a0c1a6f094c4', '5a0c1a6f096bf');
INSERT INTO `orders` VALUES('5a0c322d02c1a', '5a0c322d028c7', '5a0c322d02aa3');
INSERT INTO `orders` VALUES('5a0c32c483414', '5a0c32c483087', '5a0c32c4832ae');
INSERT INTO `orders` VALUES('5a0c4b5198684', '5a0c4b5198157', '5a0c4b5198464');
INSERT INTO `orders` VALUES('5a0cac34ef19a', '5a0cac34ec58f', '5a0cac34eeff2');
INSERT INTO `orders` VALUES('5a0cb736828fa', '5a0cb736824a8', '5a0cb7368277f');
INSERT INTO `orders` VALUES('5a0d3488c5f2b', '5a0d3488be7a8', '5a0d3488c5d8e');
INSERT INTO `orders` VALUES('5a0d8905da0bd', '5a0d8905d9a8e', '5a0d8905d9e35');
INSERT INTO `orders` VALUES('5a0d890da9192', '5a0d890da8e1d', '5a0d890da9007');
INSERT INTO `orders` VALUES('5a0d89111b71e', '5a0d89111b2ed', '5a0d89111b5a8');
INSERT INTO `orders` VALUES('5a0d892a66b63', '5a0d892a665f5', '5a0d892a66993');
INSERT INTO `orders` VALUES('5a0d89b7ee2ca', '5a0d89b7edfc6', '5a0d89b7ee179');
INSERT INTO `orders` VALUES('5a0dd39055e64', '5a0dd39055860', '5a0dd39055be7');
INSERT INTO `orders` VALUES('5a0df1fc0295b', '5a0df1fc023dc', '5a0df1fc02810');
INSERT INTO `orders` VALUES('5a0dfe423d74a', '5a0dfe423d43a', '5a0dfe423d622');
INSERT INTO `orders` VALUES('5a0ed2e563ade', '5a0ed2e563790', '5a0ed2e563986');
INSERT INTO `orders` VALUES('5a1034a989322', '5a1034a988ddb', '5a1034a989102');
INSERT INTO `orders` VALUES('5a11544ac7a22', '5a11544ac46af', '5a11544ac63b5');
INSERT INTO `orders` VALUES('5a1154ba14738', '5a1154ba14416', '5a1154ba1461f');
INSERT INTO `orders` VALUES('5a11acdd58243', '5a11acdd52a48', '5a11acdd574cc');
INSERT INTO `orders` VALUES('5a11acf31c27a', '5a11acf31be8b', '5a11acf31c0d1');
INSERT INTO `orders` VALUES('5a11acf93982c', '5a11acf939506', '5a11acf9396e6');
INSERT INTO `orders` VALUES('5a11bdaa2f4b3', '5a11bdaa2f0d5', '5a11bdaa2f31c');
INSERT INTO `orders` VALUES('5a11c9e3e47bd', '5a11c9e3e43c6', '5a11c9e3e4665');
INSERT INTO `orders` VALUES('5a12727dd1614', '5a12727dbd563', '5a12727dc58db');
INSERT INTO `orders` VALUES('5a1293001e305', '5a1293001dde1', '5a1293001e0c8');
INSERT INTO `orders` VALUES('5a1295b57f08b', '5a1295b57ed24', '5a1295b57ef2b');
INSERT INTO `orders` VALUES('5a1296f49c4d3', '5a1296f49c114', '5a1296f49c319');
INSERT INTO `orders` VALUES('5a129e3fbd3e9', '5a129e3fbd0af', '5a129e3fbd29b');
INSERT INTO `orders` VALUES('5a129f02c4a84', '5a129f02c4726', '5a129f02c495c');
INSERT INTO `orders` VALUES('5a129f4d4ea43', '5a129f4d4e69d', '5a129f4d4e897');
INSERT INTO `orders` VALUES('5a129f4e8ff8b', '5a129f4e8fbf8', '5a129f4e8fe10');
INSERT INTO `orders` VALUES('5a129f50143ac', '5a129f500c3db', '5a129f500c592');
INSERT INTO `orders` VALUES('5a129f5349003', '5a129f5348c83', '5a129f5348e9d');
INSERT INTO `orders` VALUES('5a129f553d060', '5a129f553ccf4', '5a129f553cf17');
INSERT INTO `orders` VALUES('5a129f5634586', '5a129f56342a2', '5a129f563447d');
INSERT INTO `orders` VALUES('5a129f570f2f8', '5a129f570ef81', '5a129f570f1a2');
INSERT INTO `orders` VALUES('5a129f586ea9f', '5a129f586e6e3', '5a129f586e91f');
INSERT INTO `orders` VALUES('5a12aeab8bf8c', '5a12aeab8baa8', '5a12aeab8bd75');
INSERT INTO `orders` VALUES('5a12bbc91d3d9', '5a12bbc91cfc3', '5a12bbc91d2ac');
INSERT INTO `orders` VALUES('5a12bc86a268d', '5a12bc86a22e1', '5a12bc86a24e3');
INSERT INTO `orders` VALUES('5a12bd0f4d45b', '5a12bd0f4d0a9', '5a12bd0f4d2cd');
INSERT INTO `orders` VALUES('5a12f72f15193', '5a12f72f142be', '5a12f72f1502a');
INSERT INTO `orders` VALUES('5a1329645ee03', '5a1329645b8ac', '5a1329645d7ac');
INSERT INTO `orders` VALUES('5a133e1f871b7', '5a133e1f86e86', '5a133e1f87026');
INSERT INTO `orders` VALUES('5a133e4578578', '5a133e1f86e86', '5a133e4578411');
INSERT INTO `orders` VALUES('5a13e3aec458b', '5a13e3aec40af', '5a13e3aec4373');
INSERT INTO `orders` VALUES('5a1420abb9f7a', '5a1420abb9a0a', '5a1420abb9cf4');
INSERT INTO `orders` VALUES('5a143cff453e4', '5a143cff44efa', '5a143cff451ad');
INSERT INTO `orders` VALUES('5a143d338e2f8', '5a143d338df34', '5a143d338e195');
INSERT INTO `orders` VALUES('5a145f3d417ca', '5a145f3d412fd', '5a145f3d415a3');
INSERT INTO `orders` VALUES('5a145f426b1f3', '5a145f426482f', '5a145f4269296');
INSERT INTO `orders` VALUES('5a145f478049a', '5a145f477eabe', '5a145f4780318');
INSERT INTO `orders` VALUES('5a154896256a8', '5a1548961fc67', '5a15489623b08');
INSERT INTO `orders` VALUES('5a15861fa8c0f', '5a15861fa870b', '5a15861fa89f5');
INSERT INTO `orders` VALUES('5a15b4772caab', '5a15b4772840c', '5a15b4772a7ec');
INSERT INTO `orders` VALUES('5a165095098c3', '5a165094f19b1', '5a16509505798');
INSERT INTO `orders` VALUES('5a1650965d46b', '5a1650965d0d6', '5a1650965d31d');
INSERT INTO `orders` VALUES('5a16509783b69', '5a165097837f2', '5a16509783a0e');
INSERT INTO `orders` VALUES('5a165224e54c0', '5a165224e51b4', '5a165224e538a');
INSERT INTO `orders` VALUES('5a1669bfded8a', '5a1669bfde9cf', '5a1669bfdec3f');
INSERT INTO `orders` VALUES('5a167ad9a4b8f', '5a167ad9a47d0', '5a167ad9a49f2');
INSERT INTO `orders` VALUES('5a167f4ae1e44', '5a167f4ae1b6a', '5a167f4ae1ce1');
INSERT INTO `orders` VALUES('5a16801c6a2cc', '5a16801c69f7e', '5a16801c6a163');
INSERT INTO `orders` VALUES('5a1683422122d', '5a16834220ef5', '5a16834221104');
INSERT INTO `orders` VALUES('5a1683efa0daf', '5a1683efa0a23', '5a1683efa0c45');
INSERT INTO `orders` VALUES('5a169083e1f98', '5a169083e1bd9', '5a169083e1e08');
INSERT INTO `orders` VALUES('5a169379e0838', '5a169379e04fc', '5a169379e06c2');
INSERT INTO `orders` VALUES('5a169ae279063', '5a169ae278d2e', '5a169ae278f1b');
INSERT INTO `orders` VALUES('5a169b38000fb', '5a169b37f3fee', '5a169b37f41c8');
INSERT INTO `orders` VALUES('5a169b6e021cd', '5a169b6e01ed6', '5a169b6e020af');
INSERT INTO `orders` VALUES('5a169d5498949', '5a169d54985f5', '5a169d5498806');
INSERT INTO `orders` VALUES('5a169d5fd2cea', '5a169d5fd2986', '5a169d5fd2b69');
INSERT INTO `orders` VALUES('5a169d9deccb6', '5a169d9dec8fe', '5a169d9decb54');
INSERT INTO `orders` VALUES('5a169da650716', '5a169da650400', '5a169da6505ca');
INSERT INTO `orders` VALUES('5a169daa18e64', '5a169daa18b58', '5a169daa18d25');
INSERT INTO `orders` VALUES('5a16a1bdecce2', '5a16a1bdec993', '5a16a1bdecb6f');
INSERT INTO `orders` VALUES('5a16a5ddc9ef9', '5a16a5ddc9bbe', '5a16a5ddc9dac');
INSERT INTO `orders` VALUES('5a16aa171e41b', '5a16aa171e07d', '5a16aa171e287');
INSERT INTO `orders` VALUES('5a16bc20d6696', '5a16bc20d62f1', '5a16bc20d6539');
INSERT INTO `orders` VALUES('5a16c3824c2b4', '5a16c3824bf41', '5a16c3824c14a');
INSERT INTO `orders` VALUES('5a16c393a0a47', '5a16c393a070d', '5a16c393a08e8');
INSERT INTO `orders` VALUES('5a16c8fbde701', '5a16c8fbde345', '5a16c8fbde5ac');
INSERT INTO `orders` VALUES('5a16d36d8c159', '5a16d36d8be21', '5a16d36d8bff7');
INSERT INTO `orders` VALUES('5a16e5bd2d918', '5a16e5bd2d59a', '5a16e5bd2d7a1');
INSERT INTO `orders` VALUES('5a171037d30a8', '5a171037d2ce4', '5a171037d2f27');
INSERT INTO `orders` VALUES('5a1718697c5e2', '5a1718697c28f', '5a1718697c444');
INSERT INTO `orders` VALUES('5a1722b82dab8', '5a1722b82d639', '5a1722b82d90b');
INSERT INTO `orders` VALUES('5a172403d481f', '5a172403d44b5', '5a172403d46a2');
INSERT INTO `orders` VALUES('5a178448f110e', '5a178448e4ca7', '5a178448ed7c8');
INSERT INTO `orders` VALUES('5a17844b2b0f6', '5a17844b2ace6', '5a17844b2af72');
INSERT INTO `orders` VALUES('5a17844ca3821', '5a17844ca347e', '5a17844ca36b7');
INSERT INTO `orders` VALUES('5a17dcaf8da65', '5a17dcaf894b9', '5a17dcaf8a56f');
INSERT INTO `orders` VALUES('5a17dcb185d58', '5a17dcb185ada', '5a17dcb185c44');
INSERT INTO `orders` VALUES('5a17dcb42c154', '5a17dcb42be11', '5a17dcb42bfec');
INSERT INTO `orders` VALUES('5a181fdb2b74b', '5a181fdb2b17d', '5a181fdb2b5dd');
INSERT INTO `orders` VALUES('5a182dc9c7137', '5a182dc9c6be3', '5a182dc9c6f95');
INSERT INTO `orders` VALUES('5a184ba7113ad', '5a184ba710c1c', '5a184ba711122');
INSERT INTO `orders` VALUES('5a187bc33d383', '5a187bc33ccde', '5a187bc33d147');
INSERT INTO `orders` VALUES('5a199b8144e72', '5a199b813d6ef', '5a199b8144b56');
INSERT INTO `orders` VALUES('5a199b8144e8d', '5a199b813e2c2', '5a199b8144b9d');
INSERT INTO `orders` VALUES('5a1a35862fc03', '5a1a358621914', '5a1a35862915f');
INSERT INTO `orders` VALUES('5a1a35b96716f', '5a1a35b966cd5', '5a1a35b967035');
INSERT INTO `orders` VALUES('5a1a35f05ab53', '5a1a35f05a526', '5a1a35f05a978');
INSERT INTO `orders` VALUES('5a1a81a011db7', '5a1a81a00dd2d', '5a1a81a00fafc');
INSERT INTO `orders` VALUES('5a1a900c081b4', '5a1a900c07d15', '5a1a900c08074');
INSERT INTO `orders` VALUES('5a1ae0593cfd2', '5a1ae0593c9d8', '5a1ae0593ce73');
INSERT INTO `orders` VALUES('5a1b1694579c1', '5a1b169453a42', '5a1b169455fa8');
INSERT INTO `orders` VALUES('5a1b175325dc9', '5a1b175325812', '5a1b175325c5c');
INSERT INTO `orders` VALUES('5a1c1195c8c4b', '5a1c1195c460a', '5a1c1195c6c76');
INSERT INTO `orders` VALUES('5a1c138b04b8f', '5a1c138b0460f', '5a1c138b04a38');
INSERT INTO `orders` VALUES('5a1c389c6235b', '5a1c389c61bbf', '5a1c389c620c9');
INSERT INTO `orders` VALUES('5a1c38c3a700f', '5a1c38c3a6a39', '5a1c38c3a6e75');
INSERT INTO `orders` VALUES('5a1c38dbd58d2', '5a1c38dbd5361', '5a1c38dbd578c');
INSERT INTO `orders` VALUES('5a1c4f7095140', '5a1c4f7094aa2', '5a1c4f7094f21');
INSERT INTO `orders` VALUES('5a1c4f8603d55', '5a1c4f86037f7', '5a1c4f8603bc5');
INSERT INTO `orders` VALUES('5a1c4f99a3f23', '5a1c4f99a398f', '5a1c4f99a3d8c');
INSERT INTO `orders` VALUES('5a1c704acddf8', '5a1c704acd9c5', '5a1c704acdccb');
INSERT INTO `orders` VALUES('5a1c8eca2cb14', '5a1c8eca2a90c', '5a1c8eca2c8c6');
INSERT INTO `orders` VALUES('5a1c8ecd2a83d', '5a1c8ecd2a276', '5a1c8ecd2a66d');
INSERT INTO `orders` VALUES('5a1c8f73b1983', '5a1c8f73b1455', '5a1c8f73b180f');
INSERT INTO `orders` VALUES('5a1eeaaff08fe', '5a1eeaaff01de', '5a1eeaaff06cd');
INSERT INTO `orders` VALUES('5a1ef183c7652', '5a1ef183c7153', '5a1ef183c752a');
INSERT INTO `orders` VALUES('5a1efb3c4d8b8', '5a1efb3c4d372', '5a1efb3c4d74c');
INSERT INTO `orders` VALUES('5a1fbafdcf453', '5a1fbafdcefab', '5a1fbafdcf306');
INSERT INTO `orders` VALUES('5a1fbbec6e856', '5a1fbbec6e33a', '5a1fbbec6e711');
INSERT INTO `orders` VALUES('5a1fd33728049', '5a1fd3372797e', '5a1fd33727e3d');
INSERT INTO `orders` VALUES('5a1fd363e7b46', '5a1fd363e75bb', '5a1fd363e79f2');
INSERT INTO `orders` VALUES('5a200af8d21c4', '5a200af8d1ab5', '5a200af8d1eb7');
INSERT INTO `orders` VALUES('5a200b13c5a65', '5a200b13c5547', '5a200b13c5909');
INSERT INTO `orders` VALUES('5a200f75a7428', '5a200f75a6f20', '5a200f75a7290');
INSERT INTO `orders` VALUES('5a200f7b1d248', '5a200f7b1cd7b', '5a200f7b1d0f5');
INSERT INTO `orders` VALUES('5a200f8127e39', '5a200f8127990', '5a200f8127d0a');
INSERT INTO `orders` VALUES('5a20227b737a3', '5a20227b73221', '5a20227b73627');
INSERT INTO `orders` VALUES('5a203ff798ea1', '5a203ff7989e2', '5a203ff798d37');
INSERT INTO `orders` VALUES('5a20417acaa22', '5a20417aca573', '5a20417aca88e');
INSERT INTO `orders` VALUES('5a2043c6da283', '5a2043c6d9e43', '5a2043c6da158');
INSERT INTO `orders` VALUES('5a2043f6c41df', '5a2043f6c3cd2', '5a2043f6c4074');
INSERT INTO `orders` VALUES('5a2047945742e', '5a20479456ea6', '5a20479457285');
INSERT INTO `orders` VALUES('5a204895c08ad', '5a20479456ea6', '5a204895c06ba');
INSERT INTO `orders` VALUES('5a210a8d0ec64', '5a210a8d007fb', '5a210a8d061ea');
INSERT INTO `orders` VALUES('5a210aa1b64b7', '5a210aa1b5f55', '5a210aa1b6335');
INSERT INTO `orders` VALUES('5a213080a5992', '5a213080a520c', '5a213080a5751');
INSERT INTO `orders` VALUES('5a214b5a5db66', '5a214b5a5d559', '5a214b5a5d9b4');
INSERT INTO `orders` VALUES('5a214b991b48c', '5a214b991af52', '5a214b991b337');
INSERT INTO `orders` VALUES('5a216ca7b53a6', '5a216ca7b4d6c', '5a216ca7b520e');
INSERT INTO `orders` VALUES('5a257f54b9983', '5a257f54ab50a', '5a257f54b0ce1');
INSERT INTO `orders` VALUES('5a258865123ec', '5a25886511e8a', '5a25886512270');
INSERT INTO `orders` VALUES('5a263e99235dd', '5a263e9916ee0', '5a263e991c6c1');
INSERT INTO `orders` VALUES('5a263ebbaad20', '5a263ebbaa87d', '5a263ebbaabfa');
INSERT INTO `orders` VALUES('5a2643c8b4cf0', '5a2643c8aca30', '5a2643c8ace6a');
INSERT INTO `orders` VALUES('5a2644414c478', '5a2644414be1f', '5a2644414c2f3');
INSERT INTO `orders` VALUES('5a264490b5cd0', '5a264490b57cf', '5a264490b5b8e');
INSERT INTO `orders` VALUES('5a2644a54e4d3', '5a2644a54e038', '5a2644a54e3a0');
INSERT INTO `orders` VALUES('5a2644d0be2b2', '5a2644d0bddc3', '5a2644d0be14b');
INSERT INTO `orders` VALUES('5a2644d577187', '5a2644d576d9e', '5a2644d577069');
INSERT INTO `orders` VALUES('5a2647d60a026', '5a2647d609aaa', '5a2647d609ef7');
INSERT INTO `orders` VALUES('5a2647f447618', '5a2647f4470ab', '5a2647f447491');
INSERT INTO `orders` VALUES('5a2647fbe95d4', '5a2647fbdb9d6', '5a2647fbe9432');
INSERT INTO `orders` VALUES('5a264f11b0d7c', '5a264f11b0817', '5a264f11b0c0b');
INSERT INTO `orders` VALUES('5a264f32074af', '5a264f3206f64', '5a264f3207394');
INSERT INTO `orders` VALUES('5a264f36a3a2c', '5a264f36a34bd', '5a264f36a38df');
INSERT INTO `orders` VALUES('5a265d4cc73f4', '5a265d4cc6d18', '5a265d4cc71ed');
INSERT INTO `orders` VALUES('5a265d5c22bfe', '5a265d5c2273b', '5a265d5c22af2');
INSERT INTO `orders` VALUES('5a265d69c10aa', '5a265d69c09b9', '5a265d69c0ecf');
INSERT INTO `orders` VALUES('5a266e398494f', '5a266e398448a', '5a266e3984824');
INSERT INTO `orders` VALUES('5a266facac57b', '5a266facabf76', '5a266facac406');
INSERT INTO `orders` VALUES('5a26718d3cc1f', '5a26718d3c66f', '5a26718d3ca8f');
INSERT INTO `orders` VALUES('5a26719dc2679', '5a26719dc2112', '5a26719dc2524');
INSERT INTO `orders` VALUES('5a26727206152', '5a26727205c2c', '5a2672720600c');
INSERT INTO `orders` VALUES('5a2673dbcac6b', '5a2673dbca726', '5a2673dbcaada');
INSERT INTO `orders` VALUES('5a2674adef83d', '5a2674adef32a', '5a2674adef713');
INSERT INTO `orders` VALUES('5a2677a098c69', '5a2677a09877c', '5a2677a098afc');
INSERT INTO `orders` VALUES('5a2677d16d86a', '5a2677d16d279', '5a2677d16d6d5');
INSERT INTO `orders` VALUES('5a2678746d68f', '5a2678746d1ff', '5a2678746d567');
INSERT INTO `orders` VALUES('5a2678fe52469', '5a2678fe51fa2', '5a2678fe52339');
INSERT INTO `orders` VALUES('5a267da657cb9', '5a267da657753', '5a267da657b36');
INSERT INTO `orders` VALUES('5a2691f93c6b1', '5a2691f93c004', '5a2691f93c4d6');
INSERT INTO `orders` VALUES('5a269374b780d', '5a269374b736f', '5a269374b76da');
INSERT INTO `orders` VALUES('5a26c46e23821', '5a26c46e23070', '5a26c46e2357f');
INSERT INTO `orders` VALUES('5a26c49932058', '5a26c49931b61', '5a26c49931f1b');
INSERT INTO `orders` VALUES('5a26c4b1d7cb5', '5a26c4b1d77e9', '5a26c4b1d7b86');
INSERT INTO `orders` VALUES('5a27dd017daa8', '5a27dd017d5db', '5a27dd017d973');
INSERT INTO `orders` VALUES('5a27fb9233ba4', '5a27fb92336bf', '5a27fb9233a4b');
INSERT INTO `orders` VALUES('5a28024fa42da', '5a28024fa3e1e', '5a28024fa4172');
INSERT INTO `orders` VALUES('5a28026ad7ea8', '5a28024fa3e1e', '5a28026ad7e6f');
INSERT INTO `orders` VALUES('5a28095f92b07', '5a28095f926dc', '5a28095f929f1');
INSERT INTO `orders` VALUES('5a2809750d778', '5a28095f926dc', '5a2809750d73e');
INSERT INTO `orders` VALUES('5a2809a398ca1', '5a28095f926dc', '5a2809a398c61');
INSERT INTO `orders` VALUES('5a2809ab17094', '5a28095f926dc', '5a2809ab1705a');
INSERT INTO `orders` VALUES('5a2809b24b79b', '5a28095f926dc', '5a2809b24b762');
INSERT INTO `orders` VALUES('5a280c1fd0703', '5a280c1fd021f', '5a280c1fd05cb');
INSERT INTO `orders` VALUES('5a280c323e957', '5a280c1fd021f', '5a280c323e91d');
INSERT INTO `orders` VALUES('5a280c370169e', '5a280c1fd021f', '5a280c3701664');
INSERT INTO `orders` VALUES('5a280c7c60153', '5a280c7c5fd19', '5a280c7c60031');
INSERT INTO `orders` VALUES('5a280c8edf6de', '5a280c7c5fd19', '5a280c8edf6a4');
INSERT INTO `orders` VALUES('5a282d0148aa0', '5a282d01483d8', '5a282d0148868');
INSERT INTO `orders` VALUES('5a28f8b305ac1', '5a28f8b2e736f', '5a28f8b305895');
INSERT INTO `orders` VALUES('5a28f8cfba08b', '5a28f8b2e736f', '5a28f8cfba052');
INSERT INTO `orders` VALUES('5a2900811535c', '5a29008114e1e', '5a290081151cb');
INSERT INTO `orders` VALUES('5a2900afb97bc', '5a29008114e1e', '5a2900afb9783');
INSERT INTO `orders` VALUES('5a29025b5eeee', '5a29025b5e86f', '5a29025b5ed5f');
INSERT INTO `orders` VALUES('5a2903b889db0', '5a2903b88986e', '5a2903b889c4f');
INSERT INTO `orders` VALUES('5a2903d77c173', '5a2903b88986e', '5a2903d77c12d');
INSERT INTO `orders` VALUES('5a2919ecad43e', '5a2919ecace89', '5a2919ecad2b6');
INSERT INTO `orders` VALUES('5a291a58c1e63', '5a2919ecace89', '5a291a58c1e2a');
INSERT INTO `orders` VALUES('5a2924e865be3', '5a2924e8656c8', '5a2924e865aa3');
INSERT INTO `orders` VALUES('5a2925082b932', '5a2924e8656c8', '5a2925082b8f8');
INSERT INTO `orders` VALUES('5a2948ab1eea2', '5a2948ab1e898', '5a2948ab1ed1a');
INSERT INTO `orders` VALUES('5a29572867a70', '5a295728674f0', '5a2957286793b');
INSERT INTO `orders` VALUES('5a29798b189a3', '5a29798b132ec', '5a29798b187e3');
INSERT INTO `orders` VALUES('5a29db7439276', '5a29db742993f', '5a29db7433325');
INSERT INTO `orders` VALUES('5a2a804db0c08', '5a2a804d95dae', '5a2a804da8ed3');
INSERT INTO `orders` VALUES('5a2ac113250ef', '5a2ac11322ae8', '5a2ac11324e55');
INSERT INTO `orders` VALUES('5a2ac153650dd', '5a2ac15364b9c', '5a2ac15364f96');
INSERT INTO `orders` VALUES('5a2ac29a9d331', '5a2ac29a9cda4', '5a2ac29a9d1ef');
INSERT INTO `orders` VALUES('5a2af27b225dc', '5a2af27b21fda', '5a2af27b223f2');
INSERT INTO `orders` VALUES('5a2af2b0b922a', '5a2af2b0b8d8a', '5a2af2b0b90f6');
INSERT INTO `orders` VALUES('5a2b00fe96f77', '5a2b00fe91c07', '5a2b00fe96dea');
INSERT INTO `orders` VALUES('5a2b01055c2b3', '5a2b01055bd61', '5a2b01055c13f');
INSERT INTO `orders` VALUES('5a2c35c928305', '5a2c35c927c9f', '5a2c35c9280cb');
INSERT INTO `orders` VALUES('5a2c49d7c9149', '5a2c49d7c760c', '5a2c49d7c8f20');
INSERT INTO `orders` VALUES('5a2c5ba0a2289', '5a2c5ba0a1b6e', '5a2c5ba0a1f1f');
INSERT INTO `orders` VALUES('5a2c5bd6a02b0', '5a2c5bd69fdcd', '5a2c5bd6a018d');
INSERT INTO `orders` VALUES('5a2c5bf7782b7', '5a2c5bf777e08', '5a2c5bf778180');
INSERT INTO `orders` VALUES('5a2d053d8429d', '5a2d053d5e255', '5a2d053d7a0fb');
INSERT INTO `orders` VALUES('5a2d1589d286b', '5a2d1589d2345', '5a2d1589d26f9');
INSERT INTO `orders` VALUES('5a2d3b24313cb', '5a2d3b242e5eb', '5a2d3b24311a8');
INSERT INTO `orders` VALUES('5a2d43cb37da2', '5a2d43cb378ac', '5a2d43cb37c73');
INSERT INTO `orders` VALUES('5a2d6d3e94c2a', '5a2d6d3e9446b', '5a2d6d3e94aa7');
INSERT INTO `orders` VALUES('5a2e2618835d5', '5a2e26186ed0e', '5a2e261882486');
INSERT INTO `orders` VALUES('5a2e266100e94', '5a2e26610094c', '5a2e266100d18');
INSERT INTO `orders` VALUES('5a2e26815772c', '5a2e268157124', '5a2e2681575c0');
INSERT INTO `orders` VALUES('5a2e26c2755b0', '5a2e26c275055', '5a2e26c275421');
CREATE TABLE `product_contains_items` (  `id` varchar(13) COLLATE utf8_unicode_ci NOT NULL,  `product_id` varchar(13) COLLATE utf8_unicode_ci NOT NULL,  `item_id` varchar(13) COLLATE utf8_unicode_ci NOT NULL,  PRIMARY KEY (`id`)) ENGINE=InnoDB DEFAULT CHARSET=utf8 COLLATE=utf8_unicode_ci;
INSERT INTO `product_contains_items` VALUES('59de606d3059e', '59de606a1d224', '59db86a0c7623');
INSERT INTO `product_contains_items` VALUES('59de60706f39a', '59de606a1d224', '59db8758dd5ff');
INSERT INTO `product_contains_items` VALUES('59de60bb1dd48', '59de60a546129', '59db86a0c7623');
INSERT INTO `product_contains_items` VALUES('59de60be767ec', '59de60a546129', '59db878c76af0');
INSERT INTO `product_contains_items` VALUES('59de62581bb7c', '59de62534a1e2', '59db86ea0c1f6');
INSERT INTO `product_contains_items` VALUES('59de62a45d04d', '59de62a0c9818', '59db84d273354');
INSERT INTO `product_contains_items` VALUES('59de62a7ce776', '59de62a0c9818', '59db86a0c7623');
INSERT INTO `product_contains_items` VALUES('59de62ab1989e', '59de62a0c9818', '59db8758dd5ff');
INSERT INTO `product_contains_items` VALUES('59de62ad78503', '59de62a0c9818', '59db86ea0c1f6');
INSERT INTO `product_contains_items` VALUES('59de62d330cbe', '59de62d1d780c', '59db84d273354');
INSERT INTO `product_contains_items` VALUES('59de62d841352', '59de62d1d780c', '59db86a0c7623');
INSERT INTO `product_contains_items` VALUES('59de62dc72d03', '59de62d1d780c', '59db878c76af0');
INSERT INTO `product_contains_items` VALUES('59de62de723c2', '59de62d1d780c', '59db86ea0c1f6');
INSERT INTO `product_contains_items` VALUES('59de63129f758', '59de63108da48', '59db84d273354');
INSERT INTO `product_contains_items` VALUES('59de63160e9df', '59de63108da48', '59db86a0c7623');
INSERT INTO `product_contains_items` VALUES('59de632330eb4', '59de63108da48', '59db8758dd5ff');
INSERT INTO `product_contains_items` VALUES('59de63266b30c', '59de63108da48', '59db86a0c7623');
INSERT INTO `product_contains_items` VALUES('59de6328aa2a3', '59de63108da48', '59db878c76af0');
INSERT INTO `product_contains_items` VALUES('59de63551e7f6', '59de6353e1774', '59db84d273354');
INSERT INTO `product_contains_items` VALUES('59de635802249', '59de6353e1774', '59db86a0c7623');
INSERT INTO `product_contains_items` VALUES('59de635a5788d', '59de6353e1774', '59db8758dd5ff');
INSERT INTO `product_contains_items` VALUES('59de635c74eee', '59de6353e1774', '59db86a0c7623');
INSERT INTO `product_contains_items` VALUES('59de635f00792', '59de6353e1774', '59db8758dd5ff');
INSERT INTO `product_contains_items` VALUES('59de6384a4549', '59de637d8ccd0', '59db84d273354');
INSERT INTO `product_contains_items` VALUES('59de638726d1c', '59de637d8ccd0', '59db86a0c7623');
INSERT INTO `product_contains_items` VALUES('59de6389d0f5c', '59de637d8ccd0', '59db878c76af0');
INSERT INTO `product_contains_items` VALUES('59de638c5b2a2', '59de637d8ccd0', '59db86a0c7623');
INSERT INTO `product_contains_items` VALUES('59de638e54973', '59de637d8ccd0', '59db878c76af0');
INSERT INTO `product_contains_items` VALUES('59de63b1b5ff2', '59de63b036d71', '59db84d273354');
INSERT INTO `product_contains_items` VALUES('59de63b4008d3', '59de63b036d71', '59db86ea0c1f6');
INSERT INTO `product_contains_items` VALUES('59de63b5c9790', '59de63b036d71', '59db86ea0c1f6');
INSERT INTO `product_contains_items` VALUES('59de64e04347c', '59de64def2890', '59db84d273354');
INSERT INTO `product_contains_items` VALUES('59de64e387971', '59de64def2890', '59db86a0c7623');
INSERT INTO `product_contains_items` VALUES('59de64e5e6462', '59de64def2890', '59db8758dd5ff');
INSERT INTO `product_contains_items` VALUES('59de6b078a51e', '59de59cf56656', '59db84d273354');
INSERT INTO `product_contains_items` VALUES('59e9c0c8de1c0', '59de63108da48', '59db84d273354');
INSERT INTO `product_contains_items` VALUES('59e9d2af6b1d4', '59de60a546129', '59db84d273354');
INSERT INTO `product_contains_items` VALUES('5a2024eab7e96', '5a2022090d417', '5a2024c5d4d22');
CREATE TABLE `products` (  `id` varchar(13) COLLATE utf8_unicode_ci NOT NULL,  `box_set` varchar(100) COLLATE utf8_unicode_ci NOT NULL,  `amt_pen_b` int(3) NOT NULL,  `amt_pen_r` int(3) NOT NULL,  `amt_pencil` int(3) NOT NULL,  `amt_box` int(3) NOT NULL,  `show_text1` tinyint(1) NOT NULL,  `text1_t` varchar(200) COLLATE utf8_unicode_ci NOT NULL,  `text1_h` varchar(15) COLLATE utf8_unicode_ci NOT NULL,  `text1_v` varchar(15) COLLATE utf8_unicode_ci NOT NULL,  `text1_s` varchar(4) COLLATE utf8_unicode_ci NOT NULL,  `text1_r` varchar(4) COLLATE utf8_unicode_ci NOT NULL,  `text1_f` varchar(100) COLLATE utf8_unicode_ci NOT NULL,  `show_text2` tinyint(1) NOT NULL,  `text2_t` varchar(200) COLLATE utf8_unicode_ci NOT NULL,  `text2_h` varchar(15) COLLATE utf8_unicode_ci NOT NULL,  `text2_v` varchar(15) COLLATE utf8_unicode_ci NOT NULL,  `text2_s` varchar(4) COLLATE utf8_unicode_ci NOT NULL,  `text2_r` varchar(4) COLLATE utf8_unicode_ci NOT NULL,  `text2_f` varchar(100) COLLATE utf8_unicode_ci NOT NULL,  `show_logo` tinyint(1) NOT NULL,  `logo_i` varchar(100) COLLATE utf8_unicode_ci NOT NULL,  `logo_h` varchar(15) COLLATE utf8_unicode_ci NOT NULL,  `logo_v` varchar(15) COLLATE utf8_unicode_ci NOT NULL,  `logo_s` varchar(4) COLLATE utf8_unicode_ci NOT NULL,  `logo_r` varchar(4) COLLATE utf8_unicode_ci NOT NULL,  `show_textP` tinyint(1) NOT NULL,  `textP_t` varchar(100) COLLATE utf8_unicode_ci NOT NULL,  `textP_h` varchar(15) COLLATE utf8_unicode_ci NOT NULL,  `textP_s` varchar(4) COLLATE utf8_unicode_ci NOT NULL,  `textP_f` varchar(100) COLLATE utf8_unicode_ci NOT NULL,  `logoP_i` varchar(200) COLLATE utf8_unicode_ci NOT NULL,  `show_logoP` tinyint(1) NOT NULL,  `logoP_h` varchar(15) COLLATE utf8_unicode_ci NOT NULL,  `logoP_s` varchar(4) COLLATE utf8_unicode_ci NOT NULL,  PRIMARY KEY (`id`)) ENGINE=InnoDB DEFAULT CHARSET=utf8 COLLATE=utf8_unicode_ci ROW_FORMAT=COMPACT;
INSERT INTO `products` VALUES('59da57e757b7c', 'set', '2', '0', '0', '1', '1', 'Dies ist ein Testprodukt', '196', '31', '20', '0', 'Calibri, sans-serif', '1', 'Hattinger', '508', '136', '20', '0', 'Calibri, sans-serif', '1', '59da57e757efc.png', '240', '76', '150', '0', '1', 'Tobias Hattinger', '118', '20', 'Calibri, sans-serif', '59da57fce777b.png', '1', '7', '100');
INSERT INTO `products` VALUES('59da581895fbd', 'pen', '3', '3', '1', '0', '0', '', '', '', '', '', '', '0', '', '', '', '', '', '', '0', '', '', '', '', '', '1', 'Tobias Hattinger', '9', '20', 'Calibri, sans-serif', '', '0', '10', '100');
INSERT INTO `products` VALUES('59da84dcb5699', 'set', '1', '1', '0', '1', '1', 'MOLJ', '334', '25', '20', '0', 'Helvetica, sans-serif', '1', 'education on a higher level', '259', '134', '10', '0', 'Helvetica, sans-serif', '1', '59da84dcb5a55.png', '169', '8', '304', '0', '1', 'MOLJ', '83', '20', 'Calibri, sans-serif', '59da855b73364.png', '1', '3', '72');
INSERT INTO `products` VALUES('59da85c174f4d', 'set', '1', '0', '1', '1', '1', 'Johannes Molnar', '441', '146', '20', '0', 'Calibri, sans-serif', '0', 'Ihr Text hier', '203', '124', '20', '0', 'Calibri, sans-serif', '1', '59da85c175275.png', '253', '20', '150', '0', '0', ' ', '55', '20', 'Calibri, sans-serif', '59da85d98079b.png', '1', '11', '40');
INSERT INTO `products` VALUES('59db18c4d1390', 'set', '1', '0', '1', '1', '1', 'ABCD', '561', '143', '20', '0', 'Calibri, sans-serif', '0', 'Ihr Text hier', '500', '140', '20', '0', 'Calibri, sans-serif', '1', '59db18c4dc636.png', '55', '56', '150', '0', '1', 'ABCD', '115', '24', 'Calibri, sans-serif', '59db18f81849b.png', '1', '10', '92');
INSERT INTO `products` VALUES('59db1afb76a5f', 'set', '0', '0', '4', '2', '1', 'ThE cOcOnUt NuT iS a BiG bIg NuT', '32', '17', '20', '0', 'Calibri, sans-serif', '1', 'iF yOu EaT tOo MuCh YoU gEt VeRy FaT', '189', '134', '20', '0', 'Calibri, sans-serif', '1', '59db1afb9b90c.png', '25', '57', '150', '0', '1', 'COCONUT FAMILY', '90', '20', 'Calibri, sans-serif', '59db1b0e7215b.png', '1', '5', '73');
INSERT INTO `products` VALUES('59db1d9c97da9', 'box', '0', '0', '0', '1', '1', 'Tobias du Ratte ma kau de naumen und des nima noch links faschiam', '260', '10', '20', '0', 'Calibri, sans-serif', '1', 'Tobias Zweimüller', '500', '140', '20', '0', 'Calibri, sans-serif', '0', '59db1dffbfbbd.jpg', '50', '20', '154', '-180', '0', '', '', '', '', '', '0', '', '');
INSERT INTO `products` VALUES('59db2b153e0c1', '', '0', '0', '0', '0', '1', 'Ihr Text hier', '96', '50', '20', '0', 'Calibri, sans-serif', '1', 'Ihr Text hier', '500', '140', '20', '0', 'Calibri, sans-serif', '1', '59db2b153f38a.png', '0', '1', '440', '0', '0', '', '', '', '', '', '0', '', '');
INSERT INTO `products` VALUES('59db2b6737893', '', '0', '0', '0', '0', '0', '', '260', '10', '20', '0', 'Calibri, sans-serif', '1', 'TZ', '600.267', '144.9', '19', '-39', 'Calibri, sans-serif', '1', '59db2e42b5d74.jpg', '0', '-10', '113', '1', '1', 'Ihr Text hier', '120', '20', 'Calibri, sans-serif', '59db2fe0f0cf9.jpg', '1', '63', '58');
INSERT INTO `products` VALUES('59db2c0ea6c4a', 'set', '1', '0', '1', '1', '1', '4 school', '16', '136', '24', '0', 'Times, serif', '1', 'Katrin', '541', '139', '23', '0', 'Times, serif', '0', '', '50', '20', '150', '0', '1', 'Katrin', '160', '24', 'Times, serif', '', '0', '10', '100');
INSERT INTO `products` VALUES('59db2e0c59317', '', '0', '0', '0', '0', '1', 'Paul Luger', '207', '131', '31', '0', 'Courier, monospace', '0', 'Ihr Text hier', '500', '140', '20', '0', 'Calibri, sans-serif', '1', '59db2e0c59643.png', '12', '14', '193', '0', '1', 'Ihr Text hier', '120', '20', 'Calibri, sans-serif', '', '0', '10', '100');
INSERT INTO `products` VALUES('59db2f224900b', 'set', '1', '0', '1', '1', '1', 'Ihr Text hier', '260', '10', '20', '0', 'Calibri, sans-serif', '1', 'Ihr Text hier', '500', '140', '20', '0', 'Calibri, sans-serif', '0', '', '50', '20', '150', '0', '1', 'Ihr Text hier', '120', '20', 'Calibri, sans-serif', '', '0', '10', '100');
INSERT INTO `products` VALUES('59db329ad6cab', 'set', '12', '0', '0', '6', '1', 'KAAAaaaarrrrl....', '276.997', '32.9861', '20', '0', 'Calibri, sans-serif', '1', '*spuck-spuck*', '464.983', '62.9549', '20', '0', 'Calibri, sans-serif', '1', '59db329ad6fdb.png', '0', '0', '263', '0', '1', 'Warum hat der keine Hände mehr???', '120', '15', 'Calibri, sans-serif', '59db332eebf5e.png', '1', '66', '45');
INSERT INTO `products` VALUES('59dbd20c6c7e6', '', '0', '0', '0', '0', '1', 'Ihr Text hier', '73.9495', '59.4647', '10', '-18', 'Calibri, sans-serif', '1', 'Ihr Text hier', '334', '75', '20', '0', 'Calibri, sans-serif', '0', '', '50', '20', '150', '0', '1', 'Ihr Text hier', '30', '20', 'Calibri, sans-serif', '', '0', '30', '100');
INSERT INTO `products` VALUES('59dc7b58ab6e2', 'set', '1', '1', '0', '1', '0', 'Ihr Text hier', '260', '10', '20', '0', 'Calibri, sans-serif', '1', 'SWAE', '535', '132', '25', '0', 'Monaco, monospace', '1', '59dc7b58c4a2e.png', '23', '21', '150', '0', '1', 'SWAE', '166', '23', 'Monaco, monospace', '', '0', '10', '100');
INSERT INTO `products` VALUES('59dc84b3873cd', '', '0', '0', '0', '0', '1', 'Ihr Text hier', '260', '10', '20', '0', 'Calibri, sans-serif', '1', 'klmknjnkmnjknjnjnuo', '500', '140', '10', '-6', 'Calibri, sans-serif', '0', '', '50', '20', '150', '0', '1', 'Ihr Text hier', '120', '18', 'Calibri, sans-serif', '', '0', '10', '100');
INSERT INTO `products` VALUES('59dc919549561', '', '0', '0', '0', '0', '1', 'Ihr Text hier', '501', '146', '20', '0', 'Calibri, sans-serif', '1', 'Ihr Text hier', '187', '0', '20', '0', 'Tahoma, Geneva, sans-serif', '0', '', '50', '20', '150', '0', '0', '', '', '', '', '', '0', '', '');
INSERT INTO `products` VALUES('59dc9b5c565e7', '', '0', '0', '0', '0', '1', 'Ihr Text hier', '260', '10', '20', '0', 'Calibri, sans-serif', '1', 'Ihr Text hier', '500', '140', '20', '0', 'Calibri, sans-serif', '0', '', '50', '20', '150', '0', '1', 'Ihr Text hier', '120', '20', 'Calibri, sans-serif', '', '0', '10', '100');
INSERT INTO `products` VALUES('59dc9dfcd157f', '', '0', '0', '0', '0', '1', 'Ihr Text hier', '257', '10', '20', '0', 'Calibri, sans-serif', '1', 'Ihr Text hier', '500', '140', '19', '0', 'Calibri, sans-serif', '0', '', '50', '20', '220', '0', '1', 'Ihr Text hier', '120', '20', 'Calibri, sans-serif', '', '0', '10', '100');
INSERT INTO `products` VALUES('59dce796866ca', '', '0', '0', '0', '0', '0', 'Ihr Text hier', '361', '115', '19', '0', 'Calibri, sans-serif', '1', 'Ihr Text hier', '63', '33', '20', '0', 'Calibri, sans-serif', '0', '', '50', '20', '150', '0', '0', '', '', '', '', '', '0', '', '');
INSERT INTO `products` VALUES('59dde68235884', '', '0', '0', '0', '0', '1', 'Pimmelberger', '110', '69', '20', '0', 'Calibri, sans-serif', '1', 'Ihr Text hier', '500', '140', '20', '0', 'Calibri, sans-serif', '0', '', '50', '20', '150', '0', '1', 'Ihr Text hier', '174', '20', 'Calibri, sans-serif', '', '0', '10', '100');
INSERT INTO `products` VALUES('59de1ec9e32d3', '', '0', '0', '0', '0', '1', 'Ihr Text hier', '346', '133', '20', '0', 'Calibri, sans-serif', '0', 'Ihr Text hier', '215', '62', '16', '0', 'Calibri, sans-serif', '0', '', '50', '20', '150', '0', '0', '', '', '', '', '', '0', '', '');
INSERT INTO `products` VALUES('59de39810ee5d', '', '0', '0', '0', '0', '1', 'Ihr Text hier', '260', '10', '20', '0', 'Calibri, sans-serif', '1', 'Ihr Text hier', '500', '140', '20', '0', 'Calibri, sans-serif', '0', '', '50', '20', '150', '0', '1', 'Ihr Text hier', '120', '20', 'Calibri, sans-serif', '', '0', '10', '100');
INSERT INTO `products` VALUES('59df05b4428f8', '', '0', '0', '0', '0', '1', 'Ihr Text hier', '260', '10', '20', '0', 'Calibri, sans-serif', '1', 'Ihr Text hier', '500', '140', '20', '0', 'Calibri, sans-serif', '0', '', '50', '20', '150', '0', '1', 'Ihr Text hier', '120', '20', 'Calibri, sans-serif', '', '0', '10', '100');
INSERT INTO `products` VALUES('59df06e62f004', '', '0', '0', '0', '0', '1', 'Ihr Text hier', '260', '10', '20', '0', 'Calibri, sans-serif', '1', 'Ihr Text hier', '500', '140', '20', '0', 'Calibri, sans-serif', '0', '', '50', '55', '150', '0', '0', '', '', '', '', '', '0', '', '');
INSERT INTO `products` VALUES('59dfb28df04a5', '', '0', '0', '0', '0', '1', 'Ihr Text hier', '260', '10', '20', '0', 'Calibri, sans-serif', '1', 'Ihr Text hier', '500', '140', '20', '0', 'Calibri, sans-serif', '0', '', '50', '55', '150', '0', '0', '', '', '', '', '', '0', '', '');
INSERT INTO `products` VALUES('59dfcd37cb744', '', '0', '0', '0', '0', '1', 'Ihr Text hier', '260', '10', '20', '0', 'Calibri, sans-serif', '1', 'Ihr Text hier', '500', '140', '20', '0', 'Calibri, sans-serif', '0', '', '50', '55', '150', '0', '1', 'Ihr Text hier', '120', '20', 'Calibri, sans-serif', '', '0', '10', '90');
INSERT INTO `products` VALUES('59dfd37d28291', '', '0', '0', '0', '0', '0', 'Alisic Maid', '260', '10', '20', '0', 'Calibri, sans-serif', '1', 'Alisic Maid', '500', '140', '20', '0', 'Calibri, sans-serif', '0', '', '50', '55', '150', '0', '1', 'Alisic Maid', '120', '20', 'Calibri, sans-serif', '', '0', '10', '90');
INSERT INTO `products` VALUES('59e09946a00d4', '', '0', '0', '0', '0', '1', 'Ihr Text hier', '260', '10', '20', '0', 'Calibri, sans-serif', '1', 'TZ', '589.583', '138.133', '23', '-41', 'Calibri, sans-serif', '1', '59e09afbd88b1.jpg', '141', '-15', '110', '-90', '0', '', '', '', '', '', '0', '', '');
INSERT INTO `products` VALUES('59e09d7fa9dda', '', '0', '0', '0', '0', '1', 'Ihr Text hier', '260', '10', '20', '0', 'Calibri, sans-serif', '1', 'Ihr Text hier', '500', '140', '20', '0', 'Calibri, sans-serif', '0', '', '50', '55', '150', '0', '1', 'Ihr Text hier', '120', '20', 'Calibri, sans-serif', '', '0', '10', '90');
INSERT INTO `products` VALUES('59e1023480162', 'set', '1', '1', '0', '1', '1', '', '260', '10', '20', '0', 'Calibri, sans-serif', '1', '', '500', '140', '20', '0', 'Calibri, sans-serif', '0', '', '50', '55', '150', '0', '1', 'Christine Bauernfeind', '136', '20', 'Calibri, sans-serif', '', '0', '10', '90');
INSERT INTO `products` VALUES('59e24eefc3301', 'set', '1', '0', '1', '1', '1', 'Ihr Text hier', '260', '10', '20', '0', 'Calibri, sans-serif', '1', 'Ihr Text hier', '500', '140', '20', '0', 'Calibri, sans-serif', '0', '', '50', '55', '150', '0', '1', 'Ihr Text hier', '120', '20', 'Calibri, sans-serif', '', '0', '10', '90');
INSERT INTO `products` VALUES('59e31ae04db18', '', '0', '0', '0', '0', '0', '', '', '', '', '', '', '0', '', '', '', '', '', '', '0', '', '', '', '', '', '1', 'Ihr Text hier', '120', '20', 'Calibri, sans-serif', '', '0', '10', '90');
INSERT INTO `products` VALUES('59e31c23d8109', '', '0', '0', '0', '0', '0', 'Ihr Text hier', '355', '62', '20', '0', 'Calibri, sans-serif', '1', 'Stjepan Marcikic', '436', '143', '20', '0', 'Calibri, sans-serif', '1', '59e31c3131641.jpg', '14', '13', '272', '0', '1', 'Ihr Text hier', '120', '20', 'Calibri, sans-serif', '', '0', '10', '90');
INSERT INTO `products` VALUES('59e449364d6c6', '', '0', '0', '0', '0', '1', 'Ihr Text hier', '260', '10', '20', '0', 'Calibri, sans-serif', '1', 'Ihr Text hier', '500', '140', '20', '0', 'Calibri, sans-serif', '0', '', '50', '55', '150', '0', '1', 'Ihr Text hier', '120', '20', 'Calibri, sans-serif', '', '0', '10', '90');
INSERT INTO `products` VALUES('59e63304a6f03', '', '0', '0', '0', '0', '1', 'Ihr Text hier', '260', '10', '20', '0', 'Calibri, sans-serif', '1', 'Ihr Text hier', '500', '140', '20', '0', 'Calibri, sans-serif', '0', '', '50', '55', '150', '0', '0', '', '', '', '', '', '0', '', '');
INSERT INTO `products` VALUES('59e63afa85723', 'set', '1', '0', '1', '1', '1', 'Hallo', '260', '10', '42', '-180', 'Calibri, sans-serif', '1', 'Ihr Text hier', '500', '140', '20', '0', 'Calibri, sans-serif', '1', '59e63afaa5681.jpeg', '50', '55', '150', '0', '1', 'Ihr Text hier', '120', '20', 'Calibri, sans-serif', '', '0', '10', '90');
INSERT INTO `products` VALUES('59e64e909977b', '', '0', '0', '0', '0', '1', 'Mein neues Schreibset', '260', '10', '32', '0', 'Verdana, Geneva, sans-serif', '1', 'Ihr Text hier', '500', '140', '20', '0', 'Calibri, sans-serif', '0', '', '50', '55', '150', '0', '0', '', '', '', '', '', '0', '', '');
INSERT INTO `products` VALUES('59e717cd69997', '', '0', '0', '0', '0', '1', 'Ihr Text hier', '260', '10', '20', '0', 'Calibri, sans-serif', '1', 'Ihr Text hier', '500', '140', '20', '0', 'Calibri, sans-serif', '0', '', '50', '55', '150', '0', '1', 'Ihr Text hier', '120', '20', 'Calibri, sans-serif', '', '0', '10', '90');
INSERT INTO `products` VALUES('59e7186273df0', 'set', '1', '0', '1', '1', '0', 'Ihr Text hier', '260', '10', '20', '0', 'Calibri, sans-serif', '1', 'MOLJ', '526', '123', '20', '0', 'Calibri, sans-serif', '1', '59e718627a4bf.png', '43', '97', '150', '0', '1', 'MOLJ', '26', '20', 'Calibri, sans-serif', '', '0', '10', '90');
INSERT INTO `products` VALUES('59e71f3ed8b9a', 'set', '1', '0', '1', '1', '1', 'Ihr Text hier', '260', '10', '20', '0', 'Calibri, sans-serif', '1', 'Ihr Text hier', '500', '140', '20', '0', 'Calibri, sans-serif', '0', '', '50', '55', '150', '0', '1', 'Ihr Text hier', '120', '20', 'Calibri, sans-serif', '', '0', '10', '90');
INSERT INTO `products` VALUES('59e720ac170fb', 'set', '6', '6', '0', '6', '1', 'Meine Text da', '260', '10', '20', '0', 'Impact, Charcoal, sans-serif', '1', 'Viel schöne Name von mir schreibst du, kennst du mich?!', '272', '106', '20', '0', 'Impact, Charcoal, sans-serif', '1', '59e720ac173e5.png', '8', '53', '150', '0', '1', 'Ihr Text hier', '120', '20', 'Calibri, sans-serif', '', '0', '10', '90');
INSERT INTO `products` VALUES('59e7453e01d90', '', '0', '0', '0', '0', '1', 'Ihr Text hier', '260', '10', '20', '0', 'Calibri, sans-serif', '1', 'Ihr Text hier', '500', '140', '20', '0', 'Calibri, sans-serif', '0', '', '50', '55', '150', '0', '1', 'Ihr Text hier', '120', '20', 'Calibri, sans-serif', '', '0', '10', '90');
INSERT INTO `products` VALUES('59e84399dc3bc', '', '0', '0', '0', '0', '1', 'Ihr Text hier', '260', '10', '20', '0', 'Calibri, sans-serif', '1', 'Ihr Text hier', '500', '140', '20', '0', 'Calibri, sans-serif', '0', '', '50', '55', '150', '0', '1', 'Ihr Text hier', '120', '20', 'Calibri, sans-serif', '', '0', '10', '90');
INSERT INTO `products` VALUES('59e86f9a805ba', '', '0', '0', '0', '0', '0', 'Ihr Text hier', '260', '10', '20', '0', 'Calibri, sans-serif', '1', 'Roland Pachinger', '424', '132', '20', '0', 'Calibri, sans-serif', '1', '59e86f9a8228e.png', '18', '-22', '329', '0', '1', 'Roland Pachinger', '93', '20', 'Calibri, sans-serif', '', '0', '10', '90');
INSERT INTO `products` VALUES('59e870aa19b43', '', '0', '0', '0', '0', '0', 'Ihr Text hier', '260', '10', '20', '0', 'Calibri, sans-serif', '1', 'HUBG', '536', '126', '20', '0', 'Calibri, sans-serif', '1', '59e870aa19eb7.png', '5', '-69', '373', '0', '1', 'HUBG', '120', '20', 'Calibri, sans-serif', '', '0', '10', '90');
INSERT INTO `products` VALUES('59e8717fc5997', '', '0', '0', '0', '0', '0', 'Ihr Text hier', '260', '10', '20', '0', 'Calibri, sans-serif', '1', 'FRAM', '546', '138', '20', '0', 'Calibri, sans-serif', '1', '59e8717fc5c82.png', '0', '-53', '349', '0', '1', 'FRAM', '120', '20', 'Calibri, sans-serif', '', '0', '10', '90');
INSERT INTO `products` VALUES('59e87235eb915', '', '0', '0', '0', '0', '0', 'Ihr Text hier', '260', '10', '20', '0', 'Calibri, sans-serif', '1', 'BAUE', '546', '134', '20', '0', 'Calibri, sans-serif', '1', '59e87235ebcbb.png', '44', '-45', '338', '0', '1', 'BAUE', '120', '20', 'Calibri, sans-serif', '', '0', '10', '90');
INSERT INTO `products` VALUES('59e872a3587d5', 'set', '1', '0', '1', '1', '0', 'Ihr Text hier', '260', '10', '20', '0', 'Calibri, sans-serif', '1', 'Kaltenbrunner', '426', '143', '20', '0', 'Calibri, sans-serif', '1', '59e872e9ddcc4.png', '25', '12', '205', '0', '1', 'Kaltenbrunner', '120', '20', 'Calibri, sans-serif', '', '0', '10', '90');
INSERT INTO `products` VALUES('59e877929063d', '', '0', '0', '0', '0', '1', 'WICHTIGER TEST', '260', '10', '20', '0', 'Calibri, sans-serif', '1', 'Ihr Text hier', '500', '140', '20', '0', 'Calibri, sans-serif', '0', '', '50', '55', '150', '0', '1', 'Ihr Text !!!!!!!', '120', '20', 'Calibri, sans-serif', '', '0', '10', '90');
INSERT INTO `products` VALUES('59e8a16c78bad', '', '0', '0', '0', '0', '1', 'Ihr Text hier', '260', '10', '20', '0', 'Calibri, sans-serif', '1', 'Ihr Text hier', '500', '140', '20', '0', 'Calibri, sans-serif', '0', '', '50', '55', '150', '0', '0', '', '', '', '', '', '0', '', '');
INSERT INTO `products` VALUES('59e8ac077bb15', '', '0', '0', '0', '0', '1', 'Ihr Text hier', '260', '10', '20', '0', 'Calibri, sans-serif', '1', 'Ihr Text hier', '500', '127', '20', '0', 'Calibri, sans-serif', '0', '', '50', '55', '150', '0', '1', 'Ihr Text hier', '120', '20', 'Calibri, sans-serif', '', '0', '10', '90');
INSERT INTO `products` VALUES('59e8b090152ed', '', '0', '0', '0', '0', '1', 'Ihr Text hier', '260', '10', '20', '0', 'Calibri, sans-serif', '1', 'Ihr Text hier', '500', '140', '20', '0', 'Calibri, sans-serif', '0', '', '50', '55', '150', '0', '1', 'Ihr Text hier', '120', '20', 'Calibri, sans-serif', '', '0', '10', '90');
INSERT INTO `products` VALUES('59e8ca86725da', 'set', '2', '0', '2', '2', '1', 'Finaler Test', '260', '10', '20', '0', 'Calibri, sans-serif', '1', 'Digga', '500', '140', '20', '0', 'Calibri, sans-serif', '1', '59e8ca96098d9.png', '41', '70', '150', '0', '1', 'Stiiiift', '159', '20', 'Calibri, sans-serif', '', '1', '17', '90');
INSERT INTO `products` VALUES('59e8ca9e959ae', 'set', '1', '0', '1', '1', '1', 'Ihr Text hier', '260', '10', '20', '0', 'Calibri, sans-serif', '1', 'Ihr Text hier', '500', '140', '20', '0', 'Calibri, sans-serif', '1', '', '50', '55', '500', '-180', '1', 'Ihr Text hier', '159', '20', 'Calibri, sans-serif', '', '1', '212', '90');
INSERT INTO `products` VALUES('59e8cb68d66d9', 'set', '0', '0', '0', '0', '0', '', '', '', '', '', '', '0', '', '', '', '', '', '', '0', '', '', '', '', '', '0', '', '', '', '', '', '0', '', '');
INSERT INTO `products` VALUES('59e8cca2b3845', 'set', '0', '2', '0', '1', '0', 'Ihr Text hier', '471', '76', '43', '-62', 'Calibri, sans-serif', '0', 'Ihr Text hier', '33', '65', '45', '-33', 'Calibri, sans-serif', '0', '', '270', '29', '192', '-35', '0', 'Ihr Text hier', '120', '20', 'Calibri, sans-serif', '', '0', '10', '90');
INSERT INTO `products` VALUES('59e8cfa03f72c', 'set', '0', '0', '0', '0', '0', '', '', '', '', '', '', '0', '', '', '', '', '', '', '0', '', '', '', '', '', '0', '', '', '', '', '', '0', '', '');
INSERT INTO `products` VALUES('59e8e9b1748c2', 'set', '0', '0', '0', '0', '0', '', '', '', '', '', '', '0', '', '', '', '', '', '', '0', '', '', '', '', '', '0', '', '', '', '', '', '0', '', '');
INSERT INTO `products` VALUES('59e8e9bab8ee4', 'box', '0', '0', '0', '0', '0', '', '', '', '', '', '', '0', '', '', '', '', '', '', '0', '', '', '', '', '', '0', '', '', '', '', '', '0', '', '');
INSERT INTO `products` VALUES('59e8e9bea0365', 'pen', '0', '0', '0', '0', '0', '', '', '', '', '', '', '0', '', '', '', '', '', '', '0', '', '', '', '', '', '0', '', '', '', '', '', '0', '', '');
INSERT INTO `products` VALUES('59e8e9decd295', 'pen', '0', '0', '0', '0', '0', '', '', '', '', '', '', '0', '', '', '', '', '', '', '0', '', '', '', '', '', '0', '', '', '', '', '', '0', '', '');
INSERT INTO `products` VALUES('59e8f87c69b0c', 'set', '0', '0', '0', '0', '0', '', '', '', '', '', '', '0', '', '', '', '', '', '', '0', '', '', '', '', '', '0', '', '', '', '', '', '0', '', '');
INSERT INTO `products` VALUES('59e993f70532f', 'set', '0', '0', '2', '1', '1', 'Ihr Text hier', '260', '10', '20', '0', 'Calibri, sans-serif', '1', 'Ihr Text hier', '500', '140', '20', '0', 'Calibri, sans-serif', '1', '', '50', '55', '150', '0', '1', 'Ihr Text hier', '120', '20', 'Calibri, sans-serif', '', '1', '10', '90');
INSERT INTO `products` VALUES('59e9a2225a6c2', 'pen', '0', '0', '0', '0', '0', '', '', '', '', '', '', '0', '', '', '', '', '', '', '0', '', '', '', '', '', '0', '', '', '', '', '', '0', '', '');
INSERT INTO `products` VALUES('59e9a227ca2f3', 'set', '0', '0', '0', '0', '0', '', '', '', '', '', '', '0', '', '', '', '', '', '', '0', '', '', '', '', '', '0', '', '', '', '', '', '0', '', '');
INSERT INTO `products` VALUES('59e9a2453b4c4', 'set', '0', '0', '0', '0', '1', 'Ihr Text hier', '260', '10', '20', '0', 'Calibri, sans-serif', '1', 'Ihr Text hier', '500', '140', '20', '0', 'Calibri, sans-serif', '1', '', '50', '55', '150', '0', '1', 'Ihr Text hier', '120', '20', 'Calibri, sans-serif', '', '1', '10', '90');
INSERT INTO `products` VALUES('59e9a24b3b0df', 'box', '0', '0', '0', '0', '0', '', '', '', '', '', '', '0', '', '', '', '', '', '', '0', '', '', '', '', '', '0', '', '', '', '', '', '0', '', '');
INSERT INTO `products` VALUES('59e9a28345215', 'set', '0', '0', '0', '0', '1', 'Ihr Text hier', '260', '10', '20', '0', 'Calibri, sans-serif', '1', 'Ihr Text hier', '500', '140', '20', '0', 'Calibri, sans-serif', '1', '', '50', '55', '150', '0', '0', '', '', '', '', '', '0', '', '');
INSERT INTO `products` VALUES('59e9a284b264d', 'set', '0', '0', '0', '0', '1', 'Ihr Text hier', '260', '10', '20', '0', 'Calibri, sans-serif', '1', 'Ihr Text hier', '500', '140', '20', '0', 'Calibri, sans-serif', '1', '', '50', '55', '150', '0', '1', 'Ihr Text hier', '137', '24', 'Calibri, sans-serif', '', '1', '14', '90');
INSERT INTO `products` VALUES('59e9bc7c428b7', 'set', '0', '0', '0', '0', '0', '', '', '', '', '', '', '0', '', '', '', '', '', '', '0', '', '', '', '', '', '0', '', '', '', '', '', '0', '', '');
INSERT INTO `products` VALUES('59e9bd072d79e', 'pen', '0', '0', '1', '0', '0', '', '', '', '', '', '', '0', '', '', '', '', '', '', '0', '', '', '', '', '', '1', 'deSign', '120', '28', 'Calibri, sans-serif', '59e9bdc93c24b.jpg', '1', '10', '85');
INSERT INTO `products` VALUES('59e9bd40e48ae', 'set', '0', '0', '0', '0', '0', '', '', '', '', '', '', '0', '', '', '', '', '', '', '0', '', '', '', '', '', '0', '', '', '', '', '', '0', '', '');
INSERT INTO `products` VALUES('59e9c055626c4', 'pen', '0', '0', '0', '0', '0', '', '', '', '', '', '', '0', '', '', '', '', '', '', '0', '', '', '', '', '', '1', 'Ihr Text hier', '120', '20', 'Calibri, sans-serif', '59e9c12553ea1.jpg', '1', '10', '25');
INSERT INTO `products` VALUES('59e9ca52b08b3', 'pen', '0', '0', '0', '0', '0', '', '', '', '', '', '', '0', '', '', '', '', '', '', '0', '', '', '', '', '', '0', 'BiernoulliS', '120', '11', 'cursive, sans-serif', '59e9ca8352d75.png', '1', '10', '48');
INSERT INTO `products` VALUES('59e9caebdd9e5', 'pen', '1', '0', '0', '0', '0', '', '', '', '', '', '', '0', '', '', '', '', '', '', '0', '', '', '', '', '', '1', 'Ihr Text hier', '120', '20', 'Calibri, sans-serif', '59e9cb09c1d61.png', '1', '10', '48');
INSERT INTO `products` VALUES('59e9d341c8233', 'set', '0', '0', '0', '0', '1', 'Ihr Text hier', '260', '10', '20', '0', 'Calibri, sans-serif', '1', 'Ihr Text hier', '500', '140', '20', '0', 'Calibri, sans-serif', '1', '', '38', '61', '150', '0', '1', 'Ihr Text hier', '198', '20', 'Calibri, sans-serif', '', '1', '25', '90');
INSERT INTO `products` VALUES('59e9d44542602', 'set', '1', '1', '0', '1', '1', 'Roland Pachinger', '391', '126', '23', '0', 'Calibri, sans-serif', '0', 'Ihr Text hier', '500', '140', '20', '0', 'Calibri, sans-serif', '1', '59e9d599396f2.png', '36', '41', '250', '0', '1', 'Roland Pachinger', '38', '20', 'Calibri, sans-serif', '', '0', '10', '90');
INSERT INTO `products` VALUES('59e9d8f9c835c', 'set', '1', '1', '0', '1', '1', 'Roland Pachinger', '359', '127', '28', '0', 'Calibri, sans-serif', '0', 'Ihr Text hier', '500', '140', '20', '0', 'Calibri, sans-serif', '1', '59e9d90418def.png', '36', '39', '230', '0', '1', 'Roland Pachinger', '44', '22', 'Calibri, sans-serif', '', '0', '10', '90');
INSERT INTO `products` VALUES('59e9d9ffe96aa', 'box', '0', '0', '0', '1', '1', 'Ihr Text hier', '260', '10', '20', '0', 'Calibri, sans-serif', '1', 'Ihr Text hier', '500', '140', '20', '0', 'Calibri, sans-serif', '1', '', '50', '55', '150', '0', '0', '', '', '', '', '', '0', '', '');
INSERT INTO `products` VALUES('59e9da8b3a246', 'set', '1', '0', '1', '1', '1', 'FRAM', '516', '127', '32', '0', 'Calibri, sans-serif', '0', 'Ihr Text hier', '500', '140', '20', '0', 'Calibri, sans-serif', '1', '59e9da9e1b191.png', '49', '37', '246', '0', '1', 'FRAM', '57', '20', 'Calibri, sans-serif', '', '0', '10', '90');
INSERT INTO `products` VALUES('59e9db0ee4277', 'set', '1', '0', '1', '1', '1', 'BAUE', '527', '127', '29', '0', 'Calibri, sans-serif', '0', 'Ihr Text hier', '500', '140', '20', '0', 'Calibri, sans-serif', '1', '59e9db17ed4b5.png', '47', '38', '263', '0', '1', 'BAUE', '54', '20', 'Calibri, sans-serif', '', '0', '10', '90');
INSERT INTO `products` VALUES('59e9db82393a1', 'set', '1', '1', '0', '1', '1', 'HUBG', '530', '129', '28', '0', 'Calibri, sans-serif', '0', 'Ihr Text hier', '500', '140', '20', '0', 'Calibri, sans-serif', '1', '59e9db9404a6b.png', '35', '32', '270', '0', '1', 'HUBG', '63', '23', 'Calibri, sans-serif', '', '0', '10', '90');
INSERT INTO `products` VALUES('59e9f8241382d', 'set', '0', '0', '0', '0', '1', 'Ihr Text hier', '260', '10', '20', '0', 'Calibri, sans-serif', '1', 'Ihr Text hier', '500', '140', '20', '0', 'Calibri, sans-serif', '1', '', '50', '55', '150', '0', '0', '', '', '', '', '', '0', '', '');
INSERT INTO `products` VALUES('59ea03c6728e8', 'set', '0', '0', '0', '0', '0', '', '', '', '', '', '', '0', '', '', '', '', '', '', '0', '', '', '', '', '', '0', '', '', '', '', '', '0', '', '');
INSERT INTO `products` VALUES('59ea048b63827', 'set', '0', '0', '0', '0', '1', 'Ihr Text hier', '260', '10', '20', '0', 'Calibri, sans-serif', '1', 'Ihr Text hier', '500', '140', '20', '0', 'Calibri, sans-serif', '1', '', '50', '55', '150', '0', '0', '', '', '', '', '', '0', '', '');
INSERT INTO `products` VALUES('59ea04adebae5', 'set', '0', '0', '0', '0', '0', '', '', '', '', '', '', '0', '', '', '', '', '', '', '0', '', '', '', '', '', '0', '', '', '', '', '', '0', '', '');
INSERT INTO `products` VALUES('59ea04b638e8f', 'set', '0', '0', '0', '0', '1', 'Ihr Text hier', '260', '10', '20', '0', 'Calibri, sans-serif', '1', 'Ihr Text hier', '500', '140', '20', '0', 'Calibri, sans-serif', '1', '', '50', '55', '150', '0', '1', 'Ihr Text hier', '120', '20', 'Calibri, sans-serif', '', '1', '10', '90');
INSERT INTO `products` VALUES('59ea05b4234eb', 'set', '0', '0', '0', '0', '1', 'Ihr Text hier', '260', '10', '20', '0', 'Calibri, sans-serif', '1', 'Ihr Text hier', '500', '140', '20', '0', 'Calibri, sans-serif', '1', '', '50', '55', '150', '0', '0', '', '', '', '', '', '0', '', '');
INSERT INTO `products` VALUES('59ea05cc41d58', 'pen', '0', '0', '0', '0', '0', '', '', '', '', '', '', '0', '', '', '', '', '', '', '0', '', '', '', '', '', '0', '', '', '', '', '', '0', '', '');
INSERT INTO `products` VALUES('59ea05d5cb734', 'set', '0', '0', '0', '0', '1', 'Ihr Text hier', '260', '10', '20', '0', 'Calibri, sans-serif', '1', 'Ihr Text hier', '500', '140', '20', '0', 'Calibri, sans-serif', '1', '', '50', '55', '150', '0', '1', 'Ihr Text hier', '148', '20', 'Verdana, Geneva, sans-serif', '', '0', '19', '90');
INSERT INTO `products` VALUES('59ea07abec1b8', 'set', '0', '0', '0', '0', '1', 'Ihr Text hier', '223', '74', '20', '0', 'Calibri, sans-serif', '1', 'Ihr Text hier', '351', '104', '20', '0', 'Calibri, sans-serif', '1', '', '50', '55', '150', '0', '0', '', '', '', '', '', '0', '', '');
INSERT INTO `products` VALUES('59ea3aab52a7c', 'set', '0', '0', '0', '0', '1', 'Ihr Text hier', '260', '10', '20', '0', 'Calibri, sans-serif', '1', 'Ihr Text hier', '500', '140', '20', '0', 'Calibri, sans-serif', '1', '', '50', '55', '150', '0', '1', 'Ihr Text hier', '120', '20', 'Calibri, sans-serif', '', '1', '10', '90');
INSERT INTO `products` VALUES('59ea4bfff377b', 'set', '1', '0', '1', '1', '1', 'hjfj', '271', '65', '20', '0', 'Calibri, sans-serif', '1', 'Ihr Text hier', '385', '100', '20', '180', 'Calibri, sans-serif', '1', '59ea4c26baf97.png', '16', '-26', '162', '0', '1', 'Ihr Text hier', '120', '20', 'Calibri, sans-serif', '', '1', '10', '90');
INSERT INTO `products` VALUES('59ea4c63a576a', 'pen', '5', '4', '7', '0', '0', '', '', '', '', '', '', '0', '', '', '', '', '', '', '0', '', '', '', '', '', '1', 'Ihr Text hier', '120', '20', 'Calibri, sans-serif', '', '1', '10', '90');
INSERT INTO `products` VALUES('59ea5654e7c61', 'set', '1', '0', '1', '1', '0', 'Franz ', '531', '131', '24', '0', 'Calibri, sans-serif', '1', ' ', '500', '140', '20', '0', 'Calibri, sans-serif', '1', '59ea566e0c464.png', '9', '6', '353', '0', '1', 'LET Sonnensegel', '18', '20', 'Calibri, sans-serif', '59ea5727b27e3.png', '0', '20', '90');
INSERT INTO `products` VALUES('59eb6bac41436', 'set', '1', '0', '1', '1', '1', 'Ihr Text hier', '306', '0', '20', '0', 'Calibri, sans-serif', '1', 'kj.bulguogpiugp', '500', '140', '20', '0', 'Calibri, sans-serif', '1', '', '27', '75', '150', '0', '1', 'Dominik', '120', '20', 'Calibri, sans-serif', '', '1', '244', '90');
INSERT INTO `products` VALUES('59eb6ee3b7756', 'set', '0', '0', '0', '0', '1', 'Ihr Text hier', '260', '10', '20', '0', 'Calibri, sans-serif', '1', 'Ihr Text hier', '500', '140', '20', '0', 'Calibri, sans-serif', '1', '', '50', '55', '150', '0', '1', '', '', '', '', '', '1', '', '');
INSERT INTO `products` VALUES('59eb7b6d234c0', 'set', '0', '0', '0', '0', '1', 'Ihr Text hier', '260', '10', '20', '0', 'Calibri, sans-serif', '1', 'Ihr Text hier', '307', '63', '20', '0', 'Calibri, sans-serif', '1', '59eb7b97aa9a6.png', '23', '15', '151', '-5', '1', '', '', '', '', '', '1', '', '');
INSERT INTO `products` VALUES('59eb7bb71c416', 'set', '1', '0', '1', '1', '0', 'Steyr Box von', '443', '107', '20', '0', 'Calibri, sans-serif', '1', 'Bautschi', '401', '101', '42', '0', 'cursive, sans-serif', '1', '59eb7bbe00f40.png', '10', '0', '184', '0', '1', 'Bautschi', '16', '27', 'cursive, sans-serif', '', '1', '10', '90');
INSERT INTO `products` VALUES('59ec6cf062431', 'set', '0', '0', '0', '0', '1', 'Ihr Text hier', '260', '10', '20', '0', 'Calibri, sans-serif', '1', 'Ihr Text hier', '500', '140', '20', '0', 'Calibri, sans-serif', '1', '', '50', '55', '150', '0', '1', '', '', '', '', '', '1', '', '');
INSERT INTO `products` VALUES('59ec6fee1abe3', 'set', '0', '0', '0', '0', '1', '', '', '', '', '', '', '1', '', '', '', '', '', '', '1', '', '', '', '', '', '1', '', '', '', '', '', '1', '', '');
INSERT INTO `products` VALUES('59ec781ba21ac', 'set', '0', '0', '0', '0', '1', 'gddf', '263', '17', '20', '0', 'Calibri, sans-serif', '1', 'sdfd', '500', '140', '20', '0', 'Calibri, sans-serif', '1', '', '48', '56', '150', '0', '1', 'Ihr Text hier', '131', '20', 'Calibri, sans-serif', '', '1', '9', '90');
INSERT INTO `products` VALUES('59ec9a1c12a40', 'set', '3', '0', '3', '3', '1', 'Ihr Text hier', '260', '10', '20', '0', 'Calibri, sans-serif', '1', 'Ihr Text hier', '500', '140', '20', '0', 'Calibri, sans-serif', '1', '', '50', '55', '150', '0', '1', 'Ihr Text hier', '120', '20', 'Calibri, sans-serif', '', '1', '10', '90');
INSERT INTO `products` VALUES('59ec9c8559dd5', 'set', '3', '3', '0', '3', '1', 'Ihr Text hier', '260', '10', '20', '0', 'Calibri, sans-serif', '1', 'Ihr Text hier', '500', '140', '20', '0', 'Calibri, sans-serif', '1', '', '50', '55', '150', '0', '1', 'Ihr Text hier', '120', '20', 'Calibri, sans-serif', '', '1', '10', '90');
INSERT INTO `products` VALUES('59ec9e334731d', 'set', '0', '0', '0', '0', '1', 'Ihr Text hier', '260', '10', '20', '0', 'Calibri, sans-serif', '1', 'Ihr Text hier', '500', '140', '20', '0', 'Calibri, sans-serif', '1', '', '50', '55', '150', '0', '1', '', '', '', '', '', '1', '', '');
INSERT INTO `products` VALUES('59ec9f6ad620b', 'set', '1', '0', '1', '1', '1', 'Ihr Text hier', '260', '10', '20', '0', 'Calibri, sans-serif', '1', 'Ihr Text hier', '500', '140', '20', '0', 'Calibri, sans-serif', '1', '', '50', '55', '150', '0', '1', 'Ihr Text hier', '120', '20', 'Calibri, sans-serif', '', '1', '10', '90');
INSERT INTO `products` VALUES('59eca1356386d', 'set', '2', '2', '0', '2', '1', 'Test für Mail', '271', '77', '20', '0', 'Calibri, sans-serif', '0', 'Ihr Text hier', '500', '140', '20', '0', 'Calibri, sans-serif', '0', '', '50', '55', '150', '0', '1', 'Test', '120', '20', 'Calibri, sans-serif', '', '0', '10', '90');
INSERT INTO `products` VALUES('59eca14fd608f', 'pen', '1', '1', '3', '0', '1', '', '', '', '', '', '', '1', '', '', '', '', '', '', '1', '', '', '', '', '', '1', 'Tata', '120', '20', 'Calibri, sans-serif', '', '1', '10', '90');
INSERT INTO `products` VALUES('59ecf66e5d992', 'set', '0', '0', '0', '0', '1', '', '', '', '', '', '', '1', '', '', '', '', '', '', '1', '', '', '', '', '', '1', '', '', '', '', '', '1', '', '');
INSERT INTO `products` VALUES('59ed1499d7f24', 'set', '0', '0', '0', '0', '1', 'Ihr Text hier', '260', '10', '20', '0', 'Calibri, sans-serif', '1', 'NANDO', '500', '140', '20', '0', 'Calibri, sans-serif', '1', '', '50', '55', '237', '0', '1', '1950', '120', '20', 'Calibri, sans-serif', '', '1', '10', '90');
INSERT INTO `products` VALUES('59ed9ed1273d4', 'set', '1', '1', '0', '1', '1', 'Eigenwebung auf Eigenwebrung', '232', '37', '20', '0', 'Calibri, sans-serif', '0', 'WEPEN', '336', '136', '20', '0', 'Calibri, sans-serif', '1', '59ed9ee551124.png', '40', '50', '150', '0', '1', 'Yes We Pen', '64', '20', 'Calibri, sans-serif', '59ed9f218f46b.png', '1', '8', '47');
INSERT INTO `products` VALUES('59edcf87e5846', 'set', '0', '0', '0', '0', '1', 'Ihr Text hier', '260', '10', '32', '0', 'Calibri, sans-serif', '1', 'Ihr Text hier', '500', '140', '20', '0', 'Calibri, sans-serif', '1', '', '50', '55', '150', '0', '1', '', '', '', '', '', '1', '', '');
INSERT INTO `products` VALUES('59ede85c674b5', 'set', '0', '0', '0', '0', '1', 'Ihr Text hier', '260', '10', '20', '0', 'Calibri, sans-serif', '1', 'Ihr Text hier', '500', '140', '20', '0', 'Calibri, sans-serif', '1', '', '50', '55', '150', '0', '1', 'Ihr Text hier', '120', '20', 'Calibri, sans-serif', '', '1', '10', '90');
INSERT INTO `products` VALUES('59edeb62a3071', 'box', '0', '0', '0', '0', '1', 'Ihr Text hier', '260', '10', '20', '0', 'Calibri, sans-serif', '1', 'Ihr Text hier', '500', '140', '20', '0', 'Calibri, sans-serif', '1', '', '50', '55', '150', '0', '1', '', '', '', '', '', '1', '', '');
INSERT INTO `products` VALUES('59edebfaa2167', 'pen', '0', '0', '0', '0', '1', '', '', '', '', '', '', '1', '', '', '', '', '', '', '1', '', '', '', '', '', '1', 'Ihr Text hier', '120', '20', 'Calibri, sans-serif', '', '1', '10', '90');
INSERT INTO `products` VALUES('59ee065891be3', 'set', '0', '0', '0', '0', '1', '', '', '', '', '', '', '1', '', '', '', '', '', '', '1', '', '', '', '', '', '1', '', '', '', '', '', '1', '', '');
INSERT INTO `products` VALUES('59ee077db8e0c', 'set', '0', '0', '0', '0', '1', 'Ihr Text hier', '260', '10', '69', '0', 'Calibri, sans-serif', '1', 'Ihr Text hier', '500', '140', '20', '0', 'Calibri, sans-serif', '1', '', '50', '55', '150', '0', '1', '', '', '', '', '', '1', '', '');
INSERT INTO `products` VALUES('59ee1f4e20123', 'set', '1', '0', '1', '1', '0', 'Ihr Text hier', '260', '10', '20', '0', 'Calibri, sans-serif', '1', 'Kornelia Senzenberger', '352', '137', '20', '0', 'Calibri, sans-serif', '1', '59ee1fafdb9f3.jpg', '0', '11', '279', '0', '0', 'Ihr Text hier', '120', '20', 'Calibri, sans-serif', '59ee201e7367e.jpg', '1', '15', '133');
INSERT INTO `products` VALUES('59ef1a8d2f102', 'set', '1000000000', '1000000000', '0', '1000000000', '1', 'Ihr Text hier', '260', '10', '20', '0', 'Calibri, sans-serif', '1', 'Ihr Text hier', '500', '140', '20', '0', 'Calibri, sans-serif', '1', '', '50', '55', '150', '0', '1', 'Ihr Text hier', '120', '20', 'Calibri, sans-serif', '', '1', '10', '90');
INSERT INTO `products` VALUES('59ef332e307b5', 'box', '0', '0', '0', '0', '1', '', '', '', '', '', '', '1', '', '', '', '', '', '', '1', '', '', '', '', '', '1', '', '', '', '', '', '1', '', '');
INSERT INTO `products` VALUES('59ef33ba9ba9f', 'pen', '0', '0', '0', '0', '1', '', '', '', '', '', '', '1', '', '', '', '', '', '', '1', '', '', '', '', '', '1', '', '', '', '', '', '1', '', '');
INSERT INTO `products` VALUES('59ef3597ac247', 'set', '0', '0', '0', '0', '1', '', '', '', '', '', '', '1', '', '', '', '', '', '', '1', '', '', '', '', '', '1', '', '', '', '', '', '1', '', '');
INSERT INTO `products` VALUES('59ef363e22500', 'set', '0', '0', '0', '0', '1', '', '', '', '', '', '', '1', '', '', '', '', '', '', '1', '', '', '', '', '', '1', '', '', '', '', '', '1', '', '');
INSERT INTO `products` VALUES('59f058d6cec0f', 'set', '1', '0', '1', '1', '1', 'Ihr Text hier', '260', '10', '20', '0', 'Calibri, sans-serif', '1', 'Ihr Text hier', '500', '140', '20', '0', 'Calibri, sans-serif', '1', '', '50', '55', '150', '0', '1', 'Ihr Text hier', '120', '20', 'Calibri, sans-serif', '', '1', '10', '90');
INSERT INTO `products` VALUES('59f0798d7f23f', 'set', '1000000', '1000000', '0', '1000000', '1', 'Simone D.', '504.99', '112.979', '20', '0', 'Calibri, sans-serif', '1', 'Sexy Biene', '503.986', '141.979', '20', '0', 'Calibri, sans-serif', '0', '', '65.9931', '64.9861', '150', '0', '1', 'Simone Bienchen', '10', '20', 'Calibri, sans-serif', '', '0', '10', '500');
INSERT INTO `products` VALUES('59f0b37e54997', 'set', '0', '0', '0', '0', '1', '', '', '', '', '', '', '1', '', '', '', '', '', '', '1', '', '', '', '', '', '1', '', '', '', '', '', '1', '', '');
INSERT INTO `products` VALUES('59f1950fe395b', 'set', '0', '0', '0', '0', '1', 'Ihr Text hier', '260', '10', '20', '0', 'Calibri, sans-serif', '1', 'Ihr Text hier', '500', '140', '20', '0', 'Calibri, sans-serif', '1', '', '50', '55', '150', '0', '1', 'Ihr Text hier', '120', '20', 'Calibri, sans-serif', '', '1', '10', '90');
INSERT INTO `products` VALUES('59f1d3cc617c9', 'set', '0', '0', '0', '0', '1', 'Ihr Text hier', '260', '10', '20', '0', 'Calibri, sans-serif', '1', 'Ihr Text hier', '500', '140', '20', '0', 'Calibri, sans-serif', '1', '', '0', '-43', '500', '0', '1', '', '', '', '', '', '1', '', '');
INSERT INTO `products` VALUES('59f1e55ce5c87', 'set', '0', '0', '0', '0', '1', 'Ihr Text hier', '260', '10', '20', '0', 'Calibri, sans-serif', '1', 'Ihr Text hier', '500', '140', '20', '0', 'Calibri, sans-serif', '1', '', '50', '55', '150', '0', '1', '', '', '', '', '', '1', '', '');
INSERT INTO `products` VALUES('59f215cd3477d', 'box', '0', '0', '0', '0', '1', '', '', '', '', '', '', '1', '', '', '', '', '', '', '1', '', '', '', '', '', '1', '', '', '', '', '', '1', '', '');
INSERT INTO `products` VALUES('59f22a6361c24', 'set', '0', '0', '0', '0', '1', 'Ihr Text hier', '260', '10', '20', '0', 'Calibri, sans-serif', '1', 'Ihr Text hier', '500', '140', '20', '0', 'Calibri, sans-serif', '1', '', '50', '55', '150', '0', '1', '', '', '', '', '', '1', '', '');
INSERT INTO `products` VALUES('59f2b39e37a33', 'set', '0', '0', '0', '0', '1', 'Ihr Text hier', '260', '10', '20', '0', 'Calibri, sans-serif', '1', 'Boris ', '500', '140', '20', '0', 'Calibri, sans-serif', '1', '', '50', '55', '150', '0', '1', 'Boris', '120', '20', 'Calibri, sans-serif', '', '1', '10', '96');
INSERT INTO `products` VALUES('59f2b6e975b89', 'pen', '0', '0', '0', '0', '1', '', '', '', '', '', '', '1', '', '', '', '', '', '', '1', '', '', '', '', '', '1', '', '', '', '', '', '1', '', '');
INSERT INTO `products` VALUES('59f2e9a062ad5', 'set', '0', '0', '0', '0', '1', 'Ihr Text hier', '260', '10', '20', '0', 'Calibri, sans-serif', '1', 'Ihr Text hier', '500', '140', '20', '0', 'Calibri, sans-serif', '1', '', '50', '55', '150', '0', '1', 'Ihr Text hier', '120', '20', 'Calibri, sans-serif', '', '1', '10', '90');
INSERT INTO `products` VALUES('59f313ec8f7d8', 'set', '0', '0', '0', '0', '1', 'Ihr Text hier', '260', '10', '20', '0', 'Calibri, sans-serif', '1', 'Ihr Text hier', '500', '140', '20', '0', 'Calibri, sans-serif', '1', '', '50', '55', '150', '0', '1', 'Ihr Text hier', '120', '20', 'Calibri, sans-serif', '', '1', '10', '90');
INSERT INTO `products` VALUES('59f3478538ac2', 'set', '0', '0', '0', '0', '1', '', '', '', '', '', '', '1', '', '', '', '', '', '', '1', '', '', '', '', '', '1', '', '', '', '', '', '1', '', '');
INSERT INTO `products` VALUES('59f347e7b4418', 'set', '0', '0', '0', '0', '1', 'Ihr Text hier', '260', '10', '20', '0', 'Calibri, sans-serif', '1', 'Ihr Text hier', '500', '140', '20', '0', 'Calibri, sans-serif', '1', '59f347efbc909.png', '48', '37', '150', '0', '1', '', '', '', '', '', '1', '', '');
INSERT INTO `products` VALUES('59f42b91edb7b', 'set', '0', '0', '0', '0', '1', 'Ihr Text hier', '260', '10', '20', '0', 'Calibri, sans-serif', '1', 'Ihr Text hier', '500', '140', '20', '0', 'Calibri, sans-serif', '1', '', '50', '55', '150', '0', '1', 'Ihr Text hier', '120', '20', 'Calibri, sans-serif', '', '1', '10', '90');
INSERT INTO `products` VALUES('59f4afad56e6e', 'set', '0', '0', '0', '0', '1', 'Ihr Text hier', '260', '10', '20', '0', 'Calibri, sans-serif', '1', 'Ihr Text hier', '500', '140', '20', '0', 'Calibri, sans-serif', '1', '', '50', '55', '150', '0', '1', 'Ihr Text hier', '120', '20', 'Calibri, sans-serif', '', '1', '10', '90');
INSERT INTO `products` VALUES('59f4b1de87b5f', 'set', '0', '0', '0', '0', '1', '', '', '', '', '', '', '1', '', '', '', '', '', '', '1', '', '', '', '', '', '1', '', '', '', '', '', '1', '', '');
INSERT INTO `products` VALUES('59f5e3c1bf8a7', 'set', '0', '0', '0', '0', '1', 'Ihr Text hier', '260', '10', '20', '0', 'Calibri, sans-serif', '1', 'Ihr Text hier', '500', '140', '20', '0', 'Calibri, sans-serif', '1', '', '50', '55', '150', '0', '1', '', '', '', '', '', '1', '', '');
INSERT INTO `products` VALUES('59f611098b819', 'set', '0', '0', '0', '0', '1', '', '', '', '', '', '', '1', '', '', '', '', '', '', '1', '', '', '', '', '', '1', '', '', '', '', '', '1', '', '');
INSERT INTO `products` VALUES('59f6e2ea1f0e6', 'set', '1', '0', '1', '1', '0', 'Ihr Text hier', '260', '10', '20', '0', 'Calibri, sans-serif', '1', 'BBC NEWS', '500', '140', '20', '0', 'Calibri, sans-serif', '0', '', '50', '55', '150', '0', '1', 'Ihr Text hier', '120', '20', 'Calibri, sans-serif', '', '1', '10', '90');
INSERT INTO `products` VALUES('59f6e9eabc8a1', 'pen', '1000000', '1000000', '1000000', '0', '1', '', '', '', '', '', '', '1', '', '', '', '', '', '', '1', '', '', '', '', '', '1', 'Ihr Text hier', '120', '20', 'Calibri, sans-serif', '', '1', '10', '90');
INSERT INTO `products` VALUES('59f6eae1cbdeb', 'set', '1', '0', '1', '1', '1', 'Ihr Text hier', '260', '10', '20', '0', 'Calibri, sans-serif', '1', 'Ihr Text hier', '500', '140', '20', '0', 'Calibri, sans-serif', '1', '', '50', '55', '150', '0', '1', 'Ihr Text hier', '120', '20', 'Calibri, sans-serif', '', '1', '10', '90');
INSERT INTO `products` VALUES('59f6ee968b9bb', 'set', '0', '0', '0', '0', '1', 'Ihr Text hier', '475', '54', '16', '0', 'Calibri, sans-serif', '1', 'Ihr Text hier', '474', '66', '16', '0', 'Calibri, sans-serif', '1', '', '21', '31', '254', '0', '1', 'Ihr Text hier', '120', '20', 'Calibri, sans-serif', '', '1', '7', '89');
INSERT INTO `products` VALUES('59f6eecc97315', 'set', '0', '0', '0', '0', '1', 'Scheis', '307', '92', '20', '0', 'Calibri, sans-serif', '1', 'KU', '383', '93', '20', '0', 'Calibri, sans-serif', '1', '59f6ef04c52fa.PNG', '522', '-10', '114', '0', '1', '', '', '', '', '', '1', '', '');
INSERT INTO `products` VALUES('59f6eef04b1ea', 'set', '20', '20', '0', '20', '1', 'I Bims da coole tobi', '170', '61', '33', '16', 'cursive, sans-serif', '0', 'Ihr Text hier', '500', '140', '20', '0', 'Calibri, sans-serif', '0', '', '30', '69', '150', '0', '1', ':)', '41', '23', 'Calibri, sans-serif', '', '0', '3', '90');
INSERT INTO `products` VALUES('59f6ef2933a0e', 'pen', '0', '0', '0', '0', '1', '', '', '', '', '', '', '1', '', '', '', '', '', '', '1', '', '', '', '', '', '1', '', '', '', '', '', '1', '', '');
INSERT INTO `products` VALUES('59f6ef56c85ff', 'set', '0', '0', '0', '0', '1', 'Sebastian Wiesenauer', '194', '6', '20', '0', 'Calibri, sans-serif', '1', 'BMW', '546', '137', '24', '0', 'Calibri, sans-serif', '0', '', '27', '50', '150', '0', '1', 'BMW', '120', '20', 'Calibri, sans-serif', '', '1', '6', '90');
INSERT INTO `products` VALUES('59f70e340f5ec', 'box', '0', '0', '0', '0', '1', '', '', '', '', '', '', '1', '', '', '', '', '', '', '1', '', '', '', '', '', '1', '', '', '', '', '', '1', '', '');
INSERT INTO `products` VALUES('59f71d9be4477', 'box', '0', '0', '0', '0', '1', '', '', '', '', '', '', '1', '', '', '', '', '', '', '1', '', '', '', '', '', '1', '', '', '', '', '', '1', '', '');
INSERT INTO `products` VALUES('59f7201f67066', 'pen', '0', '0', '0', '0', '1', '', '', '', '', '', '', '1', '', '', '', '', '', '', '1', '', '', '', '', '', '1', '', '', '', '', '', '1', '', '');
INSERT INTO `products` VALUES('59f72eb870b01', 'set', '0', '0', '0', '0', '1', '', '260', '10', '20', '0', 'Calibri, sans-serif', '1', 'Ihr Text hier', '500', '140', '20', '0', 'Calibri, sans-serif', '1', '', '50', '55', '150', '0', '1', '', '', '', '', '', '1', '', '');
INSERT INTO `products` VALUES('59f73ffd6660c', 'set', '0', '0', '0', '0', '1', 'Ihr Text hier', '260', '10', '20', '0', 'Calibri, sans-serif', '1', 'Ihr Text hier', '500', '140', '20', '0', 'Calibri, sans-serif', '1', '', '50', '55', '150', '0', '1', '', '', '', '', '', '1', '', '');
INSERT INTO `products` VALUES('59f7403d1b8f3', 'set', '0', '0', '0', '0', '1', '', '', '', '', '', '', '1', '', '', '', '', '', '', '1', '', '', '', '', '', '1', '', '', '', '', '', '1', '', '');
INSERT INTO `products` VALUES('59f741267aef9', 'set', '0', '0', '0', '0', '1', 'Der beste Gäd', '92.4', '33.6667', '56', '-11', 'Impact, Charcoal, sans-serif', '0', 'Ihr Text hier', '500', '140', '20', '0', 'Calibri, sans-serif', '0', '', '50', '55', '150', '0', '1', 'Ich bin Göd', '120', '26', 'Impact, Charcoal, sans-serif', '', '0', '10', '90');
INSERT INTO `products` VALUES('59f744f96cfd7', 'set', '0', '0', '0', '0', '1', 'Ihr Text hier', '260', '10', '20', '0', 'Calibri, sans-serif', '1', 'Ihr Text hier', '500', '140', '20', '0', 'Calibri, sans-serif', '1', '', '50', '55', '150', '0', '1', 'Rocky', '120', '24', 'Impact, Charcoal, sans-serif', '', '0', '10', '90');
INSERT INTO `products` VALUES('59f8693886671', 'set', '2', '0', '0', '1', '1', 'Ihr Text hier', '260', '10', '20', '0', 'Calibri, sans-serif', '1', 'Ihr Text hier', '500', '140', '20', '0', 'Calibri, sans-serif', '1', '', '50', '55', '150', '0', '1', 'Ihr Text hier', '120', '20', 'Calibri, sans-serif', '', '1', '10', '90');
INSERT INTO `products` VALUES('59f86c71972d8', 'set', '2147483647', '0', '2147483647', '2147483647', '1', 'Ihr Text hier', '260', '10', '20', '0', 'Calibri, sans-serif', '1', 'Ihr Text hier', '500', '140', '20', '0', 'Calibri, sans-serif', '1', '', '50', '55', '150', '0', '1', 'Ihr Text hier', '120', '20', 'Calibri, sans-serif', '', '1', '10', '90');
INSERT INTO `products` VALUES('59fb2e12ed834', 'set', '0', '0', '0', '0', '1', '', '', '', '', '', '', '1', '', '', '', '', '', '', '1', '', '', '', '', '', '1', '', '', '', '', '', '1', '', '');
INSERT INTO `products` VALUES('59ff84350b6f7', 'pen', '0', '0', '0', '0', '1', '', '', '', '', '', '', '1', '', '', '', '', '', '', '1', '', '', '', '', '', '1', '', '', '', '', '', '1', '', '');
INSERT INTO `products` VALUES('59ff844c688c3', 'set', '0', '0', '0', '0', '1', '', '', '', '', '', '', '1', '', '', '', '', '', '', '1', '', '', '', '', '', '1', '', '', '', '', '', '1', '', '');
INSERT INTO `products` VALUES('59ff846bc61de', 'set', '0', '0', '0', '0', '1', 'Ihr Text hier', '260', '10', '20', '0', 'Calibri, sans-serif', '1', 'Ihr Text hier', '500', '140', '20', '0', 'Calibri, sans-serif', '1', '', '50', '55', '150', '0', '1', 'Georg Zweimüller, BSc', '120', '17', 'Tahoma, Geneva, sans-serif', '', '0', '10', '90');
INSERT INTO `products` VALUES('59ffad2f6ff28', 'box', '0', '0', '0', '0', '1', '', '', '', '', '', '', '1', '', '', '', '', '', '', '1', '', '', '', '', '', '1', '', '', '', '', '', '1', '', '');
INSERT INTO `products` VALUES('59fffa94c95f3', 'set', '0', '0', '0', '0', '1', 'Ihr Text hier', '260', '10', '20', '0', 'Calibri, sans-serif', '1', 'Ihr Text hier', '500', '140', '20', '0', 'Calibri, sans-serif', '1', '', '50', '55', '150', '0', '1', '', '', '', '', '', '1', '', '');
INSERT INTO `products` VALUES('59fffb6971d92', 'set', '0', '0', '0', '0', '1', 'Ihr Text hier', '260', '10', '20', '0', 'Calibri, sans-serif', '1', 'Ihr Text hier', '500', '140', '20', '0', 'Calibri, sans-serif', '1', '', '50', '55', '150', '0', '1', '', '', '', '', '', '1', '', '');
INSERT INTO `products` VALUES('59ffff99939db', 'set', '0', '0', '0', '0', '0', 'Ihr Text hier', '260', '10', '20', '0', 'Calibri, sans-serif', '1', 'Ihr Text hier', '500', '140', '20', '0', 'Calibri, sans-serif', '1', '', '50', '55', '150', '0', '1', 'Ihr Text hier', '120', '20', 'Calibri, sans-serif', '', '1', '10', '90');
INSERT INTO `products` VALUES('5a002836da842', 'set', '0', '0', '0', '0', '1', 'S141044404', '260', '10', '28', '-12', 'Georgia, serif', '1', 'S1410444040', '500', '140', '10', '-40', 'Georgia, serif', '1', '', '50', '55', '150', '0', '1', 'Georg Zweimüller, BSc', '120', '10', 'Courier, monospace', '', '0', '10', '90');
INSERT INTO `products` VALUES('5a0030755812e', 'box', '0', '0', '0', '0', '1', '', '', '', '', '', '', '1', '', '', '', '', '', '', '1', '', '', '', '', '', '1', '', '', '', '', '', '1', '', '');
INSERT INTO `products` VALUES('5a00671d41b8a', 'set', '0', '1', '1', '1', '1', 'S1410444040', '38', '54.98', '40', '0', 'Impact, Charcoal, sans-serif', '1', '2017', '518.99', '96.42', '40', '0', 'Impact, Charcoal, sans-serif', '1', '5a006908a126b.jpg', '369', '0', '135', '0', '1', 'Georg Zweimüller, BSc', '40', '14', 'Impact, Charcoal, sans-serif', '', '0', '10', '90');
INSERT INTO `products` VALUES('5a00ad069b934', 'set', '0', '0', '0', '0', '1', '', '', '', '', '', '', '1', '', '', '', '', '', '', '1', '', '', '', '', '', '1', '', '', '', '', '', '1', '', '');
INSERT INTO `products` VALUES('5a00b207a0047', 'box', '0', '0', '0', '0', '1', 'Ihr Text hier', '260', '10', '20', '0', 'Calibri, sans-serif', '1', 'Ihr Text hier', '500', '140', '20', '0', 'Calibri, sans-serif', '1', '', '50', '55', '150', '0', '1', '', '', '', '', '', '1', '', '');
INSERT INTO `products` VALUES('5a00b25ee7a9e', 'box', '0', '0', '0', '0', '1', 'Ihr Text hier', '260', '10', '20', '0', 'Calibri, sans-serif', '1', 'Ihr Text hier', '500', '140', '20', '0', 'Calibri, sans-serif', '1', '', '50', '55', '150', '0', '1', '', '', '', '', '', '1', '', '');
INSERT INTO `products` VALUES('5a00b4ec1c18a', 'set', '0', '0', '0', '0', '1', 'Ihr Text hier', '252', '52', '20', '0', 'Calibri, sans-serif', '1', 'Ihr Text hier', '401', '109', '20', '0', 'Calibri, sans-serif', '1', '', '79', '49', '150', '0', '1', 'Ihr Text hier', '120', '20', 'Calibri, sans-serif', '', '1', '10', '90');
INSERT INTO `products` VALUES('5a00bdb6dbc45', 'box', '0', '0', '0', '0', '1', 'Ihr Text hier', '260', '10', '20', '0', 'Calibri, sans-serif', '1', 'Ihr Text hier', '500', '140', '20', '0', 'Calibri, sans-serif', '1', '', '60', '53', '150', '0', '1', '', '', '', '', '', '1', '', '');
INSERT INTO `products` VALUES('5a01cdce55868', 'pen', '0', '0', '0', '0', '1', '', '', '', '', '', '', '1', '', '', '', '', '', '', '1', '', '', '', '', '', '1', '', '', '', '', '', '1', '', '');
INSERT INTO `products` VALUES('5a01d857d173a', 'set', '0', '0', '0', '0', '1', '', '', '', '', '', '', '1', '', '', '', '', '', '', '1', '', '', '', '', '', '1', '', '', '', '', '', '1', '', '');
INSERT INTO `products` VALUES('5a021a76a3e46', 'set', '0', '0', '0', '0', '1', 'Ihr Text hier', '260', '10', '20', '0', 'Calibri, sans-serif', '1', 'Ihr Text hier', '500', '140', '20', '0', 'Calibri, sans-serif', '1', '5a021df29c6fa.png', '75', '21', '218', '0', '1', '', '', '', '', '', '1', '', '');
INSERT INTO `products` VALUES('5a021e9721892', 'set', '1', '0', '1', '1', '0', 'Ihr Text hier', '260', '10', '20', '0', 'Calibri, sans-serif', '1', '~All you have to decide is what to do with the time that is given to you~', '32', '5', '15', '0', 'Calibri, sans-serif', '1', '5a021f9bc09cb.png', '65', '34', '500', '0', '1', '~Mir juckt scho da Ansetzarm~', '10', '21', 'Calibri, sans-serif', '', '0', '10', '90');
INSERT INTO `products` VALUES('5a04019c0d8a8', 'set', '0', '0', '0', '0', '1', 'Ihr Text hier', '260', '10', '20', '0', 'Calibri, sans-serif', '1', 'Ihr Text hier', '500', '140', '20', '0', 'Calibri, sans-serif', '1', '', '50', '55', '150', '0', '1', 'Ihr Text hier', '120', '20', 'Calibri, sans-serif', '', '1', '10', '90');
INSERT INTO `products` VALUES('5a04084599766', 'set', '1', '0', '1', '1', '1', 'Ihr Text hier', '260', '10', '20', '0', 'Calibri, sans-serif', '1', 'Ihr Text hier', '500', '140', '20', '0', 'Calibri, sans-serif', '1', '', '50', '55', '150', '0', '1', 'Ihr Text hier', '120', '20', 'Calibri, sans-serif', '', '1', '10', '90');
INSERT INTO `products` VALUES('5a0430fc1be4e', 'set', '0', '0', '0', '0', '1', '', '', '', '', '', '', '1', '', '', '', '', '', '', '1', '', '', '', '', '', '1', '', '', '', '', '', '1', '', '');
INSERT INTO `products` VALUES('5a0455398d163', 'pen', '1', '0', '0', '0', '1', '', '', '', '', '', '', '1', '', '', '', '', '', '', '1', '', '', '', '', '', '1', 'Bautschi', '120', '20', 'Calibri, sans-serif', '', '0', '10', '90');
INSERT INTO `products` VALUES('5a049959e152d', 'set', '1', '0', '1', '1', '1', 'Schernberger Markus', '200.177', '62', '36', '12', 'Calibri, sans-serif', '1', 'AHGTI', '535.779', '5.43283', '27', '-1', 'Impact, Charcoal, sans-serif', '1', '5a049d847f8d5.png', '31', '71', '237', '0', '1', 'Schernberger Markus', '116', '20', 'Monaco, monospace', '5a049e6251315.png', '1', '10', '90');
INSERT INTO `products` VALUES('5a04a15c4744a', 'set', '1', '0', '1', '1', '1', 'Drucki', '534', '127', '20', '0', 'Calibri, sans-serif', '0', 'Ihr Text hier', '500', '140', '20', '0', 'Calibri, sans-serif', '1', '5a04a1887c11c.png', '3', '-9', '353', '0', '1', 'Drogerie Gräfinger', '37', '27', 'Calibri, sans-serif', '', '0', '10', '90');
INSERT INTO `products` VALUES('5a04c158df773', 'pen', '0', '0', '0', '0', '1', '', '', '', '', '', '', '1', '', '', '', '', '', '', '1', '', '', '', '', '', '1', '', '', '', '', '', '1', '', '');
INSERT INTO `products` VALUES('5a04c1e4aa694', 'set', '0', '0', '0', '0', '1', 'Ihr Text hier', '260', '10', '20', '0', 'Calibri, sans-serif', '1', 'Ihr Text hier', '500', '140', '20', '0', 'Calibri, sans-serif', '1', '', '50', '55', '150', '0', '1', '', '', '', '', '', '1', '', '');
INSERT INTO `products` VALUES('5a04c294ab4fc', 'set', '0', '0', '0', '0', '1', 'Ihr Text hier', '260', '10', '20', '0', 'Calibri, sans-serif', '1', 'Ihr Text hier', '500', '140', '20', '0', 'Calibri, sans-serif', '1', '', '50', '55', '150', '0', '1', '', '', '', '', '', '1', '', '');
INSERT INTO `products` VALUES('5a04c3653127e', 'set', '0', '0', '0', '0', '1', '', '', '', '', '', '', '1', '', '', '', '', '', '', '1', '', '', '', '', '', '1', '', '', '', '', '', '1', '', '');
INSERT INTO `products` VALUES('5a04c47ce193a', 'set', '0', '0', '0', '0', '1', 'Ihr Text hier', '260', '10', '20', '0', 'Calibri, sans-serif', '1', 'Ihr Text hier', '500', '140', '20', '0', 'Calibri, sans-serif', '1', '', '50', '55', '150', '0', '1', '', '', '', '', '', '1', '', '');
INSERT INTO `products` VALUES('5a04c6855010f', 'set', '0', '0', '0', '0', '1', 'Ihr Text hier', '260', '10', '10', '0', 'Calibri, sans-serif', '1', 'Ihr Text hier', '500', '140', '20', '0', 'Calibri, sans-serif', '1', '', '50', '55', '150', '0', '1', '', '', '', '', '', '1', '', '');
INSERT INTO `products` VALUES('5a05ce0675d99', 'box', '0', '0', '0', '0', '1', '', '', '', '', '', '', '1', '', '', '', '', '', '', '1', '', '', '', '', '', '1', '', '', '', '', '', '1', '', '');
INSERT INTO `products` VALUES('5a0630e2ec264', 'pen', '0', '0', '0', '0', '1', '', '', '', '', '', '', '1', '', '', '', '', '', '', '1', '', '', '', '', '', '1', '', '', '', '', '', '1', '', '');
INSERT INTO `products` VALUES('5a0849804b563', 'set', '0', '0', '0', '0', '1', 'Ihr Text hier', '260', '10', '20', '0', 'Calibri, sans-serif', '1', 'Ihr Text hier', '500', '140', '20', '0', 'Calibri, sans-serif', '1', '', '50', '55', '150', '0', '1', '', '', '', '', '', '1', '', '');
INSERT INTO `products` VALUES('5a084e9ec473f', 'set', '1', '1', '0', '1', '1', 'Aleksandra Ristic', '438', '140', '20', '0', 'Calibri, sans-serif', '0', 'Ihr Text hier', '500', '140', '20', '0', 'Calibri, sans-serif', '1', '5a084ea6a29f2.png', '13', '10', '181', '0', '1', 'Aleksandra R.', '18', '20', 'Calibri, sans-serif', '5a084ee4b726b.png', '0', '15', '44');
INSERT INTO `products` VALUES('5a099f253c66c', 'set', '0', '0', '0', '0', '1', '', '', '', '', '', '', '1', '', '', '', '', '', '', '1', '', '', '', '', '', '1', '', '', '', '', '', '1', '', '');
INSERT INTO `products` VALUES('5a099f2fd006d', 'box', '0', '0', '0', '0', '1', 'Für die Gang', '265', '61', '20', '0', 'Calibri, sans-serif', '1', 'Ihr Text hier', '500', '140', '20', '0', 'Calibri, sans-serif', '1', '', '50', '55', '150', '0', '1', '', '', '', '', '', '1', '', '');
INSERT INTO `products` VALUES('5a0afae576b0c', 'set', '0', '0', '0', '0', '1', '', '', '', '', '', '', '1', '', '', '', '', '', '', '1', '', '', '', '', '', '1', '', '', '', '', '', '1', '', '');
INSERT INTO `products` VALUES('5a0bf275d93f5', 'pen', '0', '0', '0', '0', '1', '', '', '', '', '', '', '1', '', '', '', '', '', '', '1', '', '', '', '', '', '1', '', '', '', '', '', '1', '', '');
INSERT INTO `products` VALUES('5a0c04cf09bdd', 'set', '0', '0', '0', '0', '1', 'Ihr Text hier', '260', '10', '20', '0', 'Calibri, sans-serif', '1', 'Ihr Text hier', '500', '140', '20', '0', 'Calibri, sans-serif', '1', '', '50', '55', '150', '0', '1', '', '', '', '', '', '1', '', '');
INSERT INTO `products` VALUES('5a0c05bf109e0', 'set', '0', '0', '0', '0', '0', 'Ihr Text hier', '260', '10', '20', '0', 'Calibri, sans-serif', '1', 'Vorname', '487', '123', '26', '0', 'Calibri, sans-serif', '1', '5a0c05c601341.png', '0', '0', '355', '0', '1', '', '', '', '', '', '1', '', '');
INSERT INTO `products` VALUES('5a0c07e3546d4', 'set', '0', '0', '0', '0', '1', '', '', '', '', '', '', '1', '', '', '', '', '', '', '1', '', '', '', '', '', '1', '', '', '', '', '', '1', '', '');
INSERT INTO `products` VALUES('5a0c099758d3a', 'set', '0', '0', '0', '0', '1', '', '', '', '', '', '', '1', '', '', '', '', '', '', '1', '', '', '', '', '', '1', '', '', '', '', '', '1', '', '');
INSERT INTO `products` VALUES('5a0c099eaa97d', 'set', '1', '0', '1', '1', '1', 'Ihr Text hier', '260', '10', '20', '0', 'Calibri, sans-serif', '1', 'Ihr Text hier', '500', '140', '20', '0', 'ArealBLBlack', '1', '', '50', '55', '150', '0', '1', 'Ihr Text hier', '120', '20', 'Calibri, sans-serif', '', '1', '10', '90');
INSERT INTO `products` VALUES('5a0c0ab8da174', 'set', '0', '0', '0', '0', '1', '', '', '', '', '', '', '1', '', '', '', '', '', '', '1', '', '', '', '', '', '1', '', '', '', '', '', '1', '', '');
INSERT INTO `products` VALUES('5a0c0c8f01e35', 'set', '1', '1', '0', '1', '0', 'Ihr Text hier', '260', '10', '20', '0', 'Calibri, sans-serif', '1', 'Vorname', '494', '130', '26', '0', 'ArealBLMedium', '1', '5a0c0c973a4be.png', '23', '13', '333', '0', '1', 'Vorname', '155', '24', 'ArealBLMedium', '', '0', '10', '90');
INSERT INTO `products` VALUES('5a0c0db6585f4', 'pen', '0', '0', '0', '0', '1', '', '', '', '', '', '', '1', '', '', '', '', '', '', '1', '', '', '', '', '', '1', 'Des moch ma a kla', '139', '13', 'Calibri, sans-serif', '5a0c0e4b94e2c.png', '1', '16', '65');
INSERT INTO `products` VALUES('5a0c137b1b6db', 'set', '0', '0', '0', '0', '1', 'Ihr Text hier', '260', '10', '20', '0', 'Calibri, sans-serif', '1', 'Ihr Text hier', '500', '140', '20', '0', 'Calibri, sans-serif', '1', '', '50', '55', '150', '0', '1', '', '', '', '', '', '1', '', '');
INSERT INTO `products` VALUES('5a0c14b01998e', 'set', '0', '0', '0', '0', '1', '', '', '', '', '', '', '1', '', '', '', '', '', '', '1', '', '', '', '', '', '1', '', '', '', '', '', '1', '', '');
INSERT INTO `products` VALUES('5a0c14b790592', 'set', '0', '0', '0', '0', '0', 'Ihr Text hier', '260', '10', '20', '0', 'Calibri, sans-serif', '1', 'David', '526', '126', '25', '0', 'Calibri, sans-serif', '1', '5a0c16289b13f.png', '0', '54', '252', '0', '1', 'David', '109', '21', 'Calibri, sans-serif', '', '1', '10', '90');
INSERT INTO `products` VALUES('5a0c14cdbff4d', 'box', '0', '0', '0', '0', '1', 'David', '493', '82', '20', '0', 'Calibri, sans-serif', '0', 'Ihr Text hier', '493', '87', '20', '0', 'Calibri, sans-serif', '1', '', '52', '58', '150', '0', '1', '', '', '', '', '', '1', '', '');
INSERT INTO `products` VALUES('5a0c16f85d8e0', 'pen', '0', '0', '0', '0', '1', '', '', '', '', '', '', '1', '', '', '', '', '', '', '1', '', '', '', '', '', '1', '', '', '', '', '', '1', '', '');
INSERT INTO `products` VALUES('5a0c18515dbe1', 'set', '0', '0', '0', '0', '1', 'Ihr Text hier', '260', '10', '20', '0', 'Calibri, sans-serif', '1', 'Ihr Text hier', '500', '140', '20', '0', 'Calibri, sans-serif', '1', '', '50', '55', '150', '0', '1', 'Ihr Text hier', '120', '20', 'Calibri, sans-serif', '', '1', '10', '90');
INSERT INTO `products` VALUES('5a0c18be784ae', 'box', '0', '0', '0', '0', '1', '', '', '', '', '', '', '1', '', '', '', '', '', '', '1', '', '', '', '', '', '1', '', '', '', '', '', '1', '', '');
INSERT INTO `products` VALUES('5a0c18ff46981', 'set', '1', '0', '1', '1', '1', 'Ihr Text hier', '260', '10', '20', '0', 'Calibri, sans-serif', '1', 'Ihr Text hier', '500', '140', '20', '0', 'Calibri, sans-serif', '1', '', '50', '55', '150', '0', '1', 'Ihr Text hier', '120', '20', 'Calibri, sans-serif', '', '1', '10', '90');
INSERT INTO `products` VALUES('5a0c1a6f096bf', 'set', '0', '0', '0', '0', '1', '', '', '', '', '', '', '1', '', '', '', '', '', '', '1', '', '', '', '', '', '1', '', '', '', '', '', '1', '', '');
INSERT INTO `products` VALUES('5a0c322d02aa3', 'set', '3', '0', '3', '3', '1', 'Ihr Text hier', '260', '10', '20', '0', 'Calibri, sans-serif', '1', 'Ihr Text hier', '500', '140', '20', '0', 'Calibri, sans-serif', '1', '', '50', '55', '150', '0', '1', 'Ihr Text hier', '120', '20', 'Calibri, sans-serif', '', '1', '10', '90');
INSERT INTO `products` VALUES('5a0c32c4832ae', 'set', '1', '1', '0', '1', '1', 'Ihr Text hier', '260', '10', '20', '0', 'Calibri, sans-serif', '1', 'Ihr Text hier', '500', '140', '20', '0', 'Calibri, sans-serif', '1', '', '50', '55', '150', '0', '1', 'Ihr Text hier', '120', '20', 'Calibri, sans-serif', '', '1', '10', '90');
INSERT INTO `products` VALUES('5a0c4b5198464', 'box', '0', '0', '0', '1', '1', 'Ihr Text hier', '493', '11', '20', '0', 'Calibri, sans-serif', '1', 'Ihr Text hier', '500', '140', '20', '0', 'Calibri, sans-serif', '1', '5a0c4b7c80bba.jpg', '46', '50', '306', '0', '1', '', '', '', '', '', '1', '', '');
INSERT INTO `products` VALUES('5a0cac34eeff2', 'pen', '0', '0', '0', '0', '1', '', '', '', '', '', '', '1', '', '', '', '', '', '', '1', '', '', '', '', '', '1', '', '', '', '', '', '1', '', '');
INSERT INTO `products` VALUES('5a0cb7368277f', 'set', '0', '0', '0', '0', '1', '', '260', '10', '20', '0', 'Calibri, sans-serif', '1', '', '500', '140', '20', '0', 'Calibri, sans-serif', '1', '', '50', '55', '150', '0', '1', '', '', '', '', '', '1', '', '');
INSERT INTO `products` VALUES('5a0d3488c5d8e', 'set', '0', '0', '0', '0', '1', '', '', '', '', '', '', '1', '', '', '', '', '', '', '1', '', '', '', '', '', '1', '', '', '', '', '', '1', '', '');
INSERT INTO `products` VALUES('5a0d8905d9e35', 'set', '0', '0', '0', '0', '1', '', '', '', '', '', '', '1', '', '', '', '', '', '', '1', '', '', '', '', '', '1', '', '', '', '', '', '1', '', '');
INSERT INTO `products` VALUES('5a0d890da9007', 'box', '0', '0', '0', '0', '1', '', '', '', '', '', '', '1', '', '', '', '', '', '', '1', '', '', '', '', '', '1', '', '', '', '', '', '1', '', '');
INSERT INTO `products` VALUES('5a0d89111b5a8', 'set', '0', '0', '0', '0', '1', '', '', '', '', '', '', '1', '', '', '', '', '', '', '1', '', '', '', '', '', '1', '', '', '', '', '', '1', '', '');
INSERT INTO `products` VALUES('5a0d892a66993', 'pen', '1', '0', '0', '0', '1', '', '', '', '', '', '', '1', '', '', '', '', '', '', '1', '', '', '', '', '', '1', 'Ihr Text hier', '120', '20', 'Calibri, sans-serif', '', '1', '10', '90');
INSERT INTO `products` VALUES('5a0d89b7ee179', 'box', '0', '0', '0', '0', '1', '', '', '', '', '', '', '1', '', '', '', '', '', '', '1', '', '', '', '', '', '1', '', '', '', '', '', '1', '', '');
INSERT INTO `products` VALUES('5a0dd39055be7', 'set', '1', '1', '0', '1', '0', 'Ihr Text hier', '260', '10', '20', '0', 'Calibri, sans-serif', '0', 'Ihr Text hier', '500', '140', '20', '0', 'Calibri, sans-serif', '1', '5a0dd3d54146f.png', '76', '14', '154', '0', '1', 'EGGJ', '89', '22', 'Courier, monospace', '5a0dd4bb42417.png', '1', '27', '41');
INSERT INTO `products` VALUES('5a0df1fc02810', 'pen', '0', '0', '0', '0', '1', '', '', '', '', '', '', '1', '', '', '', '', '', '', '1', '', '', '', '', '', '1', '', '', '', '', '', '1', '', '');
INSERT INTO `products` VALUES('5a0dfe423d622', 'set', '0', '0', '0', '0', '1', '', '', '', '', '', '', '1', '', '', '', '', '', '', '1', '', '', '', '', '', '1', '', '', '', '', '', '1', '', '');
INSERT INTO `products` VALUES('5a0ed2e563986', 'set', '11', '0', '11', '11', '1', 'Ihr Text hier', '260', '10', '20', '0', 'Calibri, sans-serif', '1', 'Ihr Text hier', '500', '140', '20', '0', 'Calibri, sans-serif', '1', '', '50', '55', '150', '0', '1', 'Ihr Text hier', '120', '20', 'Calibri, sans-serif', '', '1', '10', '90');
INSERT INTO `products` VALUES('5a1034a989102', 'pen', '0', '0', '0', '0', '1', '', '', '', '', '', '', '1', '', '', '', '', '', '', '1', '', '', '', '', '', '1', '', '', '', '', '', '1', '', '');
INSERT INTO `products` VALUES('5a11544ac63b5', 'pen', '0', '0', '0', '0', '1', '', '', '', '', '', '', '1', '', '', '', '', '', '', '1', '', '', '', '', '', '1', '', '', '', '', '', '1', '', '');
INSERT INTO `products` VALUES('5a1154ba1461f', 'set', '0', '0', '0', '0', '1', '', '', '', '', '', '', '1', '', '', '', '', '', '', '1', '', '', '', '', '', '1', '', '', '', '', '', '1', '', '');
INSERT INTO `products` VALUES('5a11acdd574cc', 'set', '0', '0', '0', '0', '1', 'Ihr Text hier', '260', '10', '20', '0', 'Calibri, sans-serif', '1', 'Ihr Text hier', '500', '140', '20', '0', 'Calibri, sans-serif', '1', '', '50', '55', '150', '0', '1', '', '', '', '', '', '1', '', '');
INSERT INTO `products` VALUES('5a11acf31c0d1', 'box', '0', '0', '0', '0', '1', '', '', '', '', '', '', '1', '', '', '', '', '', '', '1', '', '', '', '', '', '1', '', '', '', '', '', '1', '', '');
INSERT INTO `products` VALUES('5a11acf9396e6', 'pen', '0', '0', '0', '0', '1', '', '', '', '', '', '', '1', '', '', '', '', '', '', '1', '', '', '', '', '', '1', '', '', '', '', '', '1', '', '');
INSERT INTO `products` VALUES('5a11bdaa2f31c', 'set', '0', '0', '0', '0', '1', 'Ihr Text hier', '260', '10', '20', '0', 'Calibri, sans-serif', '1', 'Ihr Text hier', '500', '140', '10', '0', 'Calibri, sans-serif', '1', '', '50', '55', '150', '0', '1', '', '', '', '', '', '1', '', '');
INSERT INTO `products` VALUES('5a11c9e3e4665', 'set', '0', '0', '0', '0', '1', 'Ihr Text hier', '260', '10', '20', '0', 'Calibri, sans-serif', '1', 'Ihr Text hier', '500', '140', '20', '0', 'Calibri, sans-serif', '1', '', '50', '55', '150', '0', '1', '', '', '', '', '', '1', '', '');
INSERT INTO `products` VALUES('5a12727dc58db', 'set', '0', '0', '0', '0', '1', '', '', '', '', '', '', '1', '', '', '', '', '', '', '1', '', '', '', '', '', '1', '', '', '', '', '', '1', '', '');
INSERT INTO `products` VALUES('5a1293001e0c8', 'set', '0', '0', '0', '0', '1', '', '', '', '', '', '', '1', '', '', '', '', '', '', '1', '', '', '', '', '', '1', '', '', '', '', '', '1', '', '');
INSERT INTO `products` VALUES('5a1295b57ef2b', 'set', '0', '0', '0', '0', '1', '', '', '', '', '', '', '1', '', '', '', '', '', '', '1', '', '', '', '', '', '1', '', '', '', '', '', '1', '', '');
INSERT INTO `products` VALUES('5a1296f49c319', 'set', '0', '0', '0', '0', '1', '', '', '', '', '', '', '1', '', '', '', '', '', '', '1', '', '', '', '', '', '1', '', '', '', '', '', '1', '', '');
INSERT INTO `products` VALUES('5a129e3fbd29b', 'set', '0', '0', '0', '0', '1', '', '', '', '', '', '', '1', '', '', '', '', '', '', '1', '', '', '', '', '', '1', '', '', '', '', '', '1', '', '');
INSERT INTO `products` VALUES('5a129f02c495c', 'set', '1', '0', '1', '1', '1', 'hahahha ', '387', '24', '20', '0', 'Calibri, sans-serif', '1', 'Ihr Text hier', '500', '140', '20', '-87', 'Calibri, sans-serif', '1', '', '0', '0', '205', '0', '1', 'Ihr Text hier', '120', '20', 'Calibri, sans-serif', '', '1', '10', '90');
INSERT INTO `products` VALUES('5a129f4d4e897', 'set', '0', '0', '0', '0', '1', '', '', '', '', '', '', '1', '', '', '', '', '', '', '1', '', '', '', '', '', '1', '', '', '', '', '', '1', '', '');
INSERT INTO `products` VALUES('5a129f4e8fe10', 'set', '0', '0', '0', '0', '1', '', '', '', '', '', '', '1', '', '', '', '', '', '', '1', '', '', '', '', '', '1', '', '', '', '', '', '1', '', '');
INSERT INTO `products` VALUES('5a129f500c592', 'set', '0', '0', '0', '0', '1', '', '', '', '', '', '', '1', '', '', '', '', '', '', '1', '', '', '', '', '', '1', '', '', '', '', '', '1', '', '');
INSERT INTO `products` VALUES('5a129f5348e9d', 'set', '0', '0', '0', '0', '1', '', '', '', '', '', '', '1', '', '', '', '', '', '', '1', '', '', '', '', '', '1', '', '', '', '', '', '1', '', '');
INSERT INTO `products` VALUES('5a129f553cf17', 'set', '0', '0', '0', '0', '1', '', '', '', '', '', '', '1', '', '', '', '', '', '', '1', '', '', '', '', '', '1', '', '', '', '', '', '1', '', '');
INSERT INTO `products` VALUES('5a129f563447d', 'set', '0', '0', '0', '0', '1', '', '', '', '', '', '', '1', '', '', '', '', '', '', '1', '', '', '', '', '', '1', '', '', '', '', '', '1', '', '');
INSERT INTO `products` VALUES('5a129f570f1a2', 'pen', '0', '0', '0', '0', '1', '', '', '', '', '', '', '1', '', '', '', '', '', '', '1', '', '', '', '', '', '1', '', '', '', '', '', '1', '', '');
INSERT INTO `products` VALUES('5a129f586e91f', 'set', '0', '0', '0', '0', '1', '', '', '', '', '', '', '1', '', '', '', '', '', '', '1', '', '', '', '', '', '1', '', '', '', '', '', '1', '', '');
INSERT INTO `products` VALUES('5a12aeab8bd75', 'pen', '0', '0', '0', '0', '1', '', '', '', '', '', '', '1', '', '', '', '', '', '', '1', '', '', '', '', '', '1', '', '', '', '', '', '1', '', '');
INSERT INTO `products` VALUES('5a12bbc91d2ac', 'set', '0', '0', '0', '0', '1', 'Ihr Text hier', '260', '10', '20', '0', 'Calibri, sans-serif', '1', 'Ihr Text hier', '500', '140', '20', '0', 'Calibri, sans-serif', '1', '5a12bc6ae1de9.jpg', '453', '89', '150', '0', '1', '', '', '', '', '', '1', '', '');
INSERT INTO `products` VALUES('5a12bc86a24e3', 'set', '0', '0', '0', '0', '1', 'Ihr Text hier', '260', '10', '20', '0', 'Calibri, sans-serif', '1', 'Ihr Text hier', '500', '140', '20', '0', 'Calibri, sans-serif', '1', '', '462', '90', '150', '0', '1', '', '', '', '', '', '1', '', '');
INSERT INTO `products` VALUES('5a12bd0f4d2cd', 'set', '2', '0', '2', '2', '1', '', '260', '10', '20', '0', 'Calibri, sans-serif', '1', '', '500', '140', '20', '0', 'Calibri, sans-serif', '1', '5a12bd2224607.jpg', '253', '63', '359', '0', '1', '', '120', '20', 'Calibri, sans-serif', '5a12bd7132a13.jpg', '1', '21', '154');
INSERT INTO `products` VALUES('5a12f72f1502a', 'set', '0', '0', '0', '0', '1', '', '', '', '', '', '', '1', '', '', '', '', '', '', '1', '', '', '', '', '', '1', '', '', '', '', '', '1', '', '');
INSERT INTO `products` VALUES('5a1329645d7ac', 'set', '1', '1', '0', '1', '1', 'Dario & Patricia', '349', '67', '28', '0', 'Calibri, sans-serif', '0', 'Ihr Text hier', '500', '140', '20', '0', 'Calibri, sans-serif', '1', '5a132c8871dc6.jpg', '11', '5', '127', '0', '1', 'Patricia 12.11.2015', '24', '20', 'Calibri, sans-serif', '', '0', '10', '90');
INSERT INTO `products` VALUES('5a133e1f87026', 'set', '1', '0', '1', '1', '1', 'Ihr Text hier', '260', '10', '20', '0', 'Calibri, sans-serif', '1', 'Test', '500', '140', '20', '0', 'Calibri, sans-serif', '1', '', '50', '55', '150', '0', '1', 'Test', '120', '20', 'Calibri, sans-serif', '', '1', '10', '90');
INSERT INTO `products` VALUES('5a133e4578411', 'set', '1', '0', '1', '1', '1', 'Ihr Text hier', '260', '10', '20', '0', 'Calibri, sans-serif', '1', 'Ihr Text hier', '500', '140', '20', '0', 'Calibri, sans-serif', '1', '', '50', '55', '150', '0', '1', 'Ihr Text hier', '120', '20', 'Calibri, sans-serif', '', '1', '10', '90');
INSERT INTO `products` VALUES('5a13e3aec4373', 'set', '0', '0', '0', '0', '1', '', '', '', '', '', '', '1', '', '', '', '', '', '', '1', '', '', '', '', '', '1', '', '', '', '', '', '1', '', '');
INSERT INTO `products` VALUES('5a1420abb9cf4', 'set', '0', '0', '0', '0', '1', 'Ihr Text hier', '260', '10', '20', '0', 'Calibri, sans-serif', '1', 'Ihr Text hier', '500', '140', '20', '0', 'Calibri, sans-serif', '1', '', '50', '55', '150', '0', '1', 'Ihr Text hier', '120', '20', 'Calibri, sans-serif', '', '1', '10', '90');
INSERT INTO `products` VALUES('5a143cff451ad', 'set', '0', '0', '0', '0', '1', 'Ihr Text hier', '260', '10', '20', '0', 'Calibri, sans-serif', '1', 'Ihr Text hier', '500', '140', '20', '0', 'Calibri, sans-serif', '1', '', '37', '58', '150', '0', '1', 'Ihr Text hier', '120', '20', 'Calibri, sans-serif', '', '1', '10', '90');
INSERT INTO `products` VALUES('5a143d338e195', 'pen', '0', '0', '0', '0', '1', '', '', '', '', '', '', '1', '', '', '', '', '', '', '1', '', '', '', '', '', '1', '', '', '', '', '', '1', '', '');
INSERT INTO `products` VALUES('5a145f3d415a3', 'set', '0', '0', '0', '0', '1', '', '', '', '', '', '', '1', '', '', '', '', '', '', '1', '', '', '', '', '', '1', '', '', '', '', '', '1', '', '');
INSERT INTO `products` VALUES('5a145f4269296', 'box', '0', '0', '0', '0', '1', '', '', '', '', '', '', '1', '', '', '', '', '', '', '1', '', '', '', '', '', '1', '', '', '', '', '', '1', '', '');
INSERT INTO `products` VALUES('5a145f4780318', 'pen', '0', '0', '0', '0', '1', '', '', '', '', '', '', '1', '', '', '', '', '', '', '1', '', '', '', '', '', '1', '', '', '', '', '', '1', '', '');
INSERT INTO `products` VALUES('5a15489623b08', 'box', '0', '0', '0', '0', '1', '', '', '', '', '', '', '1', '', '', '', '', '', '', '1', '', '', '', '', '', '1', '', '', '', '', '', '1', '', '');
INSERT INTO `products` VALUES('5a15861fa89f5', 'set', '0', '0', '0', '0', '1', 'Ihr Text hier', '260', '10', '20', '0', 'Calibri, sans-serif', '1', 'Ihr Text hier', '500', '140', '20', '0', 'Calibri, sans-serif', '1', '', '50', '55', '150', '0', '1', '', '', '', '', '', '1', '', '');
INSERT INTO `products` VALUES('5a15b4772a7ec', 'set', '0', '0', '0', '0', '1', '', '', '', '', '', '', '1', '', '', '', '', '', '', '1', '', '', '', '', '', '1', '', '', '', '', '', '1', '', '');
INSERT INTO `products` VALUES('5a16509505798', 'set', '0', '0', '0', '0', '1', '', '', '', '', '', '', '1', '', '', '', '', '', '', '1', '', '', '', '', '', '1', '', '', '', '', '', '1', '', '');
INSERT INTO `products` VALUES('5a1650965d31d', 'box', '0', '0', '0', '0', '1', '', '', '', '', '', '', '1', '', '', '', '', '', '', '1', '', '', '', '', '', '1', '', '', '', '', '', '1', '', '');
INSERT INTO `products` VALUES('5a16509783a0e', 'pen', '0', '0', '0', '0', '1', '', '', '', '', '', '', '1', '', '', '', '', '', '', '1', '', '', '', '', '', '1', '', '', '', '', '', '1', '', '');
INSERT INTO `products` VALUES('5a165224e538a', 'box', '0', '0', '0', '0', '1', '', '', '', '', '', '', '1', '', '', '', '', '', '', '1', '', '', '', '', '', '1', '', '', '', '', '', '1', '', '');
INSERT INTO `products` VALUES('5a1669bfdec3f', 'set', '0', '0', '0', '0', '1', '', '', '', '', '', '', '1', '', '', '', '', '', '', '1', '', '', '', '', '', '1', '', '', '', '', '', '1', '', '');
INSERT INTO `products` VALUES('5a167ad9a49f2', 'pen', '0', '0', '0', '0', '1', '', '', '', '', '', '', '1', '', '', '', '', '', '', '1', '', '', '', '', '', '1', '', '', '', '', '', '1', '', '');
INSERT INTO `products` VALUES('5a167f4ae1ce1', 'set', '0', '0', '0', '0', '1', '', '', '', '', '', '', '1', '', '', '', '', '', '', '1', '', '', '', '', '', '1', '', '', '', '', '', '1', '', '');
INSERT INTO `products` VALUES('5a16801c6a163', 'set', '0', '0', '0', '0', '0', 'hallo', '260', '10', '21', '0', 'Calibri, sans-serif', '1', 'Ihr Text hier', '446', '90', '28', '-13', 'Calibri, sans-serif', '1', '', '57', '46', '150', '0', '1', 'Ihr Text hier', '120', '20', 'Calibri, sans-serif', '', '1', '10', '90');
INSERT INTO `products` VALUES('5a16834221104', 'set', '1', '0', '1', '1', '1', 'Ihr Text hier', '260', '10', '20', '0', 'Calibri, sans-serif', '1', 'Ihr Text hier', '500', '140', '20', '0', 'Calibri, sans-serif', '1', '', '50', '55', '150', '0', '1', 'Ihr Text hier', '120', '20', 'Calibri, sans-serif', '', '1', '10', '90');
INSERT INTO `products` VALUES('5a1683efa0c45', 'set', '0', '0', '0', '0', '1', 'hallo', '480', '98', '41', '20', 'Calibri, sans-serif', '0', 'Ihr Text hier', '500', '140', '20', '0', 'Calibri, sans-serif', '1', '', '50', '55', '150', '0', '1', 'Ihr Text hier', '120', '20', 'Calibri, sans-serif', '', '0', '10', '90');
INSERT INTO `products` VALUES('5a169083e1e08', 'set', '21', '0', '21', '21', '0', 'Ihr Text hier', '260', '10', '20', '0', 'Calibri, sans-serif', '1', 'Boris', '500', '140', '20', '0', 'Calibri, sans-serif', '1', '', '50', '55', '150', '0', '1', 'Boris', '120', '20', 'Calibri, sans-serif', '', '0', '10', '90');
INSERT INTO `products` VALUES('5a169379e06c2', 'set', '1', '0', '1', '1', '1', 'Ihr Text hier', '260', '10', '20', '0', 'Calibri, sans-serif', '1', 'Ihr Text hier', '500', '140', '20', '0', 'Calibri, sans-serif', '1', '', '50', '55', '150', '0', '1', 'Ihr Text hier', '120', '20', 'Calibri, sans-serif', '', '1', '10', '90');
INSERT INTO `products` VALUES('5a169ae278f1b', 'set', '0', '0', '0', '0', '1', 'Ihr Text hier', '260', '10', '20', '0', 'Calibri, sans-serif', '1', 'Ihr Text hier', '500', '140', '20', '0', 'Calibri, sans-serif', '1', '', '50', '55', '150', '0', '1', 'Ihr Text hier', '120', '20', 'Calibri, sans-serif', '', '1', '10', '90');
INSERT INTO `products` VALUES('5a169b37f41c8', 'set', '0', '0', '0', '0', '1', 'Ihr Text hier', '260', '10', '20', '0', 'Calibri, sans-serif', '1', 'Ihr Text hier', '500', '140', '20', '0', 'Calibri, sans-serif', '1', '', '50', '55', '150', '0', '1', 'Ihr Text hier', '120', '20', 'Calibri, sans-serif', '', '1', '10', '90');
INSERT INTO `products` VALUES('5a169b6e020af', 'set', '0', '0', '0', '0', '1', 'Ihr Text hier', '260', '10', '20', '0', 'Calibri, sans-serif', '1', 'Ihr Text hier', '500', '140', '20', '0', 'Calibri, sans-serif', '1', '5a169b820e02c.jpeg', '50', '55', '151', '0', '1', '', '', '', '', '', '1', '', '');
INSERT INTO `products` VALUES('5a169d5498806', 'set', '0', '0', '0', '0', '1', '', '', '', '', '', '', '1', '', '', '', '', '', '', '1', '', '', '', '', '', '1', '', '', '', '', '', '1', '', '');
INSERT INTO `products` VALUES('5a169d5fd2b69', 'pen', '0', '0', '0', '0', '1', '', '', '', '', '', '', '1', '', '', '', '', '', '', '1', '', '', '', '', '', '1', '', '', '', '', '', '1', '', '');
INSERT INTO `products` VALUES('5a169d9decb54', 'set', '0', '0', '0', '0', '1', 'Ihr Text hier', '260', '10', '20', '0', 'Calibri, sans-serif', '1', 'Ihr Text hier', '500', '140', '20', '0', 'Calibri, sans-serif', '1', '', '50', '55', '150', '0', '1', '', '', '', '', '', '1', '', '');
INSERT INTO `products` VALUES('5a169da6505ca', 'box', '0', '0', '0', '0', '1', '', '', '', '', '', '', '1', '', '', '', '', '', '', '1', '', '', '', '', '', '1', '', '', '', '', '', '1', '', '');
INSERT INTO `products` VALUES('5a169daa18d25', 'pen', '1', '0', '1', '0', '1', '', '', '', '', '', '', '1', '', '', '', '', '', '', '1', '', '', '', '', '', '1', 'Ihr Text hier', '120', '20', 'Calibri, sans-serif', '', '1', '10', '90');
INSERT INTO `products` VALUES('5a16a1bdecb6f', 'set', '0', '0', '0', '0', '1', 'Ihr Text hier', '260', '10', '20', '0', 'Calibri, sans-serif', '1', 'Ihr Text hier', '500', '140', '20', '0', 'Calibri, sans-serif', '1', '', '50', '55', '138', '-14', '1', 'Ihr Text hier', '120', '20', 'Calibri, sans-serif', '', '1', '10', '90');
INSERT INTO `products` VALUES('5a16a5ddc9dac', 'set', '0', '0', '0', '0', '1', '', '', '', '', '', '', '1', '', '', '', '', '', '', '1', '', '', '', '', '', '1', '', '', '', '', '', '1', '', '');
INSERT INTO `products` VALUES('5a16aa171e287', 'pen', '0', '0', '0', '0', '1', '', '', '', '', '', '', '1', '', '', '', '', '', '', '1', '', '', '', '', '', '1', '', '', '', '', '', '1', '', '');
INSERT INTO `products` VALUES('5a16bc20d6539', 'pen', '0', '0', '0', '0', '1', '', '', '', '', '', '', '1', '', '', '', '', '', '', '1', '', '', '', '', '', '1', 'Gesundheitspraxis Ohlsdorf', '120', '18', 'Calibri, sans-serif', '5a16bd045ca25.jpg', '1', '10', '47');
INSERT INTO `products` VALUES('5a16c3824c14a', 'set', '0', '0', '0', '0', '1', '', '', '', '', '', '', '1', '', '', '', '', '', '', '1', '', '', '', '', '', '1', '', '', '', '', '', '1', '', '');
INSERT INTO `products` VALUES('5a16c393a08e8', 'set', '0', '0', '0', '0', '1', 'Ihr Text hier', '260', '10', '20', '0', 'Calibri, sans-serif', '1', 'Ihr Text hier', '500', '140', '20', '0', 'Calibri, sans-serif', '1', '5a16c40616d6a.jpeg', '50', '55', '150', '0', '1', 'Ihr Text hier', '120', '20', 'Calibri, sans-serif', '', '1', '10', '90');
INSERT INTO `products` VALUES('5a16c8fbde5ac', 'set', '0', '0', '0', '0', '1', 'Ihr Text hier', '260', '10', '20', '0', 'Calibri, sans-serif', '1', 'Ihr Text hier', '500', '140', '20', '0', 'Calibri, sans-serif', '1', '', '50', '55', '150', '0', '1', 'Ihr Text hier', '120', '26', 'Calibri, sans-serif', '', '1', '10', '96');
INSERT INTO `products` VALUES('5a16d36d8bff7', 'set', '1', '0', '1', '1', '1', 'METALL TRIFFT INNOVATION', '23', '78', '21', '0', 'Arial, Helvetica, sans-serif', '1', 'Schernberger Stefan', '15', '138', '20', '0', 'Impact, Charcoal, sans-serif', '1', '5a16d41b6c084.jpg', '433', '6', '197', '0', '1', 'Schernberger Stefan', '111', '20', 'Helvetica, sans-serif', '5a16d54ba4058.jpg', '1', '20', '53');
INSERT INTO `products` VALUES('5a16e5bd2d7a1', 'set', '0', '0', '0', '0', '1', '', '', '', '', '', '', '1', '', '', '', '', '', '', '1', '', '', '', '', '', '1', '', '', '', '', '', '1', '', '');
INSERT INTO `products` VALUES('5a171037d2f27', 'box', '0', '0', '0', '0', '1', 'Ihr Text hier', '260', '10', '20', '0', 'Calibri, sans-serif', '1', 'Ihr Text hier', '500', '140', '20', '0', 'Calibri, sans-serif', '1', '', '50', '55', '150', '0', '1', '', '', '', '', '', '1', '', '');
INSERT INTO `products` VALUES('5a1718697c444', 'pen', '0', '0', '0', '0', '1', '', '', '', '', '', '', '1', '', '', '', '', '', '', '1', '', '', '', '', '', '1', '', '', '', '', '', '1', '', '');
INSERT INTO `products` VALUES('5a1722b82d90b', 'set', '0', '0', '0', '0', '0', 'Bog i Hrvati', '260', '10', '19', '0', 'Calibri, sans-serif', '1', 'Daniel Brković', '500', '140', '10', '0', 'Calibri, sans-serif', '1', '', '50', '55', '150', '0', '1', 'Bog i Hrvati', '120', '29', 'Calibri, sans-serif', '5a17237431d52.jpg', '0', '10', '20');
INSERT INTO `products` VALUES('5a172403d46a2', 'set', '0', '0', '0', '0', '1', 'Bog i Hrvati', '260', '10', '34', '0', 'Calibri, sans-serif', '1', 'Daniel Brković', '500', '140', '10', '0', 'Calibri, sans-serif', '1', '5a17243f0659f.jpg', '50', '55', '150', '89', '1', 'Daniel Brković', '120', '18', 'Calibri, sans-serif', '5a1724acf2166.jpg', '1', '10', '90');
INSERT INTO `products` VALUES('5a178448ed7c8', 'set', '0', '0', '0', '0', '1', '', '', '', '', '', '', '1', '', '', '', '', '', '', '1', '', '', '', '', '', '1', '', '', '', '', '', '1', '', '');
INSERT INTO `products` VALUES('5a17844b2af72', 'box', '0', '0', '0', '0', '1', '', '', '', '', '', '', '1', '', '', '', '', '', '', '1', '', '', '', '', '', '1', '', '', '', '', '', '1', '', '');
INSERT INTO `products` VALUES('5a17844ca36b7', 'pen', '0', '0', '0', '0', '1', '', '', '', '', '', '', '1', '', '', '', '', '', '', '1', '', '', '', '', '', '1', '', '', '', '', '', '1', '', '');
INSERT INTO `products` VALUES('5a17dcaf8a56f', 'box', '0', '0', '0', '0', '1', '', '', '', '', '', '', '1', '', '', '', '', '', '', '1', '', '', '', '', '', '1', '', '', '', '', '', '1', '', '');
INSERT INTO `products` VALUES('5a17dcb185c44', 'pen', '0', '0', '0', '0', '1', '', '', '', '', '', '', '1', '', '', '', '', '', '', '1', '', '', '', '', '', '1', '', '', '', '', '', '1', '', '');
INSERT INTO `products` VALUES('5a17dcb42bfec', 'set', '0', '0', '0', '0', '1', '', '', '', '', '', '', '1', '', '', '', '', '', '', '1', '', '', '', '', '', '1', '', '', '', '', '', '1', '', '');
INSERT INTO `products` VALUES('5a181fdb2b5dd', 'set', '0', '0', '0', '0', '1', 'Gesundheitspraxis Ohlsdorf', '204', '37', '31', '0', 'Calibri, sans-serif', '0', 'Ihr Text hier', '500', '140', '20', '0', 'Calibri, sans-serif', '1', '5a18204354096.jpg', '56', '18', '148', '0', '1', 'Gesundheitspraxis Ohlsdorf', '97', '19', 'Georgia, serif', '5a1820d5ad5de.jpg', '1', '36', '53');
INSERT INTO `products` VALUES('5a182dc9c6f95', 'set', '2', '0', '2', '2', '1', 'Ihr Text hier', '260', '10', '20', '0', 'Calibri, sans-serif', '1', 'Ihr Text hier', '500', '140', '20', '0', 'Calibri, sans-serif', '1', '', '50', '55', '150', '0', '1', 'WEPEN is schwul', '120', '28', 'Calibri, sans-serif', '', '1', '10', '90');
INSERT INTO `products` VALUES('5a184ba711122', 'set', '1', '0', '1', '1', '0', 'Ihr Text hier', '260', '10', '20', '0', 'Calibri, sans-serif', '1', 'RAIMUND', '519', '131', '14', '0', 'Calibri, sans-serif', '1', '5a18547d3b35e.gif', '46', '27', '127', '0', '1', 'RAIMUND', '24', '14', 'Calibri, sans-serif', '', '0', '12', '90');
INSERT INTO `products` VALUES('5a187bc33d147', 'set', '0', '0', '0', '0', '1', '', '260', '10', '100', '0', 'Calibri, sans-serif', '0', 'Ihr Text hier', '500', '140', '20', '0', 'Calibri, sans-serif', '1', '', '49', '73', '150', '0', '1', 'Ihr Text hier', '120', '20', 'Calibri, sans-serif', '', '1', '10', '90');
INSERT INTO `products` VALUES('5a199b8144b56', 'set', '0', '0', '0', '0', '1', '', '', '', '', '', '', '1', '', '', '', '', '', '', '1', '', '', '', '', '', '1', '', '', '', '', '', '1', '', '');
INSERT INTO `products` VALUES('5a199b8144b9d', 'set', '0', '0', '0', '0', '1', 'Ihr Text hier', '260', '10', '20', '0', 'Calibri, sans-serif', '1', 'Ihr Text hier', '500', '140', '20', '0', 'Calibri, sans-serif', '1', '', '50', '55', '150', '0', '1', '', '', '', '', '', '1', '', '');
INSERT INTO `products` VALUES('5a1a35862915f', 'set', '0', '0', '0', '0', '1', '', '', '', '', '', '', '1', '', '', '', '', '', '', '1', '', '', '', '', '', '1', '', '', '', '', '', '1', '', '');
INSERT INTO `products` VALUES('5a1a35b967035', 'pen', '0', '0', '0', '0', '1', '', '', '', '', '', '', '1', '', '', '', '', '', '', '1', '', '', '', '', '', '1', '', '', '', '', '', '1', '', '');
INSERT INTO `products` VALUES('5a1a35f05a978', 'box', '0', '0', '0', '0', '1', '', '', '', '', '', '', '1', '', '', '', '', '', '', '1', '', '', '', '', '', '1', '', '', '', '', '', '1', '', '');
INSERT INTO `products` VALUES('5a1a81a00fafc', 'pen', '0', '0', '0', '0', '1', '', '', '', '', '', '', '1', '', '', '', '', '', '', '1', '', '', '', '', '', '1', '', '', '', '', '', '1', '', '');
INSERT INTO `products` VALUES('5a1a900c08074', 'set', '0', '0', '0', '0', '0', 'Ihr Text hier', '260', '10', '20', '0', 'Calibri, sans-serif', '0', 'Ihr Text hier', '500', '140', '20', '0', 'Calibri, sans-serif', '0', '', '50', '55', '150', '0', '1', 'Ihr Text hier', '120', '20', 'Calibri, sans-serif', '', '1', '10', '90');
INSERT INTO `products` VALUES('5a1ae0593ce73', 'set', '0', '0', '0', '0', '1', 'Ihr Text hier', '260', '10', '20', '0', 'Calibri, sans-serif', '1', 'Ihr Text hier', '500', '140', '20', '0', 'Calibri, sans-serif', '1', '', '50', '55', '150', '0', '1', 'Ihr Text hier', '120', '20', 'Calibri, sans-serif', '', '1', '10', '90');
INSERT INTO `products` VALUES('5a1b169455fa8', 'set', '0', '0', '0', '0', '1', '', '', '', '', '', '', '1', '', '', '', '', '', '', '1', '', '', '', '', '', '1', '', '', '', '', '', '1', '', '');
INSERT INTO `products` VALUES('5a1b175325c5c', 'pen', '0', '0', '0', '0', '1', '', '', '', '', '', '', '1', '', '', '', '', '', '', '1', '', '', '', '', '', '1', '', '', '', '', '', '1', '', '');
INSERT INTO `products` VALUES('5a1c1195c6c76', 'set', '0', '0', '0', '0', '1', 'Ihr Text hier', '260', '10', '20', '0', 'Calibri, sans-serif', '1', 'Ihr Text hier', '500', '140', '20', '0', 'Calibri, sans-serif', '1', '', '50', '55', '150', '0', '1', '', '', '', '', '', '1', '', '');
INSERT INTO `products` VALUES('5a1c138b04a38', 'set', '0', '0', '0', '0', '1', '', '', '', '', '', '', '1', '', '', '', '', '', '', '1', '', '', '', '', '', '1', '', '', '', '', '', '1', '', '');
INSERT INTO `products` VALUES('5a1c389c620c9', 'pen', '0', '0', '0', '0', '1', '', '', '', '', '', '', '1', '', '', '', '', '', '', '1', '', '', '', '', '', '1', '', '', '', '', '', '1', '', '');
INSERT INTO `products` VALUES('5a1c38c3a6e75', 'set', '0', '0', '0', '0', '1', '', '', '', '', '', '', '1', '', '', '', '', '', '', '1', '', '', '', '', '', '1', '', '', '', '', '', '1', '', '');
INSERT INTO `products` VALUES('5a1c38dbd578c', 'box', '0', '0', '0', '0', '1', '', '', '', '', '', '', '1', '', '', '', '', '', '', '1', '', '', '', '', '', '1', '', '', '', '', '', '1', '', '');
INSERT INTO `products` VALUES('5a1c4f7094f21', 'pen', '0', '0', '0', '0', '1', '', '', '', '', '', '', '1', '', '', '', '', '', '', '1', '', '', '', '', '', '1', '', '', '', '', '', '1', '', '');
INSERT INTO `products` VALUES('5a1c4f8603bc5', 'set', '0', '0', '0', '0', '1', '', '', '', '', '', '', '1', '', '', '', '', '', '', '1', '', '', '', '', '', '1', '', '', '', '', '', '1', '', '');
INSERT INTO `products` VALUES('5a1c4f99a3d8c', 'box', '0', '0', '0', '0', '1', '', '', '', '', '', '', '1', '', '', '', '', '', '', '1', '', '', '', '', '', '1', '', '', '', '', '', '1', '', '');
INSERT INTO `products` VALUES('5a1c704acdccb', 'set', '0', '0', '0', '0', '1', 'Ihr Text hier', '311', '51', '20', '0', 'Calibri, sans-serif', '1', 'Ihr Text hier', '500', '140', '20', '0', 'Calibri, sans-serif', '1', '', '32', '40', '150', '0', '1', '', '', '', '', '', '1', '', '');
INSERT INTO `products` VALUES('5a1c8eca2c8c6', 'pen', '0', '0', '0', '0', '1', '', '', '', '', '', '', '1', '', '', '', '', '', '', '1', '', '', '', '', '', '1', '', '', '', '', '', '1', '', '');
INSERT INTO `products` VALUES('5a1c8ecd2a66d', 'set', '0', '0', '0', '0', '1', '', '', '', '', '', '', '1', '', '', '', '', '', '', '1', '', '', '', '', '', '1', '', '', '', '', '', '1', '', '');
INSERT INTO `products` VALUES('5a1c8f73b180f', 'box', '0', '0', '0', '0', '1', '', '', '', '', '', '', '1', '', '', '', '', '', '', '1', '', '', '', '', '', '1', '', '', '', '', '', '1', '', '');
INSERT INTO `products` VALUES('5a1eeaaff06cd', 'set', '11', '0', '11', '11', '1', 'WOLFGANG', '352', '111', '25', '0', 'Papyrus', '0', 'Ihr Text hier', '436', '94', '20', '0', 'Calibri, sans-serif', '0', '', '50', '55', '150', '0', '1', 'Wolfgang', '30', '22', 'Papyrus', '', '0', '10', '90');
INSERT INTO `products` VALUES('5a1ef183c752a', 'set', '0', '0', '0', '0', '1', 'Ihr Text hier', '260', '10', '20', '0', 'Calibri, sans-serif', '1', 'Ihr Text hier', '286', '76', '20', '0', 'Papyrus', '1', '', '50', '55', '150', '0', '1', 'Ihr Text hier', '120', '20', 'Calibri, sans-serif', '', '1', '10', '90');
INSERT INTO `products` VALUES('5a1efb3c4d74c', 'set', '0', '0', '0', '0', '1', '', '', '', '', '', '', '1', '', '', '', '', '', '', '1', '', '', '', '', '', '1', '', '', '', '', '', '1', '', '');
INSERT INTO `products` VALUES('5a1fbafdcf306', 'set', '1', '0', '1', '1', '1', 'Ihr Text hier', '260', '10', '20', '0', 'Calibri, sans-serif', '1', 'Ihr Text hier', '500', '140', '20', '0', 'Calibri, sans-serif', '1', '', '50', '55', '150', '0', '1', 'Ihr Text hier', '120', '20', 'Calibri, sans-serif', '', '1', '10', '90');
INSERT INTO `products` VALUES('5a1fbbec6e711', 'set', '0', '0', '0', '0', '1', '', '', '', '', '', '', '1', '', '', '', '', '', '', '1', '', '', '', '', '', '1', '', '', '', '', '', '1', '', '');
INSERT INTO `products` VALUES('5a1fd33727e3d', 'box', '0', '0', '0', '0', '1', '', '', '', '', '', '', '1', '', '', '', '', '', '', '1', '', '', '', '', '', '1', '', '', '', '', '', '1', '', '');
INSERT INTO `products` VALUES('5a1fd363e79f2', 'set', '0', '0', '0', '0', '1', 'gib ma göd', '253', '4', '24', '0', 'Calibri, sans-serif', '1', 'sehr vü sogoa', '473', '140', '20', '0', 'Calibri, sans-serif', '1', '', '50', '55', '150', '0', '1', '', '', '', '', '', '1', '', '');
INSERT INTO `products` VALUES('5a200af8d1eb7', 'set', '0', '0', '0', '0', '1', 'Ihr Text hier', '260', '10', '20', '0', 'Calibri, sans-serif', '1', 'Ihr Text hier', '500', '140', '20', '0', 'Calibri, sans-serif', '1', '', '50', '55', '150', '0', '1', '', '', '', '', '', '1', '', '');
INSERT INTO `products` VALUES('5a200b13c5909', 'pen', '0', '0', '0', '0', '1', '', '', '', '', '', '', '1', '', '', '', '', '', '', '1', '', '', '', '', '', '1', 'Ihr Text hier', '120', '20', 'Calibri, sans-serif', '', '1', '10', '90');
INSERT INTO `products` VALUES('5a200f75a7290', 'set', '0', '0', '0', '0', '1', '', '', '', '', '', '', '1', '', '', '', '', '', '', '1', '', '', '', '', '', '1', '', '', '', '', '', '1', '', '');
INSERT INTO `products` VALUES('5a200f7b1d0f5', 'box', '0', '0', '0', '0', '1', '', '', '', '', '', '', '1', '', '', '', '', '', '', '1', '', '', '', '', '', '1', '', '', '', '', '', '1', '', '');
INSERT INTO `products` VALUES('5a200f8127d0a', 'pen', '0', '0', '0', '0', '1', '', '', '', '', '', '', '1', '', '', '', '', '', '', '1', '', '', '', '', '', '1', '', '', '', '', '', '1', '', '');
INSERT INTO `products` VALUES('5a20227b73627', 'set', '2', '0', '0', '1', '1', 'Gesundheitspraxis Ohlsdorf', '214', '34', '32', '0', 'Georgia, serif', '0', 'Ihr Text hier', '500', '140', '20', '0', 'Calibri, sans-serif', '1', '5a2022b609d31.jpg', '56', '25', '140', '0', '1', 'Gesundheitspraxis Ohlsdorf', '92', '18', 'Georgia, serif', '5a20230f6e5d3.jpg', '1', '25', '45');
INSERT INTO `products` VALUES('5a203ff798d37', 'set', '21', '0', '21', '21', '1', 'armin', '260', '10', '20', '0', 'Calibri, sans-serif', '1', 'Ihr Text hier', '500', '140', '20', '0', 'Calibri, sans-serif', '1', '', '50', '55', '150', '0', '1', 'Ihr Text hier', '120', '20', 'Calibri, sans-serif', '', '1', '10', '90');
INSERT INTO `products` VALUES('5a20417aca88e', 'set', '1', '0', '1', '1', '1', 'Ihr Text hier', '260', '10', '20', '0', 'Calibri, sans-serif', '1', 'Ihr Text hier', '500', '140', '20', '0', 'Calibri, sans-serif', '1', '', '50', '55', '150', '0', '1', 'Ihr Text hier', '120', '20', 'Calibri, sans-serif', '', '1', '10', '90');
INSERT INTO `products` VALUES('5a2043c6da158', 'set', '1', '0', '1', '1', '1', 'Ihr Text hier', '260', '10', '20', '0', 'Calibri, sans-serif', '1', 'Ihr Text hier', '500', '140', '20', '0', 'Calibri, sans-serif', '1', '', '50', '55', '150', '0', '1', 'Ihr Text hier', '120', '20', 'Calibri, sans-serif', '', '1', '10', '90');
INSERT INTO `products` VALUES('5a2043f6c4074', 'set', '1', '0', '1', '1', '1', 'Ihr Text hier', '260', '10', '20', '0', 'Calibri, sans-serif', '1', 'Ihr Text hier', '500', '140', '20', '0', 'Calibri, sans-serif', '1', '', '50', '55', '150', '0', '1', 'Ihr Text hier', '120', '20', 'Calibri, sans-serif', '', '1', '10', '90');
INSERT INTO `products` VALUES('5a20479457285', 'set', '21', '0', '21', '21', '1', 'Ihr Text hier', '260', '10', '20', '0', 'Calibri, sans-serif', '1', 'Ihr Text hier', '500', '140', '20', '0', 'Calibri, sans-serif', '1', '', '50', '55', '150', '0', '1', 'Ihr Text hier', '120', '20', 'Calibri, sans-serif', '', '1', '10', '90');
INSERT INTO `products` VALUES('5a204895c06ba', '5a2022090d417', '0', '0', '0', '0', '0', '', '', '', '', '', '', '0', '', '', '', '', '', '', '0', '', '', '', '', '', '0', '', '', '', '', '', '0', '', '');
INSERT INTO `products` VALUES('5a210a8d061ea', 'box', '0', '0', '0', '0', '1', '', '', '', '', '', '', '1', '', '', '', '', '', '', '1', '', '', '', '', '', '1', '', '', '', '', '', '1', '', '');
INSERT INTO `products` VALUES('5a210aa1b6335', 'set', '0', '0', '0', '0', '1', 'Ihr Text hier', '260', '10', '20', '0', 'Calibri, sans-serif', '1', 'Ihr Text hier', '500', '140', '20', '0', 'Calibri, sans-serif', '1', '', '50', '55', '150', '0', '1', 'Ihr Text hier', '120', '20', 'Calibri, sans-serif', '', '1', '10', '90');
INSERT INTO `products` VALUES('5a213080a5751', 'set', '1', '0', '1', '1', '1', 'Ihr Text hier', '370', '38', '20', '0', 'Calibri, sans-serif', '1', 'Ihr Text hier', '500', '140', '20', '0', 'Calibri, sans-serif', '1', '5a2130ff3b05e.PNG', '30', '32', '173', '-27', '1', 'Ihr Text hier', '120', '20', 'Calibri, sans-serif', '', '1', '10', '90');
INSERT INTO `products` VALUES('5a214b5a5d9b4', 'set', '0', '0', '0', '0', '1', '', '', '', '', '', '', '1', '', '', '', '', '', '', '1', '', '', '', '', '', '1', '', '', '', '', '', '1', '', '');
INSERT INTO `products` VALUES('5a214b991b337', 'set', '2', '0', '0', '1', '1', 'Erika', '534.986', '118.997', '27', '0', 'Calibri, sans-serif', '0', 'Ihr Text hier', '500', '140', '20', '0', 'Calibri, sans-serif', '0', '', '50', '55', '150', '0', '1', 'Erika', '22', '23', 'Times, serif', '', '0', '10', '90');
INSERT INTO `products` VALUES('5a216ca7b520e', 'set', '2', '0', '0', '1', '1', 'Gesundheitspraxis Ohlsdorf', '220', '42', '32', '0', 'Georgia, serif', '0', 'Ihr Text hier', '500', '140', '20', '0', 'Calibri, sans-serif', '1', '5a216cf24048c.jpg', '64', '20', '145', '0', '1', 'Gesundheitspraxis Ohlsdorf', '104', '17', 'Georgia, serif', '5a216d554eda7.jpg', '1', '25', '47');
INSERT INTO `products` VALUES('5a257f54b0ce1', 'pen', '1', '1', '1', '0', '1', '', '', '', '', '', '', '1', '', '', '', '', '', '', '1', '', '', '', '', '', '1', 'Ihr Text hieraaaaa', '120', '26', 'Calibri, sans-serif', '', '1', '10', '90');
INSERT INTO `products` VALUES('5a25886512270', 'set', '0', '0', '0', '0', '1', 'Ihr Text hier', '260', '10', '20', '0', 'Calibri, sans-serif', '1', 'Ihr Text hier', '500', '140', '20', '0', 'Calibri, sans-serif', '1', '', '73', '42', '150', '0', '1', '', '', '', '', '', '1', '', '');
INSERT INTO `products` VALUES('5a263e991c6c1', 'set', '0', '0', '0', '0', '1', '', '', '', '', '', '', '1', '', '', '', '', '', '', '1', '', '', '', '', '', '1', '', '', '', '', '', '1', '', '');
INSERT INTO `products` VALUES('5a263ebbaabfa', 'set', '0', '0', '0', '0', '1', 'Ihr Text hier', '260', '10', '20', '0', 'Calibri, sans-serif', '1', 'Ihr Text hier', '500', '140', '20', '0', 'Calibri, sans-serif', '1', '', '50', '55', '150', '0', '1', 'Ihr Text hier', '120', '20', 'Calibri, sans-serif', '', '1', '10', '90');
INSERT INTO `products` VALUES('5a2643c8ace6a', 'set', '0', '0', '0', '0', '1', '', '', '', '', '', '', '1', '', '', '', '', '', '', '1', '', '', '', '', '', '1', '', '', '', '', '', '1', '', '');
INSERT INTO `products` VALUES('5a2644414c2f3', 'set', '0', '0', '0', '0', '1', '', '', '', '', '', '', '1', '', '', '', '', '', '', '1', '', '', '', '', '', '1', '', '', '', '', '', '1', '', '');
INSERT INTO `products` VALUES('5a264490b5b8e', 'pen', '0', '0', '0', '0', '1', '', '', '', '', '', '', '1', '', '', '', '', '', '', '1', '', '', '', '', '', '1', '', '', '', '', '', '1', '', '');
INSERT INTO `products` VALUES('5a2644a54e3a0', 'pen', '0', '0', '0', '0', '1', '', '', '', '', '', '', '1', '', '', '', '', '', '', '1', '', '', '', '', '', '1', '', '', '', '', '', '1', '', '');
INSERT INTO `products` VALUES('5a2644d0be14b', 'box', '0', '0', '0', '0', '1', '', '', '', '', '', '', '1', '', '', '', '', '', '', '1', '', '', '', '', '', '1', '', '', '', '', '', '1', '', '');
INSERT INTO `products` VALUES('5a2644d577069', 'pen', '0', '0', '0', '0', '1', '', '', '', '', '', '', '1', '', '', '', '', '', '', '1', '', '', '', '', '', '1', '', '', '', '', '', '1', '', '');
INSERT INTO `products` VALUES('5a2647d609ef7', 'pen', '0', '0', '0', '0', '1', '', '', '', '', '', '', '1', '', '', '', '', '', '', '1', '', '', '', '', '', '1', '', '', '', '', '', '1', '', '');
INSERT INTO `products` VALUES('5a2647f447491', 'set', '0', '0', '0', '0', '1', '', '', '', '', '', '', '1', '', '', '', '', '', '', '1', '', '', '', '', '', '1', '', '', '', '', '', '1', '', '');
INSERT INTO `products` VALUES('5a2647fbe9432', 'box', '0', '0', '0', '0', '1', '', '', '', '', '', '', '1', '', '', '', '', '', '', '1', '', '', '', '', '', '1', '', '', '', '', '', '1', '', '');
INSERT INTO `products` VALUES('5a264f11b0c0b', 'pen', '0', '0', '0', '0', '1', '', '', '', '', '', '', '1', '', '', '', '', '', '', '1', '', '', '', '', '', '1', '', '', '', '', '', '1', '', '');
INSERT INTO `products` VALUES('5a264f3207394', 'set', '0', '0', '0', '0', '1', '', '', '', '', '', '', '1', '', '', '', '', '', '', '1', '', '', '', '', '', '1', '', '', '', '', '', '1', '', '');
INSERT INTO `products` VALUES('5a264f36a38df', 'box', '0', '0', '0', '0', '1', '', '', '', '', '', '', '1', '', '', '', '', '', '', '1', '', '', '', '', '', '1', '', '', '', '', '', '1', '', '');
INSERT INTO `products` VALUES('5a265d4cc71ed', 'pen', '0', '0', '0', '0', '1', '', '', '', '', '', '', '1', '', '', '', '', '', '', '1', '', '', '', '', '', '1', '', '', '', '', '', '1', '', '');
INSERT INTO `products` VALUES('5a265d5c22af2', 'set', '0', '0', '0', '0', '1', '', '', '', '', '', '', '1', '', '', '', '', '', '', '1', '', '', '', '', '', '1', '', '', '', '', '', '1', '', '');
INSERT INTO `products` VALUES('5a265d69c0ecf', 'box', '0', '0', '0', '0', '1', '', '', '', '', '', '', '1', '', '', '', '', '', '', '1', '', '', '', '', '', '1', '', '', '', '', '', '1', '', '');
INSERT INTO `products` VALUES('5a266e3984824', 'set', '0', '0', '0', '0', '1', 'Ihr Text hier', '339.367', '17.85', '23', '1', 'Calibri, sans-serif', '1', 'MAMA', '500', '140', '18', '3', 'Calibri, sans-serif', '1', '5a2670dbcc370.png', '50', '55', '150', '0', '1', '', '', '', '', '', '1', '', '');
INSERT INTO `products` VALUES('5a266facac406', 'set', '0', '0', '0', '0', '1', '', '', '', '', '', '', '1', '', '', '', '', '', '', '1', '', '', '', '', '', '1', '', '', '', '', '', '1', '', '');
INSERT INTO `products` VALUES('5a26718d3ca8f', 'set', '0', '0', '0', '0', '1', '', '', '', '', '', '', '1', '', '', '', '', '', '', '1', '', '', '', '', '', '1', '', '', '', '', '', '1', '', '');
INSERT INTO `products` VALUES('5a26719dc2524', 'set', '0', '0', '0', '0', '1', 'Ihr Text hier', '260', '10', '20', '0', 'Calibri, sans-serif', '1', 'Ihr Text hier', '500', '140', '20', '0', 'Calibri, sans-serif', '1', '', '50', '55', '150', '0', '1', '', '', '', '', '', '1', '', '');
INSERT INTO `products` VALUES('5a2672720600c', 'set', '0', '0', '0', '0', '1', '', '', '', '', '', '', '1', '', '', '', '', '', '', '1', '', '', '', '', '', '1', '', '', '', '', '', '1', '', '');
INSERT INTO `products` VALUES('5a2673dbcaada', 'set', '1', '0', '1', '1', '1', 'Ihr Text hier', '260', '10', '20', '0', 'Calibri, sans-serif', '1', 'Ihr Text hier', '500', '140', '20', '0', 'Calibri, sans-serif', '1', '', '50', '55', '150', '0', '1', 'Ihr Text hier', '120', '20', 'Calibri, sans-serif', '', '1', '10', '90');
INSERT INTO `products` VALUES('5a2674adef713', 'set', '0', '0', '0', '0', '1', '', '', '', '', '', '', '1', '', '', '', '', '', '', '1', '', '', '', '', '', '1', '', '', '', '', '', '1', '', '');
INSERT INTO `products` VALUES('5a2677a098afc', 'set', '0', '0', '0', '0', '1', 'Ihr Text hier', '260', '10', '20', '0', 'Calibri, sans-serif', '1', 'Ihr Text hier', '500', '140', '20', '0', 'Calibri, sans-serif', '1', '', '50', '55', '150', '0', '1', 'Ihr Text hier', '120', '20', 'Calibri, sans-serif', '', '1', '10', '90');
INSERT INTO `products` VALUES('5a2677d16d6d5', 'set', '0', '0', '0', '0', '1', 'Petra Hattinger', '260', '10', '20', '0', 'Calibri, sans-serif', '1', 'Ihr Text hier', '500', '140', '20', '0', 'Calibri, sans-serif', '1', '', '50', '55', '150', '0', '1', '', '', '', '', '', '1', '', '');
INSERT INTO `products` VALUES('5a2678746d567', 'set', '0', '0', '0', '0', '1', 'Petra Hattinger', '260', '10', '27', '0', 'Calibri, sans-serif', '1', '', '500', '140', '20', '0', 'Calibri, sans-serif', '1', '', '50', '55', '150', '0', '1', 'Petra Hattinger', '120', '20', 'Calibri, sans-serif', '', '1', '10', '90');
INSERT INTO `products` VALUES('5a2678fe52339', 'set', '0', '0', '0', '0', '1', '', '', '', '', '', '', '1', '', '', '', '', '', '', '1', '', '', '', '', '', '1', '', '', '', '', '', '1', '', '');
INSERT INTO `products` VALUES('5a267da657b36', 'set', '0', '0', '0', '0', '1', '', '', '', '', '', '', '1', '', '', '', '', '', '', '1', '', '', '', '', '', '1', '', '', '', '', '', '1', '', '');
INSERT INTO `products` VALUES('5a2691f93c4d6', 'set', '0', '0', '0', '0', '1', '\"immer voll motiviert\"', '292', '2', '29', '0', 'Papyrus', '1', 'MAMA', '463', '111', '37', '0', 'Verdana, Geneva, sans-serif', '1', '', '50', '55', '150', '0', '1', '', '', '', '', '', '1', '', '');
INSERT INTO `products` VALUES('5a269374b76da', 'set', '1', '0', '1', '1', '1', '\" immer voll motiviert \"', '221', '3', '28', '0', 'cursive, sans-serif', '1', 'MAMA', '420', '96', '51', '0', 'Calibri, sans-serif', '1', '5a26937d5cddb.jpg', '14', '15', '170', '0', '1', 'MAMA', '7', '24', 'Calibri, sans-serif', '5a2697ed01eba.jpg', '1', '132', '178');
INSERT INTO `products` VALUES('5a26c46e2357f', 'set', '0', '0', '0', '0', '1', 'Ihr Text hier', '260', '10', '20', '0', 'Calibri, sans-serif', '1', 'Ihr Text hier', '500', '140', '20', '0', 'Calibri, sans-serif', '1', '', '50', '55', '150', '0', '1', '', '', '', '', '', '1', '', '');
INSERT INTO `products` VALUES('5a26c49931f1b', 'set', '0', '0', '0', '0', '1', 'Ihr Text hier', '260', '10', '20', '0', 'Calibri, sans-serif', '1', 'Ihr Text hier', '500', '140', '20', '0', 'Calibri, sans-serif', '1', '', '50', '55', '150', '0', '1', 'Ihr Text hier', '120', '20', 'Calibri, sans-serif', '', '1', '10', '90');
INSERT INTO `products` VALUES('5a26c4b1d7b86', 'pen', '0', '0', '0', '0', '1', '', '', '', '', '', '', '1', '', '', '', '', '', '', '1', '', '', '', '', '', '1', 'Ihr Text hier', '120', '20', 'Calibri, sans-serif', '', '1', '10', '90');
INSERT INTO `products` VALUES('5a27d4251176c', 'set', '1', '0', '1', '1', '1', 'Ihr Text hier', '260', '10', '20', '0', 'Calibri, sans-serif', '1', 'Ihr Text hier', '500', '140', '20', '0', 'Calibri, sans-serif', '1', '', '50', '55', '150', '0', '1', 'Ihr Text hier', '120', '20', 'Calibri, sans-serif', '', '1', '10', '90');
INSERT INTO `products` VALUES('5a27dce9c3e97', 'discount', '0', '0', '0', '0', '0', 'TEST123', '', '', '', '', '', '0', '', '', '', '', '', '', '0', '', '', '', '', '', '0', '', '', '', '', '', '0', '', '');
INSERT INTO `products` VALUES('5a27dd017d973', 'set', '1', '0', '1', '1', '1', 'Ihr Text hier', '260', '10', '20', '0', 'Calibri, sans-serif', '1', 'Ihr Text hier', '500', '140', '20', '0', 'Calibri, sans-serif', '1', '', '50', '55', '150', '0', '1', 'Ihr Text hier', '120', '20', 'Calibri, sans-serif', '', '1', '10', '90');
INSERT INTO `products` VALUES('5a27dd1fc3a20', 'discount', '0', '0', '0', '0', '0', 'TEST123', '', '', '', '', '', '0', '', '', '', '', '', '', '0', '', '', '', '', '', '0', '', '', '', '', '', '0', '', '');
INSERT INTO `products` VALUES('5a27f7159377f', 'discount', '0', '0', '0', '0', '0', 'TEST123', '', '', '', '', '', '0', '', '', '', '', '', '', '0', '', '', '', '', '', '0', '', '', '', '', '', '0', '', '');
INSERT INTO `products` VALUES('5a27f7210204d', 'discount', '0', '0', '0', '0', '0', 'test456', '', '', '', '', '', '0', '', '', '', '', '', '', '0', '', '', '', '', '', '0', '', '', '', '', '', '0', '', '');
INSERT INTO `products` VALUES('5a27f7312950a', 'discount', '0', '0', '0', '0', '0', 'test456', '', '', '', '', '', '0', '', '', '', '', '', '', '0', '', '', '', '', '', '0', '', '', '', '', '', '0', '', '');
INSERT INTO `products` VALUES('5a27f74d997c1', 'discount', '0', '0', '0', '0', '0', 'test456', '', '', '', '', '', '0', '', '', '', '', '', '', '0', '', '', '', '', '', '0', '', '', '', '', '', '0', '', '');
INSERT INTO `products` VALUES('5a27fb9233a4b', 'set', '1', '0', '1', '1', '1', 'Ihr Text hier', '260', '10', '20', '0', 'Calibri, sans-serif', '1', 'Ihr Text hier', '500', '140', '20', '0', 'Calibri, sans-serif', '1', '', '50', '55', '150', '0', '1', 'Ihr Text hier', '120', '20', 'Calibri, sans-serif', '', '1', '10', '90');
INSERT INTO `products` VALUES('5a27fbab699f3', 'discount', '0', '0', '0', '0', '0', 'TEST123', '', '', '', '', '', '0', '', '', '', '', '', '', '0', '', '', '', '', '', '0', '', '', '', '', '', '0', '', '');
INSERT INTO `products` VALUES('5a28024fa4172', 'set', '1', '0', '1', '1', '1', 'Ihr Text hier', '260', '10', '20', '0', 'Calibri, sans-serif', '1', 'Ihr Text hier', '500', '140', '20', '0', 'Calibri, sans-serif', '1', '', '50', '55', '150', '0', '1', 'Ihr Text hier', '120', '20', 'Calibri, sans-serif', '', '1', '10', '90');
INSERT INTO `products` VALUES('5a28026ad7e6f', 'discount', '0', '0', '0', '0', '0', 'TEST123', '', '', '', '', '', '0', '', '', '', '', '', '', '0', '', '', '', '', '', '0', '', '', '', '', '', '0', '', '');
INSERT INTO `products` VALUES('5a28095f929f1', 'set', '1', '0', '1', '1', '1', 'Ihr Text hier', '260', '10', '20', '0', 'Calibri, sans-serif', '1', 'Ihr Text hier', '500', '140', '20', '0', 'Calibri, sans-serif', '1', '', '50', '55', '150', '0', '1', 'Ihr Text hier', '120', '20', 'Calibri, sans-serif', '', '1', '10', '90');
INSERT INTO `products` VALUES('5a2809750d73e', 'discount', '0', '0', '0', '0', '0', 'TEST456', '', '', '', '', '', '0', '', '', '', '', '', '', '0', '', '', '', '', '', '0', '', '', '', '', '', '0', '', '');
INSERT INTO `products` VALUES('5a2809a398c61', 'discount', '0', '0', '0', '0', '0', 'TEST123', '', '', '', '', '', '0', '', '', '', '', '', '', '0', '', '', '', '', '', '0', '', '', '', '', '', '0', '', '');
INSERT INTO `products` VALUES('5a2809ab1705a', 'discount', '0', '0', '0', '0', '0', 'TEST123', '', '', '', '', '', '0', '', '', '', '', '', '', '0', '', '', '', '', '', '0', '', '', '', '', '', '0', '', '');
INSERT INTO `products` VALUES('5a2809b24b762', 'discount', '0', '0', '0', '0', '0', 'TEST123', '', '', '', '', '', '0', '', '', '', '', '', '', '0', '', '', '', '', '', '0', '', '', '', '', '', '0', '', '');
INSERT INTO `products` VALUES('5a280c1fd05cb', 'set', '1', '0', '1', '1', '1', 'Ihr Text hier', '260', '10', '20', '0', 'Calibri, sans-serif', '1', 'Ihr Text hier', '500', '140', '20', '0', 'Calibri, sans-serif', '1', '', '50', '55', '150', '0', '1', 'Ihr Text hier', '120', '20', 'Calibri, sans-serif', '', '1', '10', '90');
INSERT INTO `products` VALUES('5a280c323e91d', 'discount', '0', '0', '0', '0', '0', 'TEST123', '', '', '', '', '', '0', '', '', '', '', '', '', '0', '', '', '', '', '', '0', '', '', '', '', '', '0', '', '');
INSERT INTO `products` VALUES('5a280c3701664', 'discount', '0', '0', '0', '0', '0', 'TEST123', '', '', '', '', '', '0', '', '', '', '', '', '', '0', '', '', '', '', '', '0', '', '', '', '', '', '0', '', '');
INSERT INTO `products` VALUES('5a280c7c60031', 'set', '1', '0', '1', '1', '1', 'Ihr Text hier', '260', '10', '20', '0', 'Calibri, sans-serif', '1', 'Ihr Text hier', '500', '140', '20', '0', 'Calibri, sans-serif', '1', '', '50', '55', '150', '0', '1', 'Ihr Text hier', '120', '20', 'Calibri, sans-serif', '', '1', '10', '90');
INSERT INTO `products` VALUES('5a280c8edf6a4', 'discount', '0', '0', '0', '0', '0', 'TEST456', '', '', '', '', '', '0', '', '', '', '', '', '', '0', '', '', '', '', '', '0', '', '', '', '', '', '0', '', '');
INSERT INTO `products` VALUES('5a282d0148868', 'set', '0', '0', '0', '0', '1', '', '', '', '', '', '', '1', '', '', '', '', '', '', '1', '', '', '', '', '', '1', '', '', '', '', '', '1', '', '');
INSERT INTO `products` VALUES('5a28f8b305895', 'set', '1', '0', '1', '1', '1', 'Ihr Text hier', '260', '10', '20', '0', 'Calibri, sans-serif', '1', 'Ihr Text hier', '500', '140', '20', '0', 'Calibri, sans-serif', '1', '', '50', '55', '150', '0', '1', 'Ihr Text hier', '120', '20', 'Calibri, sans-serif', '', '1', '10', '90');
INSERT INTO `products` VALUES('5a28f8cfba052', 'discount', '0', '0', '0', '0', '0', 'TEST123', '', '', '', '', '', '0', '', '', '', '', '', '', '0', '', '', '', '', '', '0', '', '', '', '', '', '0', '', '');
INSERT INTO `products` VALUES('5a290081151cb', 'set', '1', '0', '1', '1', '1', 'Ihr Text hier', '260', '10', '20', '0', 'Calibri, sans-serif', '1', 'Ihr Text hier', '500', '140', '20', '0', 'Calibri, sans-serif', '1', '', '50', '55', '150', '0', '1', 'Ihr Text hier', '120', '20', 'Calibri, sans-serif', '', '1', '10', '90');
INSERT INTO `products` VALUES('5a2900afb9783', 'discount', '0', '0', '0', '0', '0', 'XMASLEHRER17', '', '', '', '', '', '0', '', '', '', '', '', '', '0', '', '', '', '', '', '0', '', '', '', '', '', '0', '', '');
INSERT INTO `products` VALUES('5a29025b5ed5f', 'set', '0', '0', '0', '0', '1', 'Ihr Text hier', '260', '10', '20', '0', 'Calibri, sans-serif', '1', 'Ihr Text hier', '500', '140', '20', '0', 'Calibri, sans-serif', '1', '', '50', '55', '150', '0', '1', 'Ihr Text hier', '120', '20', 'Calibri, sans-serif', '', '1', '10', '90');
INSERT INTO `products` VALUES('5a2903b889c4f', 'set', '1', '0', '1', '1', '1', 'Ihr Text hier', '260', '10', '20', '0', 'Calibri, sans-serif', '1', 'Ihr Text hier', '500', '140', '20', '0', 'Calibri, sans-serif', '1', '', '50', '55', '150', '0', '1', 'Ihr Text hier', '120', '20', 'Calibri, sans-serif', '', '1', '10', '90');
INSERT INTO `products` VALUES('5a2903d77c12d', 'discount', '0', '0', '0', '0', '0', 'Hatti', '', '', '', '', '', '0', '', '', '', '', '', '', '0', '', '', '', '', '', '0', '', '', '', '', '', '0', '', '');
INSERT INTO `products` VALUES('5a2919ecad2b6', 'set', '1', '0', '1', '1', '1', 'Ihr Text hier', '260', '10', '20', '0', 'Calibri, sans-serif', '1', 'Ihr Text hier', '500', '140', '20', '0', 'Calibri, sans-serif', '1', '', '50', '55', '150', '0', '1', 'Ihr Text hier', '120', '20', 'Calibri, sans-serif', '', '1', '10', '90');
INSERT INTO `products` VALUES('5a291a58c1e2a', 'discount', '0', '0', '0', '0', '0', 'Hatti', '', '', '', '', '', '0', '', '', '', '', '', '', '0', '', '', '', '', '', '0', '', '', '', '', '', '0', '', '');
INSERT INTO `products` VALUES('5a2924e865aa3', 'set', '1', '0', '1', '1', '1', 'Ihr Text hier', '260', '10', '20', '0', 'Calibri, sans-serif', '1', 'Ihr Text hier', '500', '140', '20', '0', 'Calibri, sans-serif', '1', '', '50', '55', '150', '0', '1', 'Ihr Text hier', '120', '20', 'Calibri, sans-serif', '', '1', '10', '90');
INSERT INTO `products` VALUES('5a2925082b8f8', 'discount', '0', '0', '0', '0', '0', 'hATTI2', '', '', '', '', '', '0', '', '', '', '', '', '', '0', '', '', '', '', '', '0', '', '', '', '', '', '0', '', '');
INSERT INTO `products` VALUES('5a2948ab1ed1a', 'set', '0', '0', '0', '0', '1', 'Ihr Text hier', '260', '10', '20', '0', 'Calibri, sans-serif', '1', 'Ihr Text hier', '500', '140', '20', '0', 'Calibri, sans-serif', '1', '', '48', '55', '150', '0', '1', '', '', '', '', '', '1', '', '');
INSERT INTO `products` VALUES('5a2957286793b', 'box', '0', '0', '0', '0', '1', '', '', '', '', '', '', '1', '', '', '', '', '', '', '1', '', '', '', '', '', '1', '', '', '', '', '', '1', '', '');
INSERT INTO `products` VALUES('5a29798b187e3', 'set', '0', '0', '0', '0', '1', 'Ihr Text hier', '260', '10', '20', '0', 'Calibri, sans-serif', '1', 'Ihr Text hier', '500', '140', '20', '0', 'Calibri, sans-serif', '1', '', '50', '55', '150', '0', '1', '', '', '', '', '', '1', '', '');
INSERT INTO `products` VALUES('5a29db7433325', 'set', '0', '0', '0', '0', '1', '', '', '', '', '', '', '1', '', '', '', '', '', '', '1', '', '', '', '', '', '1', '', '', '', '', '', '1', '', '');
INSERT INTO `products` VALUES('5a2a804da8ed3', 'set', '0', '0', '0', '0', '1', 'Ihr Text hier', '260', '10', '20', '0', 'Calibri, sans-serif', '1', 'Ihr Text hier', '446', '132', '20', '0', 'Calibri, sans-serif', '1', '5a2a806a17f87.png', '50', '60', '221', '0', '1', '', '', '', '', '', '1', '', '');
INSERT INTO `products` VALUES('5a2ac11324e55', 'set', '0', '0', '0', '0', '1', 'Ihr Text hier', '260', '10', '20', '0', 'Calibri, sans-serif', '1', 'Ihr Text hier', '500', '140', '20', '0', 'Calibri, sans-serif', '1', '', '50', '55', '150', '0', '1', '', '', '', '', '', '1', '', '');
INSERT INTO `products` VALUES('5a2ac15364f96', 'set', '0', '0', '0', '0', '1', 'Ihr Text hier', '260', '10', '20', '0', 'Calibri, sans-serif', '1', 'Ihr Text hier', '500', '140', '20', '0', 'Calibri, sans-serif', '1', '', '50', '55', '150', '0', '1', '', '', '', '', '', '1', '', '');
INSERT INTO `products` VALUES('5a2ac29a9d1ef', 'set', '1', '1', '0', '1', '0', 'Leitung Technik Hörsching', '328', '16', '20', '0', 'Calibri, sans-serif', '1', 'Leo Mayr-Huber DI (FH)', '340', '19', '20', '0', 'Calibri, sans-serif', '1', '5a2ac2a472676.png', '24', '65', '308', '0', '1', 'Leo Mayr-Huber', '146', '20', 'Calibri, sans-serif', '5a2ac3c425615.png', '1', '20', '90');
INSERT INTO `products` VALUES('5a2af27b223f2', 'box', '0', '0', '0', '0', '1', '', '', '', '', '', '', '1', '', '', '', '', '', '', '1', '', '', '', '', '', '1', '', '', '', '', '', '1', '', '');
INSERT INTO `products` VALUES('5a2af2b0b90f6', 'pen', '0', '0', '0', '0', '1', '', '', '', '', '', '', '1', '', '', '', '', '', '', '1', '', '', '', '', '', '1', '', '', '', '', '', '1', '', '');
INSERT INTO `products` VALUES('5a2b00fe96dea', 'box', '0', '0', '0', '0', '1', '', '', '', '', '', '', '1', '', '', '', '', '', '', '1', '', '', '', '', '', '1', '', '', '', '', '', '1', '', '');
INSERT INTO `products` VALUES('5a2b01055c13f', 'pen', '0', '0', '0', '0', '1', '', '', '', '', '', '', '1', '', '', '', '', '', '', '1', '', '', '', '', '', '1', '', '', '', '', '', '1', '', '');
INSERT INTO `products` VALUES('5a2c35c9280cb', 'set', '0', '0', '0', '0', '1', '', '', '', '', '', '', '1', '', '', '', '', '', '', '1', '', '', '', '', '', '1', '', '', '', '', '', '1', '', '');
INSERT INTO `products` VALUES('5a2c49d7c8f20', 'set', '0', '0', '0', '0', '1', '', '', '', '', '', '', '1', '', '', '', '', '', '', '1', '', '', '', '', '', '1', '', '', '', '', '', '1', '', '');
INSERT INTO `products` VALUES('5a2c5ba0a1f1f', 'pen', '0', '0', '0', '0', '1', '', '', '', '', '', '', '1', '', '', '', '', '', '', '1', '', '', '', '', '', '1', 'Ihr Text hier', '120', '20', 'Calibri, sans-serif', '', '1', '10', '90');
INSERT INTO `products` VALUES('5a2c5bd6a018d', 'pen', '0', '0', '0', '0', '1', '', '', '', '', '', '', '1', '', '', '', '', '', '', '1', '', '', '', '', '', '1', '', '', '', '', '', '1', '', '');
INSERT INTO `products` VALUES('5a2c5bf778180', 'set', '0', '0', '0', '0', '1', 'Ihr Text hier', '260', '10', '20', '0', 'Calibri, sans-serif', '1', 'Ihr Text hier', '500', '140', '20', '0', 'Calibri, sans-serif', '1', '', '50', '55', '150', '0', '1', '', '', '', '', '', '1', '', '');
INSERT INTO `products` VALUES('5a2d053d7a0fb', 'set', '0', '0', '0', '0', '1', 'Dr. Matthias Aitzetmüller', '260', '10', '45', '0', 'Calibri, sans-serif', '1', 'Ihr Text hier', '500', '140', '20', '0', 'Calibri, sans-serif', '1', '', '50', '55', '150', '0', '1', 'Ihr Text hier', '120', '20', 'Calibri, sans-serif', '', '1', '10', '90');
INSERT INTO `products` VALUES('5a2d1589d26f9', 'pen', '0', '0', '0', '0', '1', '', '', '', '', '', '', '1', '', '', '', '', '', '', '1', '', '', '', '', '', '1', '', '', '', '', '', '1', '', '');
INSERT INTO `products` VALUES('5a2d3b24311a8', 'box', '0', '0', '0', '0', '1', 'Ing.Herbert Jetzinger', '260', '10', '20', '0', 'Calibri, sans-serif', '1', 'Ihr Text hier', '500', '140', '20', '0', 'Calibri, sans-serif', '1', '', '50', '55', '150', '0', '1', '', '', '', '', '', '1', '', '');
INSERT INTO `products` VALUES('5a2d43cb37c73', 'set', '0', '0', '0', '0', '1', 'Ihr Text hier', '260', '10', '20', '0', 'Calibri, sans-serif', '1', 'Ihr Text hier', '500', '140', '29', '0', 'Calibri, sans-serif', '1', '', '50', '55', '150', '0', '1', '', '', '', '', '', '1', '', '');
INSERT INTO `products` VALUES('5a2d6d3e94aa7', 'box', '0', '0', '0', '0', '1', '', '', '', '', '', '', '1', '', '', '', '', '', '', '1', '', '', '', '', '', '1', '', '', '', '', '', '1', '', '');
INSERT INTO `products` VALUES('5a2e261882486', 'set', '0', '0', '0', '0', '1', 'Hallo', '2', '14', '100', '0', 'Arial, Helvetica, sans-serif', '1', 'Ihr Text hier', '500', '140', '20', '0', 'Calibri, sans-serif', '1', '', '466', '15', '150', '0', '1', '', '', '', '', '', '1', '', '');
INSERT INTO `products` VALUES('5a2e266100d18', 'set', '0', '0', '0', '0', '1', 'Ihr Text hier', '260', '10', '20', '0', 'Calibri, sans-serif', '1', 'Ihr Text hier', '500', '140', '20', '0', 'Calibri, sans-serif', '1', '', '50', '55', '150', '0', '1', 'Ihr Text hier', '120', '20', 'Calibri, sans-serif', '', '1', '10', '90');
INSERT INTO `products` VALUES('5a2e2681575c0', 'box', '0', '0', '0', '0', '1', '', '', '', '', '', '', '1', '', '', '', '', '', '', '1', '', '', '', '', '', '1', '', '', '', '', '', '1', '', '');
INSERT INTO `products` VALUES('5a2e26c275421', 'set', '0', '0', '0', '0', '1', 'Ihr Text hzurzturturier', '260', '10', '47', '0', 'Calibri, sans-serif', '1', 'Ihr Text hierrut', '500', '140', '20', '0', 'Calibri, sans-serif', '1', '', '50', '55', '150', '0', '1', 'Ihr Text hier', '120', '20', 'Calibri, sans-serif', '', '1', '10', '90');
CREATE TABLE `reports` (  `id` varchar(13) COLLATE utf8_unicode_ci NOT NULL,  `type` varchar(20) COLLATE utf8_unicode_ci NOT NULL,  `user_id` varchar(13) COLLATE utf8_unicode_ci NOT NULL,  `title` text COLLATE utf8_unicode_ci NOT NULL,  `description` text COLLATE utf8_unicode_ci NOT NULL,  `status` varchar(20) COLLATE utf8_unicode_ci NOT NULL,  PRIMARY KEY (`id`)) ENGINE=InnoDB DEFAULT CHARSET=utf8 COLLATE=utf8_unicode_ci;
INSERT INTO `reports` VALUES('59eb2f1ee6597', 'request', '59ce8c11b145c', 'Test-Anfrage', 'Ich will:\r\nDas\r\nDas\r\nUnd auch das', 'finished');
INSERT INTO `reports` VALUES('59eb2fa2d3def', 'bug', '59ce8c11b145c', 'Test-Fehlerbericht', 'Punkt 1\r\nPunkt 2\r\nPunkt 3', 'finished');
INSERT INTO `reports` VALUES('59ed8318ef7c1', 'request', '59ce8fd2cbe9a', 'TOBI WICHTIG', 'Marketing -> Social Media Reiter\r\nMarketing -> Werbung -> Eigene Reiter und Daten/Text einfügen', 'finished');
INSERT INTO `reports` VALUES('59ed83b13e726', 'bug', '59ce8fd2cbe9a', 'CSS ', 'CSS ladet nicht immer neu.', 'finished');
INSERT INTO `reports` VALUES('59f0d5cf2ad46', 'request', '59ce8c11b145c', 'Stempelzeit', 'Gesamte Stempelzeit anzeigen', 'pending');
INSERT INTO `reports` VALUES('59f4add49b27d', 'request', '59ce8c11b145c', 'Staffelung Designer', '- Korrektes anzeigen von Staffelungen im Designer\r\n- Einzelpreis stetig anzeigen\r\n- Einzelpreis dynamisch ändern in abhängigkeit von Menge', 'finished');
INSERT INTO `reports` VALUES('5a1fbddb19fce', 'request', '59ce8f9eaba3a', 'Produkte Verkauf 2 Klick tooooo mannynyynyynyny!', 'U know what is the problem........\r\n\r\n(Punkte <3).................................', 'pending');
INSERT INTO `reports` VALUES('5a2047b953e83', 'request', '59ce8c11b145c', 'E-Mail Check', 'Test for valid e-mails in designer', 'finished');
INSERT INTO `reports` VALUES('5a280dba56785', 'request', '59ce8c11b145c', 'Gutscheincodes Designer', 'Add Coupon Codes in Designer', 'finished');
INSERT INTO `reports` VALUES('5a280dd3549e5', 'request', '59ce8c11b145c', 'Gutscheincodes ERP', 'Add Coupon Codes in ERP', 'pending');
CREATE TABLE `specials` (  `id` varchar(13) COLLATE utf8_unicode_ci NOT NULL,  `name` varchar(200) COLLATE utf8_unicode_ci NOT NULL,  `start` date NOT NULL,  `end` date NOT NULL,  `discount` float NOT NULL,  `order_limit` int(11) NOT NULL,  PRIMARY KEY (`id`)) ENGINE=InnoDB DEFAULT CHARSET=utf8 COLLATE=utf8_unicode_ci;
INSERT INTO `specials` VALUES('59dbb6106548d', 'Test-Special', '2000-01-01', '2000-02-01', '10', '0');
INSERT INTO `specials` VALUES('59dbb737d0fc1', 'Test-Weihnachtsspecial', '2017-12-01', '2017-12-25', '20', '120');
CREATE TABLE `timestamp` (  `id` varchar(13) COLLATE utf8_unicode_ci NOT NULL,  `user_id` varchar(13) COLLATE utf8_unicode_ci NOT NULL,  `come` datetime NOT NULL,  `go` datetime NOT NULL,  PRIMARY KEY (`id`)) ENGINE=InnoDB DEFAULT CHARSET=utf8 COLLATE=utf8_unicode_ci;
INSERT INTO `timestamp` VALUES('59d23bed98543', '59ce8c11b145c', '2017-10-02 15:15:25', '2017-10-02 16:40:03');
INSERT INTO `timestamp` VALUES('59d287c75b2fd', '59ce8c11b145c', '2017-10-02 20:39:03', '2017-10-02 21:59:01');
INSERT INTO `timestamp` VALUES('59d670de0d4da', '59ce8c11b145c', '2017-10-04 18:23:15', '2017-10-04 23:09:45');
INSERT INTO `timestamp` VALUES('59d671141b6eb', '59ce8c11b145c', '2017-10-05 14:21:32', '2017-10-05 19:23:14');
INSERT INTO `timestamp` VALUES('59d6715a52819', '59ce8c11b145c', '2017-10-05 17:52:26', '2017-10-05 20:29:43');
INSERT INTO `timestamp` VALUES('59d93e7f24b79', '59ce8c11b145c', '2017-10-07 09:21:15', '2017-10-07 12:03:45');
INSERT INTO `timestamp` VALUES('59d93e9ac3844', '59ce8c11b145c', '2017-10-07 14:56:12', '2017-10-07 18:26:14');
INSERT INTO `timestamp` VALUES('59d93ea0417f1', '59ce8c11b145c', '2017-10-07 20:52:48', '2017-10-07 23:55:38');
INSERT INTO `timestamp` VALUES('59da3e176e54a', '59ce8c11b145c', '2017-10-08 15:02:47', '2017-10-08 18:50:06');
INSERT INTO `timestamp` VALUES('59dba5d11a04d', '59ce8f96cb791', '2017-10-09 16:37:37', '2017-10-09 18:44:16');
INSERT INTO `timestamp` VALUES('59dc7acfed4c6', '59ce8fd2cbe9a', '2017-10-09 10:00:00', '2017-10-09 20:00:00');
INSERT INTO `timestamp` VALUES('59dc7c3a216b7', '59ce8fa616a11', '2017-10-10 07:52:26', '2017-10-10 07:52:46');
INSERT INTO `timestamp` VALUES('59dc7d6810775', '59ce8f96cb791', '2017-10-10 07:57:28', '2017-10-10 09:34:12');
INSERT INTO `timestamp` VALUES('59dc7d8a2f616', '59ce8c11b145c', '2017-10-10 07:58:02', '2017-10-10 08:40:06');
INSERT INTO `timestamp` VALUES('59dc7d8bbe413', '59ce8fd2cbe9a', '2017-10-10 07:58:03', '2017-10-11 09:33:18');
INSERT INTO `timestamp` VALUES('59dc7dbdad64b', '59ce8fe52e82b', '2017-10-10 07:58:53', '2017-10-10 08:19:30');
INSERT INTO `timestamp` VALUES('59dc7ddc5147d', '59ce8fdd5657c', '2017-10-10 07:59:24', '2017-10-10 08:19:36');
INSERT INTO `timestamp` VALUES('59dc7f2c9691e', '59ce8fa616a11', '2017-10-10 08:05:00', '2017-10-10 08:09:46');
INSERT INTO `timestamp` VALUES('59dc9586bcc0b', '59ce8fc91e63d', '2017-10-10 09:40:22', '2017-10-10 10:24:07');
INSERT INTO `timestamp` VALUES('59dcf64c2f26b', '59ce8c11b145c', '2017-10-10 17:46:43', '2017-10-10 18:24:12');
INSERT INTO `timestamp` VALUES('59de206c9d0bc', '59ce8fbe46f7f', '2017-10-11 13:45:16', '2017-10-11 13:45:27');
INSERT INTO `timestamp` VALUES('59de78627c0f1', '59ce8c11b145c', '2017-10-11 17:12:06', '2017-10-11 21:59:12');
INSERT INTO `timestamp` VALUES('59df0ac09261f', '59ce8fd2cbe9a', '2017-10-12 06:25:04', '2017-10-12 09:48:37');
INSERT INTO `timestamp` VALUES('59df0f3372744', '59ce8c11b145c', '2017-10-12 06:44:03', '2017-10-12 07:48:31');
INSERT INTO `timestamp` VALUES('59df13d1f15eb', '59ce8f9eaba3a', '2017-10-10 11:50:00', '2017-10-10 12:40:00');
INSERT INTO `timestamp` VALUES('59df143379d79', '59ce8f9eaba3a', '2017-10-03 12:15:00', '2017-10-03 12:50:00');
INSERT INTO `timestamp` VALUES('59df74aa40f28', '59ce8c11b145c', '2017-10-12 13:56:58', '2017-10-12 17:40:46');
INSERT INTO `timestamp` VALUES('59df7bd45cf9d', '59ce8f96cb791', '2017-10-12 14:27:32', '2017-10-12 15:13:21');
INSERT INTO `timestamp` VALUES('59e0a3e9733d7', '59ce8fb1c799d', '2017-10-13 11:30:49', '2017-10-13 12:05:11');
INSERT INTO `timestamp` VALUES('59e0a4e8e9581', '59ce8fc91e63d', '2017-10-13 11:35:04', '2017-10-13 12:09:29');
INSERT INTO `timestamp` VALUES('59e0ad56c0294', '59ce8f9eaba3a', '2017-10-13 13:00:00', '2017-10-13 14:00:00');
INSERT INTO `timestamp` VALUES('59e0ad8a889dc', '59ce8fe52e82b', '0000-00-00 00:00:00', '2017-10-13 12:14:43');
INSERT INTO `timestamp` VALUES('59e0ae0c54794', '59ce8fe52e82b', '2017-10-13 12:14:04', '2017-10-13 12:48:43');
INSERT INTO `timestamp` VALUES('59e224312b591', '59ce8fd2cbe9a', '2017-10-14 14:50:25', '2017-10-14 15:13:15');
INSERT INTO `timestamp` VALUES('59e45685eda96', '59ce8f9eaba3a', '2017-10-16 06:49:41', '2017-10-16 07:26:08');
INSERT INTO `timestamp` VALUES('59e463b2bbf2d', '59ce8fc91e63d', '2017-10-16 07:45:54', '2017-10-16 08:33:16');
INSERT INTO `timestamp` VALUES('59e46f6641221', '59ce8fa616a11', '2017-10-16 09:40:00', '2017-10-16 10:30:00');
INSERT INTO `timestamp` VALUES('59e4e7c12d608', '59ce8c11b145c', '2017-10-16 14:13:54', '2017-10-16 19:12:01');
INSERT INTO `timestamp` VALUES('59e789fc1db88', '59ce8c0a10306', '2017-10-18 17:06:04', '2017-10-18 17:06:51');
INSERT INTO `timestamp` VALUES('59e79e60e6599', '59ce8c11b145c', '2017-10-18 16:42:26', '2017-10-18 21:33:05');
INSERT INTO `timestamp` VALUES('59e83dd2b299a', '59ce8c0a10306', '2017-10-19 05:53:22', '2017-10-20 10:15:39');
INSERT INTO `timestamp` VALUES('59e83fb6e2385', '59ce8c11b145c', '2017-10-19 06:01:26', '2017-10-19 08:05:46');
INSERT INTO `timestamp` VALUES('59e83fc4a0557', '59ce8fd2cbe9a', '2017-10-19 06:01:40', '2017-10-19 07:52:40');
INSERT INTO `timestamp` VALUES('59e8405da9a31', '59ce8f9eaba3a', '2017-10-19 06:04:13', '2017-10-19 07:16:18');
INSERT INTO `timestamp` VALUES('59e85b00d154b', '59ce8fd2cbe9a', '2017-10-19 07:57:52', '2017-10-19 08:05:02');
INSERT INTO `timestamp` VALUES('59e85ca397ef4', '59ce8f9eaba3a', '2017-10-19 08:04:51', '2017-10-19 08:35:32');
INSERT INTO `timestamp` VALUES('59e8737d4178e', '59ce8fd2cbe9a', '2017-10-19 09:42:21', '2017-10-19 16:16:34');
INSERT INTO `timestamp` VALUES('59e8ad2aae31d', '59ce8f9eaba3a', '2017-10-19 13:48:26', '2017-10-19 14:12:13');
INSERT INTO `timestamp` VALUES('59e8baf99fbee', '59ce8f9eaba3a', '2017-10-19 14:47:21', '2017-10-19 16:20:08');
INSERT INTO `timestamp` VALUES('59e8cfe5bc9c8', '59ce8fd2cbe9a', '2017-10-19 16:16:37', '2017-10-20 09:24:18');
INSERT INTO `timestamp` VALUES('59e8f36bd7e08', '59ce8f9eaba3a', '2017-10-19 18:48:11', '2017-10-19 19:20:53');
INSERT INTO `timestamp` VALUES('59e90660accfc', '59ce8c11b145c', '2017-10-19 14:09:10', '2017-10-19 22:06:50');
INSERT INTO `timestamp` VALUES('59e9cccf5e93b', '59ce8c0a10306', '2017-10-20 10:15:43', '2017-10-20 17:01:07');
INSERT INTO `timestamp` VALUES('59ea2a9f4655d', '59ce8f9eaba3a', '2017-10-20 16:55:59', '2017-10-20 17:33:02');
INSERT INTO `timestamp` VALUES('59eb3018bfe4f', '59ce8f9eaba3a', '2017-10-21 11:31:36', '2017-10-21 12:01:17');
INSERT INTO `timestamp` VALUES('59eb4b7a7e2e4', '59ce8f9eaba3a', '2017-10-21 13:28:26', '2017-10-21 13:54:46');
INSERT INTO `timestamp` VALUES('59eca39918106', '59ce8c11b145c', '2017-10-21 11:05:12', '2017-10-21 15:39:06');
INSERT INTO `timestamp` VALUES('59eca3b8775d1', '59ce8c11b145c', '2017-10-22 13:54:22', '2017-10-22 15:57:02');
INSERT INTO `timestamp` VALUES('59edddf704cc2', '59ce8f9eaba3a', '2017-10-23 12:17:59', '2017-10-23 16:46:50');
INSERT INTO `timestamp` VALUES('59edf56c8098c', '59ce8c11b145c', '2017-10-23 13:15:00', '2017-10-23 15:58:12');
INSERT INTO `timestamp` VALUES('59edf56ecbc3a', '59ce8c11b145c', '2017-10-23 13:58:06', '2017-10-23 14:33:09');
INSERT INTO `timestamp` VALUES('59ee427886163', '59ce8c11b145c', '2017-10-23 14:33:02', '2017-10-23 16:44:45');
INSERT INTO `timestamp` VALUES('59eeda6c6556e', '59ce8c0a10306', '2017-10-24 06:15:08', '2017-10-24 08:54:43');
INSERT INTO `timestamp` VALUES('59ef5eeff0cf9', '59ce8fc91e63d', '2017-10-24 11:00:31', '2017-10-24 12:30:48');
INSERT INTO `timestamp` VALUES('59f0d59989b4e', '59ce8c11b145c', '2017-10-25 15:48:12', '2017-10-25 20:19:45');
INSERT INTO `timestamp` VALUES('59f2e9ab03665', '59ce8fa616a11', '2017-10-27 08:09:15', '2017-10-27 08:33:58');
INSERT INTO `timestamp` VALUES('59f2fdae73555', '59ce8c0a10306', '2017-10-27 09:34:38', '2017-10-27 09:35:02');
INSERT INTO `timestamp` VALUES('59f30e3a7f051', '59ce8c0a10306', '2017-10-27 10:45:14', '2017-11-08 11:20:01');
INSERT INTO `timestamp` VALUES('59f6f024a96ef', '59ce8fd2cbe9a', '2017-10-30 09:25:56', '2017-10-30 16:48:57');
INSERT INTO `timestamp` VALUES('59f7589e9ad8b', '59ce8fd2cbe9a', '2017-10-30 16:51:42', '2017-10-30 22:34:54');
INSERT INTO `timestamp` VALUES('59f86dd054b11', '59ce8c11b145c', '2017-10-29 14:21:06', '2017-10-29 17:06:05');
INSERT INTO `timestamp` VALUES('5a03fba9c2178', '59ce8c0a10306', '2017-11-09 06:54:33', '2017-11-13 15:04:41');
INSERT INTO `timestamp` VALUES('5a099b4ecd3c8', '59ce8fa616a11', '2017-11-13 13:17:02', '2017-11-13 15:48:43');
INSERT INTO `timestamp` VALUES('5a09b49810487', '59ce8c0a10306', '2017-11-13 15:04:56', '2017-11-13 15:05:08');
INSERT INTO `timestamp` VALUES('5a0bf8a976539', '59ce8f9eaba3a', '2017-11-15 08:19:53', '2017-11-15 11:37:26');
INSERT INTO `timestamp` VALUES('5a0c09538bd8e', '59ce8c0a10306', '2017-11-15 09:30:59', '2017-11-15 12:23:30');
INSERT INTO `timestamp` VALUES('5a0c325fae896', '59ce8c11b145c', '2017-11-15 09:40:08', '2017-11-15 12:14:26');
INSERT INTO `timestamp` VALUES('5a0c32664a86c', '59ce8c11b145c', '2017-11-15 12:26:14', '2017-11-15 13:23:16');
INSERT INTO `timestamp` VALUES('5a0c33a7ad6c6', '59ce8bf6ac404', '2017-11-15 12:31:35', '2017-11-15 13:06:00');
INSERT INTO `timestamp` VALUES('5a0c3563cac7a', '59ce8fd2cbe9a', '2017-11-15 12:38:59', '2017-11-16 07:34:13');
INSERT INTO `timestamp` VALUES('5a0eb6f705553', '59ce8f9eaba3a', '2017-11-17 10:16:23', '2017-11-17 10:29:12');
INSERT INTO `timestamp` VALUES('5a13e8b170cf0', '59ce8c0a10306', '2017-11-21 08:49:53', '2017-11-23 09:17:04');
INSERT INTO `timestamp` VALUES('5a168f2c42f0d', '59ce8fa616a11', '2017-11-23 07:45:00', '2017-11-23 10:00:00');
INSERT INTO `timestamp` VALUES('5a169237ce82e', '59ce8c0a10306', '2017-11-23 09:17:43', '2017-11-30 06:48:52');
INSERT INTO `timestamp` VALUES('5a1808d182449', '59ce8c11b145c', '2017-11-23 10:06:52', '2017-11-23 11:01:54');
INSERT INTO `timestamp` VALUES('5a1808ee6ea3f', '59ce8c11b145c', '2017-11-24 10:06:05', '2017-11-24 12:54:06');
INSERT INTO `timestamp` VALUES('5a2022a48d904', '59ce8c11b145c', '2017-11-30 15:24:20', '2017-11-30 16:12:15');
INSERT INTO `timestamp` VALUES('5a259d5f8a13c', '59ce8c0a10306', '2017-12-04 19:09:19', '2017-12-04 19:30:53');
INSERT INTO `timestamp` VALUES('5a266dcd7a80a', '59ce8c11b145c', '2017-12-05 09:58:37', '2017-12-05 12:06:02');
INSERT INTO `timestamp` VALUES('5a267986bbc7b', '59ce8c0a10306', '2017-12-05 10:48:38', '2017-12-05 10:52:45');
INSERT INTO `timestamp` VALUES('5a280a4d4ff8a', '59ce8c0a10306', '2017-12-06 15:18:37', '2017-12-06 19:07:37');
INSERT INTO `timestamp` VALUES('5a280e158d471', '59ce8c11b145c', '2017-12-06 15:26:12', '2017-12-06 16:33:00');
INSERT INTO `timestamp` VALUES('5a28fa95b1573', '59ce8fd2cbe9a', '2017-12-06 09:00:00', '2017-12-07 14:00:00');
CREATE TABLE `users` (  `id` varchar(13) COLLATE utf8_unicode_ci NOT NULL,  `first_name` varchar(50) COLLATE utf8_unicode_ci NOT NULL,  `last_name` varchar(50) COLLATE utf8_unicode_ci NOT NULL,  `email` varchar(100) COLLATE utf8_unicode_ci NOT NULL,  `password` varchar(100) COLLATE utf8_unicode_ci NOT NULL,  `stamped` tinyint(1) NOT NULL,  `current_ts_id` varchar(13) COLLATE utf8_unicode_ci NOT NULL,  PRIMARY KEY (`id`)) ENGINE=InnoDB DEFAULT CHARSET=utf8 COLLATE=utf8_unicode_ci;
INSERT INTO `users` VALUES('59ce8bf6ac404', 'Gabriel', 'Beljo', 'gabriel.beljo@wepen.at', '9bbe091b86976c5b98883994de3f188b7ed22cb6', '0', '5a0c33a7ad6c6');
INSERT INTO `users` VALUES('59ce8c0a10306', 'Florian', 'Druckenthaner', 'florian.druckenthaner@wepen.at', '9bbe091b86976c5b98883994de3f188b7ed22cb6', '0', '5a280a4d4ff8a');
INSERT INTO `users` VALUES('59ce8c11b145c', 'Tobias', 'Hattinger', 'tobias.hattinger@wepen.at', 'c7b308c7ebc6def0ad3509bfebed14ca9a4fb8b6', '0', '5a266dcd7a80a');
INSERT INTO `users` VALUES('59ce8f96cb791', 'Lorenz', 'Kothmayr', 'lorenz.kothmayr@wepen.at', '9adc4b5e67bc1555867177035122f58ddd53044e', '0', '59df7bd45cf9d');
INSERT INTO `users` VALUES('59ce8f9eaba3a', 'Felix', 'Lerchner', 'felix.lerchner@wepen.at', '04c2dc14cd7e4448c348e83eccbc9cc6a5857beb', '0', '5a0eb6f705553');
INSERT INTO `users` VALUES('59ce8fa616a11', 'Paul', 'Luger', 'paul.luger@wepen.at', '9bbe091b86976c5b98883994de3f188b7ed22cb6', '0', '5a168f2c42f0d');
INSERT INTO `users` VALUES('59ce8fb1c799d', 'Stjepan', 'Marcikic', 'stjepan.marcikic@wepen.at', '9bbe091b86976c5b98883994de3f188b7ed22cb6', '0', '59e0a3e9733d7');
INSERT INTO `users` VALUES('59ce8fb7b46e1', 'Florian', 'Pöll', 'florian.poell@wepen.at', '5a238cfec1b64c249d6c43a5adfe557f8470b2ab', '0', '');
INSERT INTO `users` VALUES('59ce8fbe46f7f', 'Rafet', 'Sadiku', 'rafet.sadiku@wepen.at', '9bbe091b86976c5b98883994de3f188b7ed22cb6', '0', '59de206c9d0bc');
INSERT INTO `users` VALUES('59ce8fc91e63d', 'Kilian', 'Truong', 'kilian.truong@wepen.at', '9bbe091b86976c5b98883994de3f188b7ed22cb6', '0', '59ef5eeff0cf9');
INSERT INTO `users` VALUES('59ce8fd2cbe9a', 'Manuel', 'Weißböck', 'manuel.weissboeck@wepen.at', '88b2f1a0af7ff4e98fbb3b52049279d1d7039fb5', '0', '5a0c3563cac7a');
INSERT INTO `users` VALUES('59ce8fdd5657c', 'Stojan', 'Zelenkic', 'stojan.zelenkic@wepen.at', '9bbe091b86976c5b98883994de3f188b7ed22cb6', '0', '59dc7ddc5147d');
INSERT INTO `users` VALUES('59ce8fe52e82b', 'Tobias', 'Zweimüller', 'tobias.zweimueller@wepen.at', '9bbe091b86976c5b98883994de3f188b7ed22cb6', '0', '59e0ae0c54794');
