CREATE TABLE `company_products` (  `id` varchar(13) COLLATE utf8_unicode_ci NOT NULL,  `product_nr` varchar(20) COLLATE utf8_unicode_ci NOT NULL,  `name` varchar(200) COLLATE utf8_unicode_ci NOT NULL,  `description` text COLLATE utf8_unicode_ci NOT NULL,  `comment` text COLLATE utf8_unicode_ci NOT NULL,  PRIMARY KEY (`id`)) ENGINE=InnoDB DEFAULT CHARSET=utf8 COLLATE=utf8_unicode_ci;
INSERT INTO `company_products` VALUES('59de59cf56656', 'WECP-1001', 'Etui', 'Einzelprodukt Etui\r\nKeine Stifte enthalten', '');
INSERT INTO `company_products` VALUES('59de606a1d224', 'WECP-1011', 'Kugelschreiber Blau', 'Blauer Kugelschreiber\r\nEinzelprodukt', '');
INSERT INTO `company_products` VALUES('59de60a546129', 'WECP-1012', 'Kugelschreiber Rot', 'Roter Kugelschreiber\r\nEinzelprodukt', '');
INSERT INTO `company_products` VALUES('59de62534a1e2', 'WECP-1013', 'Druckbleistift', 'Druckbleistift 0,5mm\r\nEinzelprodukt', '');
INSERT INTO `company_products` VALUES('59de62a0c9818', 'WECP-1021', 'Set', 'Box-Set:\r\n1x Kugelschreiber Blau\r\n1x Druckbleistift', '');
INSERT INTO `company_products` VALUES('59de62d1d780c', 'WECP-1022', 'Set', '	Box-Set:\r\n1x Kugelschreiber Rot\r\n1x Druckbleistift', '');
INSERT INTO `company_products` VALUES('59de63108da48', 'WECP-1023', 'Set', '	Box-Set:\r\n1x Kugelschreiber Blau\r\n1x Kugelschreiber Rot', '');
INSERT INTO `company_products` VALUES('59de6353e1774', 'WECP-1024', 'Set', 'Box-Set:\r\n2x Kugelschreiber Blau', '');
INSERT INTO `company_products` VALUES('59de637d8ccd0', 'WECP-1025', 'Set', 'Box-Set:\r\n2x Kugelschreiber Rot', '');
INSERT INTO `company_products` VALUES('59de63b036d71', 'WECP-1026', 'Set', 'Box-Set:\r\n2x Druckbleistift', '');
CREATE TABLE `customers` (  `id` varchar(13) COLLATE utf8_unicode_ci NOT NULL,  `order_nr` varchar(50) COLLATE utf8_unicode_ci NOT NULL,  `order_finished` tinyint(1) NOT NULL,  `gender` varchar(10) COLLATE utf8_unicode_ci NOT NULL,  `title` varchar(50) COLLATE utf8_unicode_ci NOT NULL,  `first_name` varchar(80) COLLATE utf8_unicode_ci NOT NULL,  `last_name` varchar(80) COLLATE utf8_unicode_ci NOT NULL,  `street` varchar(100) COLLATE utf8_unicode_ci NOT NULL,  `street_nr` varchar(10) COLLATE utf8_unicode_ci NOT NULL,  `city` varchar(100) COLLATE utf8_unicode_ci NOT NULL,  `plz` varchar(15) COLLATE utf8_unicode_ci NOT NULL,  `country` varchar(100) COLLATE utf8_unicode_ci NOT NULL,  `email` varchar(100) COLLATE utf8_unicode_ci NOT NULL,  `payment_method` varchar(20) COLLATE utf8_unicode_ci NOT NULL,  `payment_status` varchar(50) COLLATE utf8_unicode_ci NOT NULL,  `production_status` varchar(50) COLLATE utf8_unicode_ci NOT NULL,  `bill_status` varchar(20) COLLATE utf8_unicode_ci NOT NULL,  PRIMARY KEY (`id`)) ENGINE=InnoDB DEFAULT CHARSET=utf8 COLLATE=utf8_unicode_ci;
INSERT INTO `customers` VALUES('59db2df9aa28f', 'WEP-1710-1148832327', '1', 'Frau', 'Mag.', 'Elisabeth', 'Schwarz(SWAE)', '', '', '', '', '', 'paul.luger@htlvb.at', 'cash', 'pending', 'in_progress', 'pending');
INSERT INTO `customers` VALUES('59e7184681437', 'WEP-1710-2312606351', '1', 'Herr', '', 'Johannes', 'Molnar', '', '', '', '', '', 'johannes.molnar@htlvb.at', 'transfer', 'pending', 'in_progress', '');
INSERT INTO `customers` VALUES('59e73ad03f975', 'WEP-1710-2529735852', '1', 'Frau', '', 'Marianne', 'Kaltenbrunner', '', '', '', '', '', 'marianne.kaltenbrunner@htlvb.at', 'cash', 'pending', 'in_progress', '');
INSERT INTO `customers` VALUES('59e86e9f59929', 'WEP-1710-3290498414', '1', 'Herr', '', 'Roland', 'Pachinger', '', '', '', '', '', 'roland.pachinger@htlvb.at', 'cash', 'pending', 'in_progress', '');
INSERT INTO `customers` VALUES('59e8709f402c5', 'WEP-1710-2626953516', '1', 'Herr', '', 'Gabriele', 'Huber', '', '', '', '', '', 'gabriele.huber@htlvb.at', 'cash', 'pending', 'in_progress', '');
INSERT INTO `customers` VALUES('59e8716e84e80', 'WEP-1710-740270755', '1', 'Herr', '', 'Martin', 'Franke', '', '', '', '', '', 'martin.franke@htlvb.at', 'cash', 'pending', 'in_progress', '');
INSERT INTO `customers` VALUES('59e872259cb32', 'WEP-1710-3359240508', '1', 'Herr', '', 'Hermann', 'Bauernfeind', '', '', '', '', '', 'hermann.bauernfeind@htlvb.at', 'cash', 'pending', 'finished', '');
INSERT INTO `customers` VALUES('59e8ca86722f2', 'WEP-1710-115517000', '1', 'Herr', '', 'Tobias', 'Hattinger', 'Dörflstraße ', '48', 'Vöcklabruck', '4840', 'Austria', 'tobias.hattinger@wepen.at', 'transfer', 'pending', 'not_started', 'pending');
INSERT INTO `customers` VALUES('59e8cca2b3662', 'WEP-1710-1265381467', '1', 'Herr', 'Test', 'Leer', 'Test', 'Dörflstraße 48', '', 'Vöcklabruck', '', 'Austria', 'leer@test.at', 'cash', 'pending', 'not_started', 'pending');
INSERT INTO `customers` VALUES('59e8cfa03f527', 'WEP-1710-1963152782', '0', '', '', '', '', '', '', '', '', '', '', '', 'pending', 'not_started', 'pending');
INSERT INTO `customers` VALUES('59e8e9b174631', 'WEP-1710-1686542090', '0', '', '', '', '', '', '', '', '', '', '', '', 'pending', 'not_started', 'pending');
INSERT INTO `customers` VALUES('59e8e9bab8cca', 'WEP-1710-3836678523', '0', '', '', '', '', '', '', '', '', '', '', '', 'pending', 'not_started', 'pending');
INSERT INTO `customers` VALUES('59e8e9bea00ee', 'WEP-1710-3573644036', '0', '', '', '', '', '', '', '', '', '', '', '', 'pending', 'not_started', 'pending');
INSERT INTO `customers` VALUES('59e8e9decd079', 'WEP-1710-3930644805', '0', '', '', '', '', '', '', '', '', '', '', '', 'pending', 'not_started', 'pending');
INSERT INTO `customers` VALUES('59e8f87c6998b', 'WEP-1710-1982148758', '0', '', '', '', '', '', '', '', '', '', '', '', 'pending', 'not_started', 'pending');
CREATE TABLE `department_assigns` (  `id` varchar(13) COLLATE utf8_unicode_ci NOT NULL,  `user_id` varchar(13) COLLATE utf8_unicode_ci NOT NULL,  `department_id` varchar(13) COLLATE utf8_unicode_ci NOT NULL,  PRIMARY KEY (`id`)) ENGINE=InnoDB DEFAULT CHARSET=utf8 COLLATE=utf8_unicode_ci;
INSERT INTO `department_assigns` VALUES('59d0e4c00e085', '59ce8bf6ac404', '59d0d8ee1f3d8');
INSERT INTO `department_assigns` VALUES('59d0e4ccdd7ca', '59ce8f96cb791', '59d0d8ee1f3d8');
INSERT INTO `department_assigns` VALUES('59d0e4d5a7357', '59ce8fb1c799d', '59d0d8fd83056');
INSERT INTO `department_assigns` VALUES('59d0e4da78d45', '59ce8c0a10306', '59d0d8fd83056');
INSERT INTO `department_assigns` VALUES('59d0e4e011eb8', '59ce8fc91e63d', '59d0d8fd83056');
INSERT INTO `department_assigns` VALUES('59d0e4ec1f21a', '59ce8fb7b46e1', '59d0d8fa5bbe4');
INSERT INTO `department_assigns` VALUES('59d0e4f35a878', '59ce8fe52e82b', '59d0d8fa5bbe4');
INSERT INTO `department_assigns` VALUES('59d0e4f8a57d0', '59ce8fdd5657c', '59d0d8fa5bbe4');
INSERT INTO `department_assigns` VALUES('59d0e4ff5a8ec', '59ce8fd2cbe9a', '59d0d9011158f');
INSERT INTO `department_assigns` VALUES('59d0e50625be3', '59ce8fbe46f7f', '59d0d9011158f');
INSERT INTO `department_assigns` VALUES('59d0e50b54521', '59ce8c11b145c', '59d0d904d5e45');
INSERT INTO `department_assigns` VALUES('59d0e51442d68', '59ce8f9eaba3a', '59d0d904d5e45');
INSERT INTO `department_assigns` VALUES('59d0e51837a90', '59ce8f96cb791', '59d0d904d5e45');
INSERT INTO `department_assigns` VALUES('59d0e5224c58f', '59ce8f9eaba3a', '59d0d908d4e0b');
INSERT INTO `department_assigns` VALUES('59d0e558e9650', '59ce8c0a10306', '59d0d908d4e0b');
INSERT INTO `department_assigns` VALUES('59d0e55ff1d2e', '59ce8fa616a11', '59d0d90c86c3b');
INSERT INTO `department_assigns` VALUES('59d0e5657ab82', '59ce8fbe46f7f', '59d0d90c86c3b');
CREATE TABLE `departments` (  `id` varchar(13) COLLATE utf8_unicode_ci NOT NULL,  `department` varchar(100) COLLATE utf8_unicode_ci NOT NULL,  PRIMARY KEY (`id`)) ENGINE=InnoDB DEFAULT CHARSET=utf8 COLLATE=utf8_unicode_ci;
INSERT INTO `departments` VALUES('59d0d8ee1f3d8', 'Einkauf');
INSERT INTO `departments` VALUES('59d0d8fa5bbe4', 'Konstruktion');
INSERT INTO `departments` VALUES('59d0d8fd83056', 'Produktion');
INSERT INTO `departments` VALUES('59d0d9011158f', 'Marketing');
INSERT INTO `departments` VALUES('59d0d904d5e45', 'Administration');
INSERT INTO `departments` VALUES('59d0d908d4e0b', 'Buchhaltung');
INSERT INTO `departments` VALUES('59d0d90c86c3b', 'Verkauf');
CREATE TABLE `email_recievers` (  `id` varchar(13) COLLATE utf8_unicode_ci NOT NULL,  `user_id` varchar(13) COLLATE utf8_unicode_ci NOT NULL,  `mail_id` varchar(13) COLLATE utf8_unicode_ci NOT NULL,  PRIMARY KEY (`id`)) ENGINE=InnoDB DEFAULT CHARSET=utf8 COLLATE=utf8_unicode_ci;
INSERT INTO `email_recievers` VALUES('59cea58dc6189', '59ce8c11b145c', '59cea191ef660');
INSERT INTO `email_recievers` VALUES('59cea5965be5a', '59ce8f9eaba3a', '59cea191ef660');
INSERT INTO `email_recievers` VALUES('59cea59ec04c2', '59ce8f96cb791', '59cea191ef660');
INSERT INTO `email_recievers` VALUES('59cea5ab75d17', '59ce8bf6ac404', '59cea16fe1188');
INSERT INTO `email_recievers` VALUES('59cea5ad4e372', '59ce8c0a10306', '59cea16fe1188');
INSERT INTO `email_recievers` VALUES('59cea5af31023', '59ce8c11b145c', '59cea16fe1188');
INSERT INTO `email_recievers` VALUES('59cea5b1393d5', '59ce8f96cb791', '59cea16fe1188');
INSERT INTO `email_recievers` VALUES('59cea5b3579c8', '59ce8f9eaba3a', '59cea16fe1188');
INSERT INTO `email_recievers` VALUES('59cea5b574f43', '59ce8fa616a11', '59cea16fe1188');
INSERT INTO `email_recievers` VALUES('59cea5b7b2f51', '59ce8fb1c799d', '59cea16fe1188');
INSERT INTO `email_recievers` VALUES('59cea5ba6f2d4', '59ce8fb7b46e1', '59cea16fe1188');
INSERT INTO `email_recievers` VALUES('59cea5bce3796', '59ce8fbe46f7f', '59cea16fe1188');
INSERT INTO `email_recievers` VALUES('59cea5bf776b1', '59ce8fc91e63d', '59cea16fe1188');
INSERT INTO `email_recievers` VALUES('59cea5c1d3985', '59ce8fd2cbe9a', '59cea16fe1188');
INSERT INTO `email_recievers` VALUES('59cea5c417165', '59ce8fdd5657c', '59cea16fe1188');
INSERT INTO `email_recievers` VALUES('59cea5c62b67e', '59ce8fe52e82b', '59cea16fe1188');
INSERT INTO `email_recievers` VALUES('59cea5d547151', '59ce8fb7b46e1', '59cea1847d323');
INSERT INTO `email_recievers` VALUES('59cea5d982d72', '59ce8fe52e82b', '59cea1847d323');
INSERT INTO `email_recievers` VALUES('59cea5e479424', '59ce8fdd5657c', '59cea1847d323');
INSERT INTO `email_recievers` VALUES('59cea5f015cb5', '59ce8bf6ac404', '59cea18059bfc');
INSERT INTO `email_recievers` VALUES('59cea5f9041df', '59ce8f96cb791', '59cea18059bfc');
INSERT INTO `email_recievers` VALUES('59cea60c671fa', '59ce8c11b145c', '59cea18d9c29e');
INSERT INTO `email_recievers` VALUES('59cea611a5d87', '59ce8fbe46f7f', '59cea18d9c29e');
INSERT INTO `email_recievers` VALUES('59cea6169030c', '59ce8fd2cbe9a', '59cea18d9c29e');
INSERT INTO `email_recievers` VALUES('59cea622b5070', '59ce8f9eaba3a', '59cea199c859d');
INSERT INTO `email_recievers` VALUES('59cea627e3748', '59ce8c0a10306', '59cea199c859d');
INSERT INTO `email_recievers` VALUES('59cea62d441c4', '59ce8f96cb791', '59cea199c859d');
INSERT INTO `email_recievers` VALUES('59cea63947ecc', '59ce8fb1c799d', '59cea18931924');
INSERT INTO `email_recievers` VALUES('59cea64102ba0', '59ce8c0a10306', '59cea18931924');
INSERT INTO `email_recievers` VALUES('59cea6474cb22', '59ce8fc91e63d', '59cea18931924');
INSERT INTO `email_recievers` VALUES('59cea65470e25', '59ce8fa616a11', '59cea19e9da89');
INSERT INTO `email_recievers` VALUES('59cea659f26de', '59ce8fbe46f7f', '59cea19e9da89');
INSERT INTO `email_recievers` VALUES('59d0e498abdab', '59ce8bf6ac404', '59d0d8ee1f3d8');
CREATE TABLE `emails` (  `id` varchar(13) COLLATE utf8_unicode_ci NOT NULL,  `email` varchar(100) COLLATE utf8_unicode_ci NOT NULL,  PRIMARY KEY (`id`)) ENGINE=InnoDB DEFAULT CHARSET=utf8 COLLATE=utf8_unicode_ci;
INSERT INTO `emails` VALUES('59cea16fe1188', 'company@wepen.at');
INSERT INTO `emails` VALUES('59cea18059bfc', 'einkauf@wepen.at');
INSERT INTO `emails` VALUES('59cea1847d323', 'construction@wepen.at');
INSERT INTO `emails` VALUES('59cea18931924', 'production@wepen.at');
INSERT INTO `emails` VALUES('59cea18d9c29e', 'marketing@wepen.at');
INSERT INTO `emails` VALUES('59cea191ef660', 'administration@wepen.at');
INSERT INTO `emails` VALUES('59cea199c859d', 'office@wepen.at');
INSERT INTO `emails` VALUES('59cea19e9da89', 'verkauf@wepen.at');
CREATE TABLE `font_styles` (  `id` int(11) NOT NULL AUTO_INCREMENT,  `font` varchar(100) COLLATE utf8_unicode_ci NOT NULL,  `name` varchar(100) COLLATE utf8_unicode_ci NOT NULL,  PRIMARY KEY (`id`)) ENGINE=InnoDB AUTO_INCREMENT=12 DEFAULT CHARSET=utf8 COLLATE=utf8_unicode_ci;
INSERT INTO `font_styles` VALUES('1', 'Calibri, sans-serif', 'Calibri');
INSERT INTO `font_styles` VALUES('2', 'Georgia, serif', 'Georgia');
INSERT INTO `font_styles` VALUES('3', 'Times, serif', 'Times New Roman');
INSERT INTO `font_styles` VALUES('4', 'Arial, Helvetica, sans-serif', 'Arial');
INSERT INTO `font_styles` VALUES('5', 'cursive, sans-serif', 'Comic Sans');
INSERT INTO `font_styles` VALUES('6', 'Impact, Charcoal, sans-serif', 'Impact');
INSERT INTO `font_styles` VALUES('7', 'Tahoma, Geneva, sans-serif', 'Tahoma');
INSERT INTO `font_styles` VALUES('8', 'Helvetica, sans-serif', 'Helvetica');
INSERT INTO `font_styles` VALUES('9', 'Verdana, Geneva, sans-serif', 'Verdana');
INSERT INTO `font_styles` VALUES('10', 'Courier, monospace', 'Courier');
INSERT INTO `font_styles` VALUES('11', 'Monaco, monospace', 'Monaco');
CREATE TABLE `graduating` (  `id` varchar(13) COLLATE utf8_unicode_ci NOT NULL,  `product_id` varchar(13) COLLATE utf8_unicode_ci NOT NULL,  `amount` int(11) NOT NULL,  `price_per_item` float NOT NULL,  PRIMARY KEY (`id`)) ENGINE=InnoDB DEFAULT CHARSET=utf8 COLLATE=utf8_unicode_ci;
INSERT INTO `graduating` VALUES('59e7700de147c', '59e7700de0bc4', '1', '11.9');
INSERT INTO `graduating` VALUES('59e773b21d42c', '59de59cf56656', '1', '17.9');
INSERT INTO `graduating` VALUES('59e773d1b9280', '59de606a1d224', '1', '6.9');
INSERT INTO `graduating` VALUES('59e773d723c35', '59de60a546129', '1', '7.9');
INSERT INTO `graduating` VALUES('59e773dcc5d96', '59de62534a1e2', '1', '6.9');
INSERT INTO `graduating` VALUES('59e773e28acfd', '59de62a0c9818', '1', '25.9');
INSERT INTO `graduating` VALUES('59e7742188719', '59de62d1d780c', '1', '27.9');
INSERT INTO `graduating` VALUES('59e7742bcd414', '59de63108da48', '1', '27.9');
INSERT INTO `graduating` VALUES('59e7742f6933e', '59de6353e1774', '1', '25.9');
INSERT INTO `graduating` VALUES('59e77432d52aa', '59de637d8ccd0', '1', '29.9');
INSERT INTO `graduating` VALUES('59e7743721099', '59de63b036d71', '1', '25.9');
INSERT INTO `graduating` VALUES('59e774ac89ca9', '59e7700de0bc4', '1', '10');
INSERT INTO `graduating` VALUES('59e83e0c2950c', '59de62a0c9818', '5', '22.9');
INSERT INTO `graduating` VALUES('59e83e1180236', '59de62a0c9818', '10', '19.9');
INSERT INTO `graduating` VALUES('59e83e60d9cf2', '59de6353e1774', '5', '22.9');
INSERT INTO `graduating` VALUES('59e83e65cf3ba', '59de6353e1774', '10', '19.9');
INSERT INTO `graduating` VALUES('59e83e6f61275', '59de63b036d71', '5', '22.9');
INSERT INTO `graduating` VALUES('59e83e743eb7a', '59de63b036d71', '10', '19.9');
CREATE TABLE `items` (  `id` varchar(13) COLLATE utf8_unicode_ci NOT NULL,  `name` varchar(200) COLLATE utf8_unicode_ci NOT NULL,  `number` varchar(50) COLLATE utf8_unicode_ci NOT NULL,  `description` text COLLATE utf8_unicode_ci NOT NULL,  `unit` varchar(10) COLLATE utf8_unicode_ci NOT NULL,  `price` float NOT NULL,  `price_per_amt` int(5) NOT NULL,  `order_size` int(5) NOT NULL,  `material` varchar(20) COLLATE utf8_unicode_ci NOT NULL,  `weight` float NOT NULL,  `geometry` varchar(20) COLLATE utf8_unicode_ci NOT NULL,  `size` varchar(100) COLLATE utf8_unicode_ci NOT NULL,  `comment` text COLLATE utf8_unicode_ci NOT NULL,  `alert_amt` int(5) NOT NULL,  `stock` int(5) NOT NULL,  PRIMARY KEY (`id`)) ENGINE=InnoDB DEFAULT CHARSET=utf8 COLLATE=utf8_unicode_ci;
INSERT INTO `items` VALUES('59db84d273354', 'Holzbox', 'WEA-0001', 'Holzbox, Zukaufteil, unbearbeitet,\r\nhält 2 Stifte,\r\nScharniere: 2 Stk. in der Schachtel eingearbeitet ', 'Stk.', '600', '150', '150', 'Holz', '0', 'Quader', '00x00x00', 'Scharniere standardmäßig zu Steif', '20', '98');
INSERT INTO `items` VALUES('59db86a0c7623', 'Kugelschreiber-Hülle', 'WEA-0002', 'Hülle für Kugelschreiber\r\nAußenmaterial: Holz\r\nBlaue Mine bei Bestellung inkludiert', 'Stk.', '10', '50', '50', 'Sonstiges', '0', 'Sonstiges', '0', '', '10', '117');
INSERT INTO `items` VALUES('59db86ea0c1f6', 'Druckbleistift', 'WEA-0003', 'Druckbleistift\r\nMinengröße: 0,5mm\r\nMinen sind bei Bestellung inkludiert', 'Stk.', '10', '50', '50', 'Sonstiges', '0', 'Sonstiges', '0', '', '10', '30');
INSERT INTO `items` VALUES('59db8758dd5ff', 'Kugelschreiber-Mine (Blau)', 'WEA-0004', 'Blaue Mine für Artikel WEA-0002\r\nMine bei genannten Produkt inkludiert', 'Stk.', '5', '50', '50', 'Aluminium', '0', 'Sonstiges', '0', '', '10', '0');
INSERT INTO `items` VALUES('59db878c76af0', 'Kugelschreiber-Mine (Rot)', 'WEA-0005', 'Rote Mine für Artikel WEA-0002', 'Stk.', '5', '50', '50', 'Aluminium', '0', 'Sonstiges', '0', '', '10', '9');
CREATE TABLE `orders` (  `id` varchar(13) COLLATE utf8_unicode_ci NOT NULL,  `customer_id` varchar(13) COLLATE utf8_unicode_ci NOT NULL,  `product_id` varchar(13) COLLATE utf8_unicode_ci NOT NULL,  PRIMARY KEY (`id`)) ENGINE=InnoDB DEFAULT CHARSET=utf8 COLLATE=utf8_unicode_ci;
INSERT INTO `orders` VALUES('59da580dcce8c', '59da50c2e8f46', '59da57e757b7c');
INSERT INTO `orders` VALUES('59da581f2fcb2', '59da50c2e8f46', '59da581895fbd');
INSERT INTO `orders` VALUES('59da8580d07b1', '59da84904cf9a', '59da84dcb5699');
INSERT INTO `orders` VALUES('59da86069fe65', '59da84904cf9a', '59da85c174f4d');
INSERT INTO `orders` VALUES('59db19187d30f', '59db18b34f3d8', '59db18c4d1390');
INSERT INTO `orders` VALUES('59db1b3f5eee2', '59db1a6e853f2', '59db1afb76a5f');
INSERT INTO `orders` VALUES('59db1fc950c7f', '59db1d641189d', '59db1d9c97da9');
INSERT INTO `orders` VALUES('59db2c35c8c37', '59db2b6c3efff', '59db2c0ea6c4a');
INSERT INTO `orders` VALUES('59db2f550b8d9', '59db279d9820d', '59db2f224900b');
INSERT INTO `orders` VALUES('59db33403049b', '59db279d9820d', '59db329ad6cab');
INSERT INTO `orders` VALUES('59dc7bf66e40a', '59db2df9aa28f', '59dc7b58ab6e2');
INSERT INTO `orders` VALUES('59e1029603ac4', '59e101abe0a93', '59e1023480162');
INSERT INTO `orders` VALUES('59e24ef3de77f', '59e24ee7a2102', '59e24eefc3301');
INSERT INTO `orders` VALUES('59e63b5934457', '59e63ac8e5e18', '59e63afa85723');
INSERT INTO `orders` VALUES('59e7193527ba6', '59e7184681437', '59e7186273df0');
INSERT INTO `orders` VALUES('59e71f6a38697', '59e7185a59b20', '59e71f3ed8b9a');
INSERT INTO `orders` VALUES('59e721186fe36', '59e72049125dc', '59e720ac170fb');
INSERT INTO `orders` VALUES('59e843b550988', '59e83f51d5d16', '59e84399dc3bc');
INSERT INTO `orders` VALUES('59e870757e7f6', '59e86e9f59929', '59e86f9a805ba');
INSERT INTO `orders` VALUES('59e871326d783', '59e8709f402c5', '59e870aa19b43');
INSERT INTO `orders` VALUES('59e871c26b4c5', '59e8716e84e80', '59e8717fc5997');
INSERT INTO `orders` VALUES('59e87258a8ac3', '59e872259cb32', '59e87235eb915');
INSERT INTO `orders` VALUES('59e87328c6ff4', '59e73ad03f975', '59e872a3587d5');
INSERT INTO `orders` VALUES('59e8783786e6e', '59e877742e897', '59e877929063d');
INSERT INTO `orders` VALUES('59e8b0935e509', '59e7afb9140a1', '59e8b090152ed');
INSERT INTO `orders` VALUES('59e8ca86727e2', '59e8ca86722f2', '59e8ca86725da');
INSERT INTO `orders` VALUES('59e8ca9e95af0', '59e8ca9e957be', '59e8ca9e959ae');
INSERT INTO `orders` VALUES('59e8cb68d67e0', '59e8cb68d64cd', '59e8cb68d66d9');
INSERT INTO `orders` VALUES('59e8cca2b526c', '59e8cca2b3662', '59e8cca2b3845');
INSERT INTO `orders` VALUES('59e8cfa03f8aa', '59e8cfa03f527', '59e8cfa03f72c');
INSERT INTO `orders` VALUES('59e8e9b174a55', '59e8e9b174631', '59e8e9b1748c2');
INSERT INTO `orders` VALUES('59e8e9bab8ff1', '59e8e9bab8cca', '59e8e9bab8ee4');
INSERT INTO `orders` VALUES('59e8e9bea04e5', '59e8e9bea00ee', '59e8e9bea0365');
INSERT INTO `orders` VALUES('59e8e9decd3b3', '59e8e9decd079', '59e8e9decd295');
INSERT INTO `orders` VALUES('59e8f87c69c52', '59e8f87c6998b', '59e8f87c69b0c');
CREATE TABLE `product_contains_items` (  `id` varchar(13) COLLATE utf8_unicode_ci NOT NULL,  `product_id` varchar(13) COLLATE utf8_unicode_ci NOT NULL,  `item_id` varchar(13) COLLATE utf8_unicode_ci NOT NULL,  PRIMARY KEY (`id`)) ENGINE=InnoDB DEFAULT CHARSET=utf8 COLLATE=utf8_unicode_ci;
INSERT INTO `product_contains_items` VALUES('59de606d3059e', '59de606a1d224', '59db86a0c7623');
INSERT INTO `product_contains_items` VALUES('59de60706f39a', '59de606a1d224', '59db8758dd5ff');
INSERT INTO `product_contains_items` VALUES('59de60bb1dd48', '59de60a546129', '59db86a0c7623');
INSERT INTO `product_contains_items` VALUES('59de60be767ec', '59de60a546129', '59db878c76af0');
INSERT INTO `product_contains_items` VALUES('59de62581bb7c', '59de62534a1e2', '59db86ea0c1f6');
INSERT INTO `product_contains_items` VALUES('59de62a45d04d', '59de62a0c9818', '59db84d273354');
INSERT INTO `product_contains_items` VALUES('59de62a7ce776', '59de62a0c9818', '59db86a0c7623');
INSERT INTO `product_contains_items` VALUES('59de62ab1989e', '59de62a0c9818', '59db8758dd5ff');
INSERT INTO `product_contains_items` VALUES('59de62ad78503', '59de62a0c9818', '59db86ea0c1f6');
INSERT INTO `product_contains_items` VALUES('59de62d330cbe', '59de62d1d780c', '59db84d273354');
INSERT INTO `product_contains_items` VALUES('59de62d841352', '59de62d1d780c', '59db86a0c7623');
INSERT INTO `product_contains_items` VALUES('59de62dc72d03', '59de62d1d780c', '59db878c76af0');
INSERT INTO `product_contains_items` VALUES('59de62de723c2', '59de62d1d780c', '59db86ea0c1f6');
INSERT INTO `product_contains_items` VALUES('59de63129f758', '59de63108da48', '59db84d273354');
INSERT INTO `product_contains_items` VALUES('59de63160e9df', '59de63108da48', '59db86a0c7623');
INSERT INTO `product_contains_items` VALUES('59de632330eb4', '59de63108da48', '59db8758dd5ff');
INSERT INTO `product_contains_items` VALUES('59de63266b30c', '59de63108da48', '59db86a0c7623');
INSERT INTO `product_contains_items` VALUES('59de6328aa2a3', '59de63108da48', '59db878c76af0');
INSERT INTO `product_contains_items` VALUES('59de63551e7f6', '59de6353e1774', '59db84d273354');
INSERT INTO `product_contains_items` VALUES('59de635802249', '59de6353e1774', '59db86a0c7623');
INSERT INTO `product_contains_items` VALUES('59de635a5788d', '59de6353e1774', '59db8758dd5ff');
INSERT INTO `product_contains_items` VALUES('59de635c74eee', '59de6353e1774', '59db86a0c7623');
INSERT INTO `product_contains_items` VALUES('59de635f00792', '59de6353e1774', '59db8758dd5ff');
INSERT INTO `product_contains_items` VALUES('59de6384a4549', '59de637d8ccd0', '59db84d273354');
INSERT INTO `product_contains_items` VALUES('59de638726d1c', '59de637d8ccd0', '59db86a0c7623');
INSERT INTO `product_contains_items` VALUES('59de6389d0f5c', '59de637d8ccd0', '59db878c76af0');
INSERT INTO `product_contains_items` VALUES('59de638c5b2a2', '59de637d8ccd0', '59db86a0c7623');
INSERT INTO `product_contains_items` VALUES('59de638e54973', '59de637d8ccd0', '59db878c76af0');
INSERT INTO `product_contains_items` VALUES('59de63b1b5ff2', '59de63b036d71', '59db84d273354');
INSERT INTO `product_contains_items` VALUES('59de63b4008d3', '59de63b036d71', '59db86ea0c1f6');
INSERT INTO `product_contains_items` VALUES('59de63b5c9790', '59de63b036d71', '59db86ea0c1f6');
INSERT INTO `product_contains_items` VALUES('59de64e04347c', '59de64def2890', '59db84d273354');
INSERT INTO `product_contains_items` VALUES('59de64e387971', '59de64def2890', '59db86a0c7623');
INSERT INTO `product_contains_items` VALUES('59de64e5e6462', '59de64def2890', '59db8758dd5ff');
INSERT INTO `product_contains_items` VALUES('59de6b078a51e', '59de59cf56656', '59db84d273354');
CREATE TABLE `products` (  `id` varchar(13) COLLATE utf8_unicode_ci NOT NULL,  `box_set` varchar(100) COLLATE utf8_unicode_ci NOT NULL,  `amt_pen_b` int(3) NOT NULL,  `amt_pen_r` int(3) NOT NULL,  `amt_pencil` int(3) NOT NULL,  `amt_box` int(3) NOT NULL,  `show_text1` tinyint(1) NOT NULL,  `text1_t` varchar(200) COLLATE utf8_unicode_ci NOT NULL,  `text1_h` varchar(15) COLLATE utf8_unicode_ci NOT NULL,  `text1_v` varchar(15) COLLATE utf8_unicode_ci NOT NULL,  `text1_s` varchar(4) COLLATE utf8_unicode_ci NOT NULL,  `text1_r` varchar(4) COLLATE utf8_unicode_ci NOT NULL,  `text1_f` varchar(100) COLLATE utf8_unicode_ci NOT NULL,  `show_text2` tinyint(1) NOT NULL,  `text2_t` varchar(200) COLLATE utf8_unicode_ci NOT NULL,  `text2_h` varchar(15) COLLATE utf8_unicode_ci NOT NULL,  `text2_v` varchar(15) COLLATE utf8_unicode_ci NOT NULL,  `text2_s` varchar(4) COLLATE utf8_unicode_ci NOT NULL,  `text2_r` varchar(4) COLLATE utf8_unicode_ci NOT NULL,  `text2_f` varchar(100) COLLATE utf8_unicode_ci NOT NULL,  `show_logo` tinyint(1) NOT NULL,  `logo_i` varchar(100) COLLATE utf8_unicode_ci NOT NULL,  `logo_h` varchar(15) COLLATE utf8_unicode_ci NOT NULL,  `logo_v` varchar(15) COLLATE utf8_unicode_ci NOT NULL,  `logo_s` varchar(4) COLLATE utf8_unicode_ci NOT NULL,  `logo_r` varchar(4) COLLATE utf8_unicode_ci NOT NULL,  `show_textP` tinyint(1) NOT NULL,  `textP_t` varchar(100) COLLATE utf8_unicode_ci NOT NULL,  `textP_h` varchar(15) COLLATE utf8_unicode_ci NOT NULL,  `textP_s` varchar(4) COLLATE utf8_unicode_ci NOT NULL,  `textP_f` varchar(100) COLLATE utf8_unicode_ci NOT NULL,  `logoP_i` varchar(200) COLLATE utf8_unicode_ci NOT NULL,  `show_logoP` tinyint(1) NOT NULL,  `logoP_h` varchar(15) COLLATE utf8_unicode_ci NOT NULL,  `logoP_s` varchar(4) COLLATE utf8_unicode_ci NOT NULL,  PRIMARY KEY (`id`)) ENGINE=InnoDB DEFAULT CHARSET=utf8 COLLATE=utf8_unicode_ci ROW_FORMAT=COMPACT;
INSERT INTO `products` VALUES('59da57e757b7c', 'set', '2', '0', '0', '1', '1', 'Dies ist ein Testprodukt', '196', '31', '20', '0', 'Calibri, sans-serif', '1', 'Hattinger', '508', '136', '20', '0', 'Calibri, sans-serif', '1', '59da57e757efc.png', '240', '76', '150', '0', '1', 'Tobias Hattinger', '118', '20', 'Calibri, sans-serif', '59da57fce777b.png', '1', '7', '100');
INSERT INTO `products` VALUES('59da581895fbd', 'pen', '3', '3', '1', '0', '0', '', '', '', '', '', '', '0', '', '', '', '', '', '', '0', '', '', '', '', '', '1', 'Tobias Hattinger', '9', '20', 'Calibri, sans-serif', '', '0', '10', '100');
INSERT INTO `products` VALUES('59da84dcb5699', 'set', '1', '1', '0', '1', '1', 'MOLJ', '334', '25', '20', '0', 'Helvetica, sans-serif', '1', 'education on a higher level', '259', '134', '10', '0', 'Helvetica, sans-serif', '1', '59da84dcb5a55.png', '169', '8', '304', '0', '1', 'MOLJ', '83', '20', 'Calibri, sans-serif', '59da855b73364.png', '1', '3', '72');
INSERT INTO `products` VALUES('59da85c174f4d', 'set', '1', '0', '1', '1', '1', 'Johannes Molnar', '441', '146', '20', '0', 'Calibri, sans-serif', '0', 'Ihr Text hier', '203', '124', '20', '0', 'Calibri, sans-serif', '1', '59da85c175275.png', '253', '20', '150', '0', '0', ' ', '55', '20', 'Calibri, sans-serif', '59da85d98079b.png', '1', '11', '40');
INSERT INTO `products` VALUES('59db18c4d1390', 'set', '1', '0', '1', '1', '1', 'ABCD', '561', '143', '20', '0', 'Calibri, sans-serif', '0', 'Ihr Text hier', '500', '140', '20', '0', 'Calibri, sans-serif', '1', '59db18c4dc636.png', '55', '56', '150', '0', '1', 'ABCD', '115', '24', 'Calibri, sans-serif', '59db18f81849b.png', '1', '10', '92');
INSERT INTO `products` VALUES('59db1afb76a5f', 'set', '0', '0', '4', '2', '1', 'ThE cOcOnUt NuT iS a BiG bIg NuT', '32', '17', '20', '0', 'Calibri, sans-serif', '1', 'iF yOu EaT tOo MuCh YoU gEt VeRy FaT', '189', '134', '20', '0', 'Calibri, sans-serif', '1', '59db1afb9b90c.png', '25', '57', '150', '0', '1', 'COCONUT FAMILY', '90', '20', 'Calibri, sans-serif', '59db1b0e7215b.png', '1', '5', '73');
INSERT INTO `products` VALUES('59db1d9c97da9', 'box', '0', '0', '0', '1', '1', 'Tobias du Ratte ma kau de naumen und des nima noch links faschiam', '260', '10', '20', '0', 'Calibri, sans-serif', '1', 'Tobias Zweimüller', '500', '140', '20', '0', 'Calibri, sans-serif', '0', '59db1dffbfbbd.jpg', '50', '20', '154', '-180', '0', '', '', '', '', '', '0', '', '');
INSERT INTO `products` VALUES('59db2b153e0c1', '', '0', '0', '0', '0', '1', 'Ihr Text hier', '96', '50', '20', '0', 'Calibri, sans-serif', '1', 'Ihr Text hier', '500', '140', '20', '0', 'Calibri, sans-serif', '1', '59db2b153f38a.png', '0', '1', '440', '0', '0', '', '', '', '', '', '0', '', '');
INSERT INTO `products` VALUES('59db2b6737893', '', '0', '0', '0', '0', '0', '', '260', '10', '20', '0', 'Calibri, sans-serif', '1', 'TZ', '600.267', '144.9', '19', '-39', 'Calibri, sans-serif', '1', '59db2e42b5d74.jpg', '0', '-10', '113', '1', '1', 'Ihr Text hier', '120', '20', 'Calibri, sans-serif', '59db2fe0f0cf9.jpg', '1', '63', '58');
INSERT INTO `products` VALUES('59db2c0ea6c4a', 'set', '1', '0', '1', '1', '1', '4 school', '16', '136', '24', '0', 'Times, serif', '1', 'Katrin', '541', '139', '23', '0', 'Times, serif', '0', '', '50', '20', '150', '0', '1', 'Katrin', '160', '24', 'Times, serif', '', '0', '10', '100');
INSERT INTO `products` VALUES('59db2e0c59317', '', '0', '0', '0', '0', '1', 'Paul Luger', '207', '131', '31', '0', 'Courier, monospace', '0', 'Ihr Text hier', '500', '140', '20', '0', 'Calibri, sans-serif', '1', '59db2e0c59643.png', '12', '14', '193', '0', '1', 'Ihr Text hier', '120', '20', 'Calibri, sans-serif', '', '0', '10', '100');
INSERT INTO `products` VALUES('59db2f224900b', 'set', '1', '0', '1', '1', '1', 'Ihr Text hier', '260', '10', '20', '0', 'Calibri, sans-serif', '1', 'Ihr Text hier', '500', '140', '20', '0', 'Calibri, sans-serif', '0', '', '50', '20', '150', '0', '1', 'Ihr Text hier', '120', '20', 'Calibri, sans-serif', '', '0', '10', '100');
INSERT INTO `products` VALUES('59db329ad6cab', 'set', '12', '0', '0', '6', '1', 'KAAAaaaarrrrl....', '276.997', '32.9861', '20', '0', 'Calibri, sans-serif', '1', '*spuck-spuck*', '464.983', '62.9549', '20', '0', 'Calibri, sans-serif', '1', '59db329ad6fdb.png', '0', '0', '263', '0', '1', 'Warum hat der keine Hände mehr???', '120', '15', 'Calibri, sans-serif', '59db332eebf5e.png', '1', '66', '45');
INSERT INTO `products` VALUES('59dbd20c6c7e6', '', '0', '0', '0', '0', '1', 'Ihr Text hier', '73.9495', '59.4647', '10', '-18', 'Calibri, sans-serif', '1', 'Ihr Text hier', '334', '75', '20', '0', 'Calibri, sans-serif', '0', '', '50', '20', '150', '0', '1', 'Ihr Text hier', '30', '20', 'Calibri, sans-serif', '', '0', '30', '100');
INSERT INTO `products` VALUES('59dc7b58ab6e2', 'set', '1', '1', '0', '1', '0', 'Ihr Text hier', '260', '10', '20', '0', 'Calibri, sans-serif', '1', 'SWAE', '535', '132', '25', '0', 'Monaco, monospace', '1', '59dc7b58c4a2e.png', '23', '21', '150', '0', '1', 'SWAE', '166', '23', 'Monaco, monospace', '', '0', '10', '100');
INSERT INTO `products` VALUES('59dc84b3873cd', '', '0', '0', '0', '0', '1', 'Ihr Text hier', '260', '10', '20', '0', 'Calibri, sans-serif', '1', 'klmknjnkmnjknjnjnuo', '500', '140', '10', '-6', 'Calibri, sans-serif', '0', '', '50', '20', '150', '0', '1', 'Ihr Text hier', '120', '18', 'Calibri, sans-serif', '', '0', '10', '100');
INSERT INTO `products` VALUES('59dc919549561', '', '0', '0', '0', '0', '1', 'Ihr Text hier', '501', '146', '20', '0', 'Calibri, sans-serif', '1', 'Ihr Text hier', '187', '0', '20', '0', 'Tahoma, Geneva, sans-serif', '0', '', '50', '20', '150', '0', '0', '', '', '', '', '', '0', '', '');
INSERT INTO `products` VALUES('59dc9b5c565e7', '', '0', '0', '0', '0', '1', 'Ihr Text hier', '260', '10', '20', '0', 'Calibri, sans-serif', '1', 'Ihr Text hier', '500', '140', '20', '0', 'Calibri, sans-serif', '0', '', '50', '20', '150', '0', '1', 'Ihr Text hier', '120', '20', 'Calibri, sans-serif', '', '0', '10', '100');
INSERT INTO `products` VALUES('59dc9dfcd157f', '', '0', '0', '0', '0', '1', 'Ihr Text hier', '257', '10', '20', '0', 'Calibri, sans-serif', '1', 'Ihr Text hier', '500', '140', '19', '0', 'Calibri, sans-serif', '0', '', '50', '20', '220', '0', '1', 'Ihr Text hier', '120', '20', 'Calibri, sans-serif', '', '0', '10', '100');
INSERT INTO `products` VALUES('59dce796866ca', '', '0', '0', '0', '0', '0', 'Ihr Text hier', '361', '115', '19', '0', 'Calibri, sans-serif', '1', 'Ihr Text hier', '63', '33', '20', '0', 'Calibri, sans-serif', '0', '', '50', '20', '150', '0', '0', '', '', '', '', '', '0', '', '');
INSERT INTO `products` VALUES('59dde68235884', '', '0', '0', '0', '0', '1', 'Pimmelberger', '110', '69', '20', '0', 'Calibri, sans-serif', '1', 'Ihr Text hier', '500', '140', '20', '0', 'Calibri, sans-serif', '0', '', '50', '20', '150', '0', '1', 'Ihr Text hier', '174', '20', 'Calibri, sans-serif', '', '0', '10', '100');
INSERT INTO `products` VALUES('59de1ec9e32d3', '', '0', '0', '0', '0', '1', 'Ihr Text hier', '346', '133', '20', '0', 'Calibri, sans-serif', '0', 'Ihr Text hier', '215', '62', '16', '0', 'Calibri, sans-serif', '0', '', '50', '20', '150', '0', '0', '', '', '', '', '', '0', '', '');
INSERT INTO `products` VALUES('59de39810ee5d', '', '0', '0', '0', '0', '1', 'Ihr Text hier', '260', '10', '20', '0', 'Calibri, sans-serif', '1', 'Ihr Text hier', '500', '140', '20', '0', 'Calibri, sans-serif', '0', '', '50', '20', '150', '0', '1', 'Ihr Text hier', '120', '20', 'Calibri, sans-serif', '', '0', '10', '100');
INSERT INTO `products` VALUES('59df05b4428f8', '', '0', '0', '0', '0', '1', 'Ihr Text hier', '260', '10', '20', '0', 'Calibri, sans-serif', '1', 'Ihr Text hier', '500', '140', '20', '0', 'Calibri, sans-serif', '0', '', '50', '20', '150', '0', '1', 'Ihr Text hier', '120', '20', 'Calibri, sans-serif', '', '0', '10', '100');
INSERT INTO `products` VALUES('59df06e62f004', '', '0', '0', '0', '0', '1', 'Ihr Text hier', '260', '10', '20', '0', 'Calibri, sans-serif', '1', 'Ihr Text hier', '500', '140', '20', '0', 'Calibri, sans-serif', '0', '', '50', '55', '150', '0', '0', '', '', '', '', '', '0', '', '');
INSERT INTO `products` VALUES('59dfb28df04a5', '', '0', '0', '0', '0', '1', 'Ihr Text hier', '260', '10', '20', '0', 'Calibri, sans-serif', '1', 'Ihr Text hier', '500', '140', '20', '0', 'Calibri, sans-serif', '0', '', '50', '55', '150', '0', '0', '', '', '', '', '', '0', '', '');
INSERT INTO `products` VALUES('59dfcd37cb744', '', '0', '0', '0', '0', '1', 'Ihr Text hier', '260', '10', '20', '0', 'Calibri, sans-serif', '1', 'Ihr Text hier', '500', '140', '20', '0', 'Calibri, sans-serif', '0', '', '50', '55', '150', '0', '1', 'Ihr Text hier', '120', '20', 'Calibri, sans-serif', '', '0', '10', '90');
INSERT INTO `products` VALUES('59dfd37d28291', '', '0', '0', '0', '0', '0', 'Alisic Maid', '260', '10', '20', '0', 'Calibri, sans-serif', '1', 'Alisic Maid', '500', '140', '20', '0', 'Calibri, sans-serif', '0', '', '50', '55', '150', '0', '1', 'Alisic Maid', '120', '20', 'Calibri, sans-serif', '', '0', '10', '90');
INSERT INTO `products` VALUES('59e09946a00d4', '', '0', '0', '0', '0', '1', 'Ihr Text hier', '260', '10', '20', '0', 'Calibri, sans-serif', '1', 'TZ', '589.583', '138.133', '23', '-41', 'Calibri, sans-serif', '1', '59e09afbd88b1.jpg', '141', '-15', '110', '-90', '0', '', '', '', '', '', '0', '', '');
INSERT INTO `products` VALUES('59e09d7fa9dda', '', '0', '0', '0', '0', '1', 'Ihr Text hier', '260', '10', '20', '0', 'Calibri, sans-serif', '1', 'Ihr Text hier', '500', '140', '20', '0', 'Calibri, sans-serif', '0', '', '50', '55', '150', '0', '1', 'Ihr Text hier', '120', '20', 'Calibri, sans-serif', '', '0', '10', '90');
INSERT INTO `products` VALUES('59e1023480162', 'set', '1', '1', '0', '1', '1', '', '260', '10', '20', '0', 'Calibri, sans-serif', '1', '', '500', '140', '20', '0', 'Calibri, sans-serif', '0', '', '50', '55', '150', '0', '1', 'Christine Bauernfeind', '136', '20', 'Calibri, sans-serif', '', '0', '10', '90');
INSERT INTO `products` VALUES('59e24eefc3301', 'set', '1', '0', '1', '1', '1', 'Ihr Text hier', '260', '10', '20', '0', 'Calibri, sans-serif', '1', 'Ihr Text hier', '500', '140', '20', '0', 'Calibri, sans-serif', '0', '', '50', '55', '150', '0', '1', 'Ihr Text hier', '120', '20', 'Calibri, sans-serif', '', '0', '10', '90');
INSERT INTO `products` VALUES('59e31ae04db18', '', '0', '0', '0', '0', '0', '', '', '', '', '', '', '0', '', '', '', '', '', '', '0', '', '', '', '', '', '1', 'Ihr Text hier', '120', '20', 'Calibri, sans-serif', '', '0', '10', '90');
INSERT INTO `products` VALUES('59e31c23d8109', '', '0', '0', '0', '0', '0', 'Ihr Text hier', '355', '62', '20', '0', 'Calibri, sans-serif', '1', 'Stjepan Marcikic', '436', '143', '20', '0', 'Calibri, sans-serif', '1', '59e31c3131641.jpg', '14', '13', '272', '0', '1', 'Ihr Text hier', '120', '20', 'Calibri, sans-serif', '', '0', '10', '90');
INSERT INTO `products` VALUES('59e449364d6c6', '', '0', '0', '0', '0', '1', 'Ihr Text hier', '260', '10', '20', '0', 'Calibri, sans-serif', '1', 'Ihr Text hier', '500', '140', '20', '0', 'Calibri, sans-serif', '0', '', '50', '55', '150', '0', '1', 'Ihr Text hier', '120', '20', 'Calibri, sans-serif', '', '0', '10', '90');
INSERT INTO `products` VALUES('59e63304a6f03', '', '0', '0', '0', '0', '1', 'Ihr Text hier', '260', '10', '20', '0', 'Calibri, sans-serif', '1', 'Ihr Text hier', '500', '140', '20', '0', 'Calibri, sans-serif', '0', '', '50', '55', '150', '0', '0', '', '', '', '', '', '0', '', '');
INSERT INTO `products` VALUES('59e63afa85723', 'set', '1', '0', '1', '1', '1', 'Hallo', '260', '10', '42', '-180', 'Calibri, sans-serif', '1', 'Ihr Text hier', '500', '140', '20', '0', 'Calibri, sans-serif', '1', '59e63afaa5681.jpeg', '50', '55', '150', '0', '1', 'Ihr Text hier', '120', '20', 'Calibri, sans-serif', '', '0', '10', '90');
INSERT INTO `products` VALUES('59e64e909977b', '', '0', '0', '0', '0', '1', 'Mein neues Schreibset', '260', '10', '32', '0', 'Verdana, Geneva, sans-serif', '1', 'Ihr Text hier', '500', '140', '20', '0', 'Calibri, sans-serif', '0', '', '50', '55', '150', '0', '0', '', '', '', '', '', '0', '', '');
INSERT INTO `products` VALUES('59e717cd69997', '', '0', '0', '0', '0', '1', 'Ihr Text hier', '260', '10', '20', '0', 'Calibri, sans-serif', '1', 'Ihr Text hier', '500', '140', '20', '0', 'Calibri, sans-serif', '0', '', '50', '55', '150', '0', '1', 'Ihr Text hier', '120', '20', 'Calibri, sans-serif', '', '0', '10', '90');
INSERT INTO `products` VALUES('59e7186273df0', 'set', '1', '0', '1', '1', '0', 'Ihr Text hier', '260', '10', '20', '0', 'Calibri, sans-serif', '1', 'MOLJ', '526', '123', '20', '0', 'Calibri, sans-serif', '1', '59e718627a4bf.png', '43', '97', '150', '0', '1', 'MOLJ', '26', '20', 'Calibri, sans-serif', '', '0', '10', '90');
INSERT INTO `products` VALUES('59e71f3ed8b9a', 'set', '1', '0', '1', '1', '1', 'Ihr Text hier', '260', '10', '20', '0', 'Calibri, sans-serif', '1', 'Ihr Text hier', '500', '140', '20', '0', 'Calibri, sans-serif', '0', '', '50', '55', '150', '0', '1', 'Ihr Text hier', '120', '20', 'Calibri, sans-serif', '', '0', '10', '90');
INSERT INTO `products` VALUES('59e720ac170fb', 'set', '6', '6', '0', '6', '1', 'Meine Text da', '260', '10', '20', '0', 'Impact, Charcoal, sans-serif', '1', 'Viel schöne Name von mir schreibst du, kennst du mich?!', '272', '106', '20', '0', 'Impact, Charcoal, sans-serif', '1', '59e720ac173e5.png', '8', '53', '150', '0', '1', 'Ihr Text hier', '120', '20', 'Calibri, sans-serif', '', '0', '10', '90');
INSERT INTO `products` VALUES('59e7453e01d90', '', '0', '0', '0', '0', '1', 'Ihr Text hier', '260', '10', '20', '0', 'Calibri, sans-serif', '1', 'Ihr Text hier', '500', '140', '20', '0', 'Calibri, sans-serif', '0', '', '50', '55', '150', '0', '1', 'Ihr Text hier', '120', '20', 'Calibri, sans-serif', '', '0', '10', '90');
INSERT INTO `products` VALUES('59e84399dc3bc', '', '0', '0', '0', '0', '1', 'Ihr Text hier', '260', '10', '20', '0', 'Calibri, sans-serif', '1', 'Ihr Text hier', '500', '140', '20', '0', 'Calibri, sans-serif', '0', '', '50', '55', '150', '0', '1', 'Ihr Text hier', '120', '20', 'Calibri, sans-serif', '', '0', '10', '90');
INSERT INTO `products` VALUES('59e86f9a805ba', '', '0', '0', '0', '0', '0', 'Ihr Text hier', '260', '10', '20', '0', 'Calibri, sans-serif', '1', 'Roland Pachinger', '424', '132', '20', '0', 'Calibri, sans-serif', '1', '59e86f9a8228e.png', '18', '-22', '329', '0', '1', 'Roland Pachinger', '93', '20', 'Calibri, sans-serif', '', '0', '10', '90');
INSERT INTO `products` VALUES('59e870aa19b43', '', '0', '0', '0', '0', '0', 'Ihr Text hier', '260', '10', '20', '0', 'Calibri, sans-serif', '1', 'HUBG', '536', '126', '20', '0', 'Calibri, sans-serif', '1', '59e870aa19eb7.png', '5', '-69', '373', '0', '1', 'HUBG', '120', '20', 'Calibri, sans-serif', '', '0', '10', '90');
INSERT INTO `products` VALUES('59e8717fc5997', '', '0', '0', '0', '0', '0', 'Ihr Text hier', '260', '10', '20', '0', 'Calibri, sans-serif', '1', 'FRAM', '546', '138', '20', '0', 'Calibri, sans-serif', '1', '59e8717fc5c82.png', '0', '-53', '349', '0', '1', 'FRAM', '120', '20', 'Calibri, sans-serif', '', '0', '10', '90');
INSERT INTO `products` VALUES('59e87235eb915', '', '0', '0', '0', '0', '0', 'Ihr Text hier', '260', '10', '20', '0', 'Calibri, sans-serif', '1', 'BAUE', '546', '134', '20', '0', 'Calibri, sans-serif', '1', '59e87235ebcbb.png', '44', '-45', '338', '0', '1', 'BAUE', '120', '20', 'Calibri, sans-serif', '', '0', '10', '90');
INSERT INTO `products` VALUES('59e872a3587d5', '', '0', '0', '0', '0', '0', 'Ihr Text hier', '260', '10', '20', '0', 'Calibri, sans-serif', '1', 'Kaltenbrunner', '426', '143', '20', '0', 'Calibri, sans-serif', '1', '59e872e9ddcc4.png', '25', '12', '205', '0', '1', 'Kaltenbrunner', '120', '20', 'Calibri, sans-serif', '', '0', '10', '90');
INSERT INTO `products` VALUES('59e877929063d', '', '0', '0', '0', '0', '1', 'WICHTIGER TEST', '260', '10', '20', '0', 'Calibri, sans-serif', '1', 'Ihr Text hier', '500', '140', '20', '0', 'Calibri, sans-serif', '0', '', '50', '55', '150', '0', '1', 'Ihr Text !!!!!!!', '120', '20', 'Calibri, sans-serif', '', '0', '10', '90');
INSERT INTO `products` VALUES('59e8a16c78bad', '', '0', '0', '0', '0', '1', 'Ihr Text hier', '260', '10', '20', '0', 'Calibri, sans-serif', '1', 'Ihr Text hier', '500', '140', '20', '0', 'Calibri, sans-serif', '0', '', '50', '55', '150', '0', '0', '', '', '', '', '', '0', '', '');
INSERT INTO `products` VALUES('59e8ac077bb15', '', '0', '0', '0', '0', '1', 'Ihr Text hier', '260', '10', '20', '0', 'Calibri, sans-serif', '1', 'Ihr Text hier', '500', '127', '20', '0', 'Calibri, sans-serif', '0', '', '50', '55', '150', '0', '1', 'Ihr Text hier', '120', '20', 'Calibri, sans-serif', '', '0', '10', '90');
INSERT INTO `products` VALUES('59e8b090152ed', '', '0', '0', '0', '0', '1', 'Ihr Text hier', '260', '10', '20', '0', 'Calibri, sans-serif', '1', 'Ihr Text hier', '500', '140', '20', '0', 'Calibri, sans-serif', '0', '', '50', '55', '150', '0', '1', 'Ihr Text hier', '120', '20', 'Calibri, sans-serif', '', '0', '10', '90');
INSERT INTO `products` VALUES('59e8ca86725da', 'set', '2', '0', '2', '2', '1', 'Finaler Test', '260', '10', '20', '0', 'Calibri, sans-serif', '1', 'Digga', '500', '140', '20', '0', 'Calibri, sans-serif', '1', '59e8ca96098d9.png', '41', '70', '150', '0', '1', 'Stiiiift', '159', '20', 'Calibri, sans-serif', '', '1', '17', '90');
INSERT INTO `products` VALUES('59e8ca9e959ae', 'set', '1', '0', '1', '1', '1', 'Ihr Text hier', '260', '10', '20', '0', 'Calibri, sans-serif', '1', 'Ihr Text hier', '500', '140', '20', '0', 'Calibri, sans-serif', '1', '', '50', '55', '500', '-180', '1', 'Ihr Text hier', '159', '20', 'Calibri, sans-serif', '', '1', '212', '90');
INSERT INTO `products` VALUES('59e8cb68d66d9', 'set', '0', '0', '0', '0', '0', '', '', '', '', '', '', '0', '', '', '', '', '', '', '0', '', '', '', '', '', '0', '', '', '', '', '', '0', '', '');
INSERT INTO `products` VALUES('59e8cca2b3845', 'set', '0', '2', '0', '1', '0', 'Ihr Text hier', '471', '76', '43', '-62', 'Calibri, sans-serif', '0', 'Ihr Text hier', '33', '65', '45', '-33', 'Calibri, sans-serif', '0', '', '270', '29', '192', '-35', '0', 'Ihr Text hier', '120', '20', 'Calibri, sans-serif', '', '0', '10', '90');
INSERT INTO `products` VALUES('59e8cfa03f72c', 'set', '0', '0', '0', '0', '0', '', '', '', '', '', '', '0', '', '', '', '', '', '', '0', '', '', '', '', '', '0', '', '', '', '', '', '0', '', '');
INSERT INTO `products` VALUES('59e8e9b1748c2', 'set', '0', '0', '0', '0', '0', '', '', '', '', '', '', '0', '', '', '', '', '', '', '0', '', '', '', '', '', '0', '', '', '', '', '', '0', '', '');
INSERT INTO `products` VALUES('59e8e9bab8ee4', 'box', '0', '0', '0', '0', '0', '', '', '', '', '', '', '0', '', '', '', '', '', '', '0', '', '', '', '', '', '0', '', '', '', '', '', '0', '', '');
INSERT INTO `products` VALUES('59e8e9bea0365', 'pen', '0', '0', '0', '0', '0', '', '', '', '', '', '', '0', '', '', '', '', '', '', '0', '', '', '', '', '', '0', '', '', '', '', '', '0', '', '');
INSERT INTO `products` VALUES('59e8e9decd295', 'pen', '0', '0', '0', '0', '0', '', '', '', '', '', '', '0', '', '', '', '', '', '', '0', '', '', '', '', '', '0', '', '', '', '', '', '0', '', '');
INSERT INTO `products` VALUES('59e8f87c69b0c', 'set', '0', '0', '0', '0', '0', '', '', '', '', '', '', '0', '', '', '', '', '', '', '0', '', '', '', '', '', '0', '', '', '', '', '', '0', '', '');
CREATE TABLE `specials` (  `id` varchar(13) COLLATE utf8_unicode_ci NOT NULL,  `name` varchar(200) COLLATE utf8_unicode_ci NOT NULL,  `start` date NOT NULL,  `end` date NOT NULL,  `discount` float NOT NULL,  `order_limit` int(11) NOT NULL,  PRIMARY KEY (`id`)) ENGINE=InnoDB DEFAULT CHARSET=utf8 COLLATE=utf8_unicode_ci;
INSERT INTO `specials` VALUES('59dbb6106548d', 'Test-Special', '2000-01-01', '2000-02-01', '10', '0');
INSERT INTO `specials` VALUES('59dbb737d0fc1', 'Test-Weihnachtsspecial', '2017-12-01', '2017-12-25', '20', '120');
CREATE TABLE `timestamp` (  `id` varchar(13) COLLATE utf8_unicode_ci NOT NULL,  `user_id` varchar(13) COLLATE utf8_unicode_ci NOT NULL,  `come` datetime NOT NULL,  `go` datetime NOT NULL,  PRIMARY KEY (`id`)) ENGINE=InnoDB DEFAULT CHARSET=utf8 COLLATE=utf8_unicode_ci;
INSERT INTO `timestamp` VALUES('59d23bed98543', '59ce8c11b145c', '2017-10-02 15:15:25', '2017-10-02 16:40:03');
INSERT INTO `timestamp` VALUES('59d287c75b2fd', '59ce8c11b145c', '2017-10-02 20:39:03', '2017-10-02 21:59:01');
INSERT INTO `timestamp` VALUES('59d670de0d4da', '59ce8c11b145c', '2017-10-04 18:23:15', '2017-10-04 23:09:45');
INSERT INTO `timestamp` VALUES('59d671141b6eb', '59ce8c11b145c', '2017-10-05 14:21:32', '2017-10-05 19:23:14');
INSERT INTO `timestamp` VALUES('59d6715a52819', '59ce8c11b145c', '2017-10-05 17:52:26', '2017-10-05 20:29:43');
INSERT INTO `timestamp` VALUES('59d93e7f24b79', '59ce8c11b145c', '2017-10-07 09:21:15', '2017-10-07 12:03:45');
INSERT INTO `timestamp` VALUES('59d93e9ac3844', '59ce8c11b145c', '2017-10-07 14:56:12', '2017-10-07 18:26:14');
INSERT INTO `timestamp` VALUES('59d93ea0417f1', '59ce8c11b145c', '2017-10-07 20:52:48', '2017-10-07 23:55:38');
INSERT INTO `timestamp` VALUES('59da3e176e54a', '59ce8c11b145c', '2017-10-08 15:02:47', '2017-10-08 18:50:06');
INSERT INTO `timestamp` VALUES('59dba5d11a04d', '59ce8f96cb791', '2017-10-09 16:37:37', '2017-10-09 18:44:16');
INSERT INTO `timestamp` VALUES('59dc7acfed4c6', '59ce8fd2cbe9a', '2017-10-09 10:00:00', '2017-10-09 20:00:00');
INSERT INTO `timestamp` VALUES('59dc7c3a216b7', '59ce8fa616a11', '2017-10-10 07:52:26', '2017-10-10 07:52:46');
INSERT INTO `timestamp` VALUES('59dc7d6810775', '59ce8f96cb791', '2017-10-10 07:57:28', '2017-10-10 09:34:12');
INSERT INTO `timestamp` VALUES('59dc7d8a2f616', '59ce8c11b145c', '2017-10-10 07:58:02', '2017-10-10 08:40:06');
INSERT INTO `timestamp` VALUES('59dc7d8bbe413', '59ce8fd2cbe9a', '2017-10-10 07:58:03', '2017-10-11 09:33:18');
INSERT INTO `timestamp` VALUES('59dc7dbdad64b', '59ce8fe52e82b', '2017-10-10 07:58:53', '2017-10-10 08:19:30');
INSERT INTO `timestamp` VALUES('59dc7ddc5147d', '59ce8fdd5657c', '2017-10-10 07:59:24', '2017-10-10 08:19:36');
INSERT INTO `timestamp` VALUES('59dc7f2c9691e', '59ce8fa616a11', '2017-10-10 08:05:00', '2017-10-10 08:09:46');
INSERT INTO `timestamp` VALUES('59dc9586bcc0b', '59ce8fc91e63d', '2017-10-10 09:40:22', '2017-10-10 10:24:07');
INSERT INTO `timestamp` VALUES('59dcf64c2f26b', '59ce8c11b145c', '2017-10-10 17:46:43', '2017-10-10 18:24:12');
INSERT INTO `timestamp` VALUES('59de206c9d0bc', '59ce8fbe46f7f', '2017-10-11 13:45:16', '2017-10-11 13:45:27');
INSERT INTO `timestamp` VALUES('59de78627c0f1', '59ce8c11b145c', '2017-10-11 17:12:06', '2017-10-11 21:59:12');
INSERT INTO `timestamp` VALUES('59df0ac09261f', '59ce8fd2cbe9a', '2017-10-12 06:25:04', '2017-10-12 09:48:37');
INSERT INTO `timestamp` VALUES('59df0f3372744', '59ce8c11b145c', '2017-10-12 06:44:03', '2017-10-12 07:48:31');
INSERT INTO `timestamp` VALUES('59df13d1f15eb', '59ce8f9eaba3a', '2017-10-10 11:50:00', '2017-10-10 12:40:00');
INSERT INTO `timestamp` VALUES('59df143379d79', '59ce8f9eaba3a', '2017-10-03 12:15:00', '2017-10-03 12:50:00');
INSERT INTO `timestamp` VALUES('59df74aa40f28', '59ce8c11b145c', '2017-10-12 13:56:58', '2017-10-12 17:40:46');
INSERT INTO `timestamp` VALUES('59df7bd45cf9d', '59ce8f96cb791', '2017-10-12 14:27:32', '2017-10-12 15:13:21');
INSERT INTO `timestamp` VALUES('59e0a3e9733d7', '59ce8fb1c799d', '2017-10-13 11:30:49', '2017-10-13 12:05:11');
INSERT INTO `timestamp` VALUES('59e0a4e8e9581', '59ce8fc91e63d', '2017-10-13 11:35:04', '2017-10-13 12:09:29');
INSERT INTO `timestamp` VALUES('59e0ad56c0294', '59ce8f9eaba3a', '2017-10-13 13:00:00', '2017-10-13 14:00:00');
INSERT INTO `timestamp` VALUES('59e0ad8a889dc', '59ce8fe52e82b', '0000-00-00 00:00:00', '2017-10-13 12:14:43');
INSERT INTO `timestamp` VALUES('59e0ae0c54794', '59ce8fe52e82b', '2017-10-13 12:14:04', '2017-10-13 12:48:43');
INSERT INTO `timestamp` VALUES('59e224312b591', '59ce8fd2cbe9a', '2017-10-14 14:50:25', '2017-10-14 15:13:15');
INSERT INTO `timestamp` VALUES('59e45685eda96', '59ce8f9eaba3a', '2017-10-16 06:49:41', '2017-10-16 07:26:08');
INSERT INTO `timestamp` VALUES('59e463b2bbf2d', '59ce8fc91e63d', '2017-10-16 07:45:54', '2017-10-16 08:33:16');
INSERT INTO `timestamp` VALUES('59e46f6641221', '59ce8fa616a11', '2017-10-16 09:40:00', '2017-10-16 10:30:00');
INSERT INTO `timestamp` VALUES('59e4e7c12d608', '59ce8c11b145c', '2017-10-16 14:13:54', '2017-10-16 19:12:01');
INSERT INTO `timestamp` VALUES('59e789fc1db88', '59ce8c0a10306', '2017-10-18 17:06:04', '2017-10-18 17:06:51');
INSERT INTO `timestamp` VALUES('59e79e60e6599', '59ce8c11b145c', '2017-10-18 16:42:26', '2017-10-18 21:33:05');
INSERT INTO `timestamp` VALUES('59e83dd2b299a', '59ce8c0a10306', '2017-10-19 05:53:22', '0000-00-00 00:00:00');
INSERT INTO `timestamp` VALUES('59e83fb6e2385', '59ce8c11b145c', '2017-10-19 06:01:26', '2017-10-19 08:05:46');
INSERT INTO `timestamp` VALUES('59e83fc4a0557', '59ce8fd2cbe9a', '2017-10-19 06:01:40', '2017-10-19 07:52:40');
INSERT INTO `timestamp` VALUES('59e8405da9a31', '59ce8f9eaba3a', '2017-10-19 06:04:13', '2017-10-19 07:16:18');
INSERT INTO `timestamp` VALUES('59e85b00d154b', '59ce8fd2cbe9a', '2017-10-19 07:57:52', '2017-10-19 08:05:02');
INSERT INTO `timestamp` VALUES('59e85ca397ef4', '59ce8f9eaba3a', '2017-10-19 08:04:51', '2017-10-19 08:35:32');
INSERT INTO `timestamp` VALUES('59e8737d4178e', '59ce8fd2cbe9a', '2017-10-19 09:42:21', '2017-10-19 16:16:34');
INSERT INTO `timestamp` VALUES('59e8ad2aae31d', '59ce8f9eaba3a', '2017-10-19 13:48:26', '2017-10-19 14:12:13');
INSERT INTO `timestamp` VALUES('59e8baf99fbee', '59ce8f9eaba3a', '2017-10-19 14:47:21', '2017-10-19 16:20:08');
INSERT INTO `timestamp` VALUES('59e8cfe5bc9c8', '59ce8fd2cbe9a', '2017-10-19 16:16:37', '0000-00-00 00:00:00');
INSERT INTO `timestamp` VALUES('59e8f36bd7e08', '59ce8f9eaba3a', '2017-10-19 18:48:11', '2017-10-19 19:20:53');
INSERT INTO `timestamp` VALUES('59e90660accfc', '59ce8c11b145c', '2017-10-19 14:09:10', '2017-10-19 22:06:50');
CREATE TABLE `users` (  `id` varchar(13) COLLATE utf8_unicode_ci NOT NULL,  `first_name` varchar(50) COLLATE utf8_unicode_ci NOT NULL,  `last_name` varchar(50) COLLATE utf8_unicode_ci NOT NULL,  `email` varchar(100) COLLATE utf8_unicode_ci NOT NULL,  `password` varchar(100) COLLATE utf8_unicode_ci NOT NULL,  `stamped` tinyint(1) NOT NULL,  `current_ts_id` varchar(13) COLLATE utf8_unicode_ci NOT NULL,  PRIMARY KEY (`id`)) ENGINE=InnoDB DEFAULT CHARSET=utf8 COLLATE=utf8_unicode_ci;
INSERT INTO `users` VALUES('59ce8bf6ac404', 'Gabriel', 'Beljo', 'gabriel.beljo@wepen.at', '9bbe091b86976c5b98883994de3f188b7ed22cb6', '0', '');
INSERT INTO `users` VALUES('59ce8c0a10306', 'Florian', 'Druckenthaner', 'florian.druckenthaner@wepen.at', '9bbe091b86976c5b98883994de3f188b7ed22cb6', '1', '59e83dd2b299a');
INSERT INTO `users` VALUES('59ce8c11b145c', 'Tobias', 'Hattinger', 'tobias.hattinger@wepen.at', 'c7b308c7ebc6def0ad3509bfebed14ca9a4fb8b6', '0', '59e83fb6e2385');
INSERT INTO `users` VALUES('59ce8f96cb791', 'Lorenz', 'Kothmayr', 'lorenz.kothmayr@wepen.at', '9adc4b5e67bc1555867177035122f58ddd53044e', '0', '59df7bd45cf9d');
INSERT INTO `users` VALUES('59ce8f9eaba3a', 'Felix', 'Lerchner', 'felix.lerchner@wepen.at', '04c2dc14cd7e4448c348e83eccbc9cc6a5857beb', '0', '59e8f36bd7e08');
INSERT INTO `users` VALUES('59ce8fa616a11', 'Paul', 'Luger', 'paul.luger@wepen.at', '9bbe091b86976c5b98883994de3f188b7ed22cb6', '0', '59e46f6641221');
INSERT INTO `users` VALUES('59ce8fb1c799d', 'Stjepan', 'Marcikic', 'stjepan.marcikic@wepen.at', '9bbe091b86976c5b98883994de3f188b7ed22cb6', '0', '59e0a3e9733d7');
INSERT INTO `users` VALUES('59ce8fb7b46e1', 'Florian', 'Pöll', 'florian.poell@wepen.at', '9bbe091b86976c5b98883994de3f188b7ed22cb6', '0', '');
INSERT INTO `users` VALUES('59ce8fbe46f7f', 'Rafet', 'Sadiku', 'rafet.sadiku@wepen.at', '9bbe091b86976c5b98883994de3f188b7ed22cb6', '0', '59de206c9d0bc');
INSERT INTO `users` VALUES('59ce8fc91e63d', 'Kilian', 'Truong', 'kilian.truong@wepen.at', '9bbe091b86976c5b98883994de3f188b7ed22cb6', '0', '59e463b2bbf2d');
INSERT INTO `users` VALUES('59ce8fd2cbe9a', 'Manuel', 'Weißböck', 'manuel.weissboeck@wepen.at', '88b2f1a0af7ff4e98fbb3b52049279d1d7039fb5', '1', '59e8cfe5bc9c8');
INSERT INTO `users` VALUES('59ce8fdd5657c', 'Stojan', 'Zelenkic', 'stojan.zelenkic@wepen.at', '9bbe091b86976c5b98883994de3f188b7ed22cb6', '0', '59dc7ddc5147d');
INSERT INTO `users` VALUES('59ce8fe52e82b', 'Tobias', 'Zweimüller', 'tobias.zweimueller@wepen.at', '9bbe091b86976c5b98883994de3f188b7ed22cb6', '0', '59e0ae0c54794');
