CREATE TABLE `company_products` (  `id` varchar(13) COLLATE utf8_unicode_ci NOT NULL,  `product_nr` varchar(20) COLLATE utf8_unicode_ci NOT NULL,  `name` varchar(200) COLLATE utf8_unicode_ci NOT NULL,  `description` text COLLATE utf8_unicode_ci NOT NULL,  `comment` text COLLATE utf8_unicode_ci NOT NULL,  PRIMARY KEY (`id`)) ENGINE=InnoDB DEFAULT CHARSET=utf8 COLLATE=utf8_unicode_ci;
INSERT INTO `company_products` VALUES('5abb5e8cb2d93', 'WECP-HLMICRO', 'HiLight Micro', '', '');
CREATE TABLE `department_assigns` (  `id` varchar(13) COLLATE utf8_unicode_ci NOT NULL,  `user_id` varchar(13) COLLATE utf8_unicode_ci NOT NULL,  `department_id` varchar(13) COLLATE utf8_unicode_ci NOT NULL,  PRIMARY KEY (`id`)) ENGINE=InnoDB DEFAULT CHARSET=utf8 COLLATE=utf8_unicode_ci;
INSERT INTO `department_assigns` VALUES('59d0e4c00e085', '59ce8bf6ac404', '59d0d8ee1f3d8');
INSERT INTO `department_assigns` VALUES('59d0e4ccdd7ca', '59ce8f96cb791', '59d0d8ee1f3d8');
INSERT INTO `department_assigns` VALUES('59d0e4d5a7357', '59ce8fb1c799d', '59d0d8fd83056');
INSERT INTO `department_assigns` VALUES('59d0e4da78d45', '59ce8c0a10306', '59d0d8fd83056');
INSERT INTO `department_assigns` VALUES('59d0e4e011eb8', '59ce8fc91e63d', '59d0d8fd83056');
INSERT INTO `department_assigns` VALUES('59d0e4ec1f21a', '59ce8fb7b46e1', '59d0d8fa5bbe4');
INSERT INTO `department_assigns` VALUES('59d0e4f35a878', '59ce8fe52e82b', '59d0d8fa5bbe4');
INSERT INTO `department_assigns` VALUES('59d0e4f8a57d0', '59ce8fdd5657c', '59d0d8fa5bbe4');
INSERT INTO `department_assigns` VALUES('59d0e4ff5a8ec', '59ce8fd2cbe9a', '59d0d9011158f');
INSERT INTO `department_assigns` VALUES('59d0e50625be3', '59ce8fbe46f7f', '59d0d9011158f');
INSERT INTO `department_assigns` VALUES('59d0e50b54521', '59ce8c11b145c', '59d0d904d5e45');
INSERT INTO `department_assigns` VALUES('59d0e51442d68', '59ce8f9eaba3a', '59d0d904d5e45');
INSERT INTO `department_assigns` VALUES('59d0e51837a90', '59ce8f96cb791', '59d0d904d5e45');
INSERT INTO `department_assigns` VALUES('59d0e5224c58f', '59ce8f9eaba3a', '59d0d908d4e0b');
INSERT INTO `department_assigns` VALUES('59d0e558e9650', '59ce8c0a10306', '59d0d908d4e0b');
INSERT INTO `department_assigns` VALUES('59d0e55ff1d2e', '59ce8fa616a11', '59d0d90c86c3b');
INSERT INTO `department_assigns` VALUES('59d0e5657ab82', '59ce8fbe46f7f', '59d0d90c86c3b');
INSERT INTO `department_assigns` VALUES('59f0d507e3c15', '59ce8c11b145c', '59d0d9011158f');
INSERT INTO `department_assigns` VALUES('5a0c332b1f6e9', '59ce8fa616a11', '59d0d8ee1f3d8');
CREATE TABLE `departments` (  `id` varchar(13) COLLATE utf8_unicode_ci NOT NULL,  `department` varchar(100) COLLATE utf8_unicode_ci NOT NULL,  PRIMARY KEY (`id`)) ENGINE=InnoDB DEFAULT CHARSET=utf8 COLLATE=utf8_unicode_ci;
INSERT INTO `departments` VALUES('59d0d8ee1f3d8', 'Einkauf');
INSERT INTO `departments` VALUES('59d0d8fa5bbe4', 'Konstruktion');
INSERT INTO `departments` VALUES('59d0d8fd83056', 'Produktion');
INSERT INTO `departments` VALUES('59d0d9011158f', 'Marketing');
INSERT INTO `departments` VALUES('59d0d904d5e45', 'Administration');
INSERT INTO `departments` VALUES('59d0d908d4e0b', 'Buchhaltung');
INSERT INTO `departments` VALUES('59d0d90c86c3b', 'Verkauf');
CREATE TABLE `discount_codes` (  `id` varchar(13) NOT NULL,  `code` varchar(100) NOT NULL,  `discount_type` varchar(50) NOT NULL,  `discount_amount` int(10) NOT NULL,  `code_limit` int(11) NOT NULL,  `max_products` int(5) NOT NULL,  `allowed_products` varchar(200) NOT NULL,  PRIMARY KEY (`id`)) ENGINE=InnoDB DEFAULT CHARSET=latin1;
CREATE TABLE `email_recievers` (  `id` varchar(13) COLLATE utf8_unicode_ci NOT NULL,  `user_id` varchar(13) COLLATE utf8_unicode_ci NOT NULL,  `mail_id` varchar(13) COLLATE utf8_unicode_ci NOT NULL,  PRIMARY KEY (`id`)) ENGINE=InnoDB DEFAULT CHARSET=utf8 COLLATE=utf8_unicode_ci;
CREATE TABLE `emails` (  `id` varchar(13) COLLATE utf8_unicode_ci NOT NULL,  `email` varchar(100) COLLATE utf8_unicode_ci NOT NULL,  PRIMARY KEY (`id`)) ENGINE=InnoDB DEFAULT CHARSET=utf8 COLLATE=utf8_unicode_ci;
CREATE TABLE `font_styles` (  `id` int(11) NOT NULL AUTO_INCREMENT,  `font` varchar(100) COLLATE utf8_unicode_ci NOT NULL,  `name` varchar(100) COLLATE utf8_unicode_ci NOT NULL,  PRIMARY KEY (`id`)) ENGINE=InnoDB DEFAULT CHARSET=utf8 COLLATE=utf8_unicode_ci;
CREATE TABLE `graduating` (  `id` varchar(13) COLLATE utf8_unicode_ci NOT NULL,  `product_id` varchar(13) COLLATE utf8_unicode_ci NOT NULL,  `amount` int(11) NOT NULL,  `price_per_item` float NOT NULL,  PRIMARY KEY (`id`)) ENGINE=InnoDB DEFAULT CHARSET=utf8 COLLATE=utf8_unicode_ci;
INSERT INTO `graduating` VALUES('5abb5e8cb405e', '5abb5e8cb2d93', '1', '0');
CREATE TABLE `items` (  `id` varchar(13) COLLATE utf8_unicode_ci NOT NULL,  `name` varchar(200) COLLATE utf8_unicode_ci NOT NULL,  `number` varchar(50) COLLATE utf8_unicode_ci NOT NULL,  `description` text COLLATE utf8_unicode_ci NOT NULL,  `unit` varchar(10) COLLATE utf8_unicode_ci NOT NULL,  `price` float NOT NULL,  `price_per_amt` int(5) NOT NULL,  `order_size` int(5) NOT NULL,  `material` varchar(20) COLLATE utf8_unicode_ci NOT NULL,  `weight` float NOT NULL,  `geometry` varchar(20) COLLATE utf8_unicode_ci NOT NULL,  `size` varchar(100) COLLATE utf8_unicode_ci NOT NULL,  `comment` text COLLATE utf8_unicode_ci NOT NULL,  `alert_amt` int(5) NOT NULL,  `stock` int(5) NOT NULL,  PRIMARY KEY (`id`)) ENGINE=InnoDB DEFAULT CHARSET=utf8 COLLATE=utf8_unicode_ci;
INSERT INTO `items` VALUES('5abb5e27e6773', 'Widerstand', 'WEA-RES2k2', 'Wirderstand 2,2kO', 'Stk.', '0', '0', '0', 'Sonstiges', '0', 'Zylinder', '0', '', '0', '0');
INSERT INTO `items` VALUES('5abb5e4eadfe8', 'Transistor 2N2222', 'WEA-TRS2N2222', 'Transistor NPN 2N2222', 'Stk.', '0', '0', '0', 'Holz', '0', 'W√ºrfel', '0', '', '0', '0');
CREATE TABLE `language_lib` (  `keyword` varchar(255) COLLATE utf8_unicode_ci NOT NULL,  `DE` varchar(255) COLLATE utf8_unicode_ci NOT NULL,  `EN` varchar(255) COLLATE utf8_unicode_ci NOT NULL,  PRIMARY KEY (`keyword`)) ENGINE=InnoDB DEFAULT CHARSET=utf8 COLLATE=utf8_unicode_ci;
INSERT INTO `language_lib` VALUES('', '', '');
INSERT INTO `language_lib` VALUES(' Kommentare/Hinweise f&uuml;r ihre Bestellung hier hinterlassen', 'Kommentare/Hinweise f&uuml;r ihre Bestellung hier hinterlassen', ' Leave comments / notes for your order here');
INSERT INTO `language_lib` VALUES(' Sie erhalten ihren Gutschein per E-Mail zugesendet.', ' Sie erhalten ihren Gutschein per E-Mail zugesendet.', 'You will receive your voucher by e-mail.');
INSERT INTO `language_lib` VALUES('&Ouml;sterreich', '&Ouml;sterreich', 'Austria');
INSERT INTO `language_lib` VALUES('&Uuml;bersicht', '&Uuml;bersicht', 'Overview');
INSERT INTO `language_lib` VALUES('&Uuml;berweisung', '&Uuml;berweisung', 'Transaction');
INSERT INTO `language_lib` VALUES('1', '1', '');
INSERT INTO `language_lib` VALUES('√ñsterreich', '√ñsterreich', 'Austria');
INSERT INTO `language_lib` VALUES('Abbrechen', 'Abbrechen', 'Cancel');
INSERT INTO `language_lib` VALUES('Abgeschlossen', 'Abgeschlossen', 'Finished');
INSERT INTO `language_lib` VALUES('Abma√üe', 'Abma√üe', 'Size');
INSERT INTO `language_lib` VALUES('Abmelden', 'Abmelden', 'Logout');
INSERT INTO `language_lib` VALUES('Abmessungen', 'Abmessungen', 'Size');
INSERT INTO `language_lib` VALUES('Absenden', 'Absenden', 'Send');
INSERT INTO `language_lib` VALUES('Absolut', 'Absolut', 'Absolute');
INSERT INTO `language_lib` VALUES('Abstand Links', 'Abstand Links', 'Dist. Left');
INSERT INTO `language_lib` VALUES('Abstand Oben', 'Abstand Oben', 'Dist. Top');
INSERT INTO `language_lib` VALUES('Abstempeln', 'Abstempeln', 'Stamp off');
INSERT INTO `language_lib` VALUES('Abteilungen', 'Abteilungen', 'Department');
INSERT INTO `language_lib` VALUES('Abteilungszugeh&ouml;rigkeit Eintragen', 'Abteilungszugeh&ouml;rigkeit Eintragen', 'Enter Department-Assignation');
INSERT INTO `language_lib` VALUES('Abteilungszuweisung', 'Abteilungszuweisung', 'Department Assign');
INSERT INTO `language_lib` VALUES('Account', 'Account', 'Account');
INSERT INTO `language_lib` VALUES('Achtung: Passwort bei erstem Login: \"123abc\". Bitte gleich nach Anmelden unter \"Account\" &auml;ndern!', 'Achtung: Passwort bei erstem Login: \"123abc\". Bitte gleich nach Anmelden unter \"Account\" &auml;ndern!', 'Attention: Password at first login: \"123abc\". Please change immediately after login under \"Account\"!');
INSERT INTO `language_lib` VALUES('Admin', 'Admin', 'Admin');
INSERT INTO `language_lib` VALUES('Administration', 'Administration', 'Administration');
INSERT INTO `language_lib` VALUES('aktuell', 'aktuell', 'currently');
INSERT INTO `language_lib` VALUES('Aktuelle Arbeitszeit', 'Aktuelle Arbeitszeit', 'Current working Time');
INSERT INTO `language_lib` VALUES('Aktueller Lagerbestand', 'Aktueller Lagerbestand', 'Available Stock');
INSERT INTO `language_lib` VALUES('Alle Abteilungen', 'Alle Abteilungen', 'All Departments');
INSERT INTO `language_lib` VALUES('Alle anzeigen', 'Alle anzeigen', 'Show all');
INSERT INTO `language_lib` VALUES('Alle Bestellungen', 'Alle Bestellungen', 'All Orders');
INSERT INTO `language_lib` VALUES('Alle Stempelzeiten', 'Alle Stempelzeiten', 'All Timestamps');
INSERT INTO `language_lib` VALUES('Als ausstehend markieren', 'Als ausstehend markieren', 'Mark as pending');
INSERT INTO `language_lib` VALUES('Als erledigt markieren', 'Als erledigt markieren', 'Mark as done');
INSERT INTO `language_lib` VALUES('Aluminium', 'Aluminium', 'Aluminium');
INSERT INTO `language_lib` VALUES('Anfrage abschicken', 'Anfrage abschicken', 'Send Request');
INSERT INTO `language_lib` VALUES('Anfragen / Verbesserungsvorschl√§ge', 'Anfragen / Verbesserungsvorschl√§ge', 'Requests');
INSERT INTO `language_lib` VALUES('Angebot schreiben', 'Angebot schreiben', 'Write offer');
INSERT INTO `language_lib` VALUES('Angebote', 'Angebote', 'Offers');
INSERT INTO `language_lib` VALUES('Angemeldet als', 'Angemeldet als', 'Signed in as');
INSERT INTO `language_lib` VALUES('Angestempelt seit', 'Angestempelt seit', 'Stamped in since');
INSERT INTO `language_lib` VALUES('Anmelden', 'Anmelden', 'Log in');
INSERT INTO `language_lib` VALUES('Anmerkung', 'Anmerkung', 'Comment');
INSERT INTO `language_lib` VALUES('Anrede', 'Anrede', 'Salutation');
INSERT INTO `language_lib` VALUES('Anschrift', 'Anschrift', 'Adress');
INSERT INTO `language_lib` VALUES('Anstempeln', 'Anstempeln', 'Stamp in');
INSERT INTO `language_lib` VALUES('Anzeigen', 'Anzeigen', 'Show');
INSERT INTO `language_lib` VALUES('√úbersicht', '√úbersicht', 'Overview');
INSERT INTO `language_lib` VALUES('√úberweisung', '√úberweisung', 'Transfer');
INSERT INTO `language_lib` VALUES('Arbeitszeit wird nicht angerechnet', 'Arbeitszeit wird nicht angerechnet', 'Worktime is not added');
INSERT INTO `language_lib` VALUES('Arbeitszeiten unter 10s werden nicht angerechnet', 'Arbeitszeiten unter 10s werden nicht angerechnet', 'Working hours under 10s are not counted');
INSERT INTO `language_lib` VALUES('Artikel', 'Artikel', 'Article');
INSERT INTO `language_lib` VALUES('Artikel Anlegen', 'Artikel Anlegen', 'Add Item');
INSERT INTO `language_lib` VALUES('Artikel ausw√§hlen', 'Artikel ausw√§hlen', 'Choose items');
INSERT INTO `language_lib` VALUES('Artikel Hinzuf√ºgen', 'Artikel Hinzuf√ºgen', 'Add Item');
INSERT INTO `language_lib` VALUES('Artikel Hinzuf√ºgen/Entfernen', 'Artikel Hinzuf√ºgen/Entfernen', 'Add/Remove item');
INSERT INTO `language_lib` VALUES('Artikel L&ouml;schen', 'Artikel L&ouml;schen', 'Delete item');
INSERT INTO `language_lib` VALUES('Artikel-Bezeichnung', 'Artikel-Bezeichnung', 'Item-Description');
INSERT INTO `language_lib` VALUES('Artikel-Name', 'Artikel-Name', 'Item-Name');
INSERT INTO `language_lib` VALUES('Artikel-Nr', 'Artikel-Nr', 'Item-Nr');
INSERT INTO `language_lib` VALUES('Artikel-Nummer', 'Artikel-Nummer', 'Item-Number');
INSERT INTO `language_lib` VALUES('Auftrag L√∂schen', 'Auftrag L√∂schen', 'Delete Order');
INSERT INTO `language_lib` VALUES('Auftraggeber', 'Auftraggeber', 'Customer');
INSERT INTO `language_lib` VALUES('Auftrags-Nr', 'Auftrags-Nr', 'Order-Nr');
INSERT INTO `language_lib` VALUES('Ausstehend', 'Ausstehend', 'Pending');
INSERT INTO `language_lib` VALUES('Barzahlung', 'Barzahlung', 'Cash');
INSERT INTO `language_lib` VALUES('Bearbeiten', 'Bearbeiten', 'Edit');
INSERT INTO `language_lib` VALUES('Bearbeitungsgeb&uuml;hr', 'Bearbeitungsgeb&uuml;hr', 'Processing fee');
INSERT INTO `language_lib` VALUES('Bearbeitungskosten', 'Bearbeitungskosten', 'Processing fees');
INSERT INTO `language_lib` VALUES('Bei √úbergabe', 'Bei √úbergabe', 'At handover');
INSERT INTO `language_lib` VALUES('Bei Best√§tigung wird dieser Auftrag zur√ºck auf \"Neue Bestellungen\" verwiesen', 'Bei Best√§tigung wird dieser Auftrag zur√ºck auf \"Neue Bestellungen\" verwiesen', 'Upon confirmation, this order will be referred back to \"New orders\"');
INSERT INTO `language_lib` VALUES('Bei Best√§tigung wird dieser Auftrag zur√ºck auf \"Verkaufsbereit\" verwiesen', 'Bei Best√§tigung wird dieser Auftrag zur√ºck auf \"Verkaufsbereit\" verwiesen', 'Upon confirmation, this order will be referred back to \"ready to sell\"');
INSERT INTO `language_lib` VALUES('Bei weiteren Fragen wenden Sie sich an', 'Bei weiteren Fragen wenden Sie sich an', 'If you have further questions, please contact');
INSERT INTO `language_lib` VALUES('Ben√∂tigte Artikel aus Lager entfernen<br><sub>(Standard)', 'Ben√∂tigte Artikel aus Lager entfernen<br><sub>(Standard)', 'Remove required items from warehouse<br><sub>(Default)');
INSERT INTO `language_lib` VALUES('Ben√∂tigte Artikel zum Lager hinzuf√ºgen<br><sub>(Standard)</sub>', 'Ben√∂tigte Artikel zum Lager hinzuf√ºgen<br><sub>(Standard)</sub>', 'Add required items to warehouse<br><sub>(Default)</sub>');
INSERT INTO `language_lib` VALUES('Beschreibung', 'Beschreibung', 'Description');
INSERT INTO `language_lib` VALUES('Bestand OK', 'Bestand OK', 'Stock OK');
INSERT INTO `language_lib` VALUES('Bestehend aus 2 Stiften und dazugeh&ouml;rigem Etui<br>im Wert von 24,90&euro;', 'Bestehend aus 2 Stiften und dazugeh&ouml;rigem Etui<br>im Wert von 24,90&euro;', 'Consisting of 2 pens and matching case <br> worth 24.90 &euro;');
INSERT INTO `language_lib` VALUES('Bestehend aus 2 Stiften<br>und dazugeh&ouml;rigem Etui', 'Bestehend aus 2 Stiften<br>und dazugeh&ouml;rigem Etui', 'Consisting of 2 pens<br>and matching case ');
INSERT INTO `language_lib` VALUES('Bestell-Gr√∂√üe', 'Bestell-Gr√∂√üe', 'Order-Size');
INSERT INTO `language_lib` VALUES('Bestell-Nr', 'Bestell-Nr', 'Order-Nr');
INSERT INTO `language_lib` VALUES('Bestelldaten', 'Bestelldaten', 'Order data');
INSERT INTO `language_lib` VALUES('Bestellung abschlie&szlig;en', 'Bestellung abschlie&szlig;en', 'Complete Order');
INSERT INTO `language_lib` VALUES('Bestellung abschlie√üen', 'Bestellung abschlie√üen', 'Complete Order');
INSERT INTO `language_lib` VALUES('Bestellung Ausw√§hlen', 'Bestellung Ausw√§hlen', 'Choose order');
INSERT INTO `language_lib` VALUES('Bestellung Nr', 'Bestellung Nr', 'Order-Nr');
INSERT INTO `language_lib` VALUES('Bestellungen', 'Bestellungen', 'Orders');
INSERT INTO `language_lib` VALUES('Bestellungen in Arbeit', 'Bestellungen in Arbeit', 'Orders in production');
INSERT INTO `language_lib` VALUES('Bestellungen Versandbereit', 'Bestellungen Versandbereit', 'Orders ready for shipping');
INSERT INTO `language_lib` VALUES('Betrag', 'Betrag', 'Sum');
INSERT INTO `language_lib` VALUES('Betrag/Prozent-Abzug (‚Ç¨/%)', 'Betrag/Prozent-Abzug (‚Ç¨/%)', 'Absolute/Percentual Discount');
INSERT INTO `language_lib` VALUES('Betreff / Titel', 'Betreff / Titel', 'Subject');
INSERT INTO `language_lib` VALUES('Bezahlt', 'Bezahlt', 'Paid');
INSERT INTO `language_lib` VALUES('Bild-Element', 'Bild-Element', 'Image-Element');
INSERT INTO `language_lib` VALUES('Bild-Element + Download', 'Bild-Element + Download', 'Image-Element + Download');
INSERT INTO `language_lib` VALUES('Bildbeschreibung', 'Bildbeschreibung', 'Image description');
INSERT INTO `language_lib` VALUES('Bitte √úberweisen Sie den unten angegebenen Betrag auf das unten angegebene Konto', 'Bitte √úberweisen Sie den unten angegebenen Betrag auf das unten angegebene Konto', 'Please transfer the money to the account below');
INSERT INTO `language_lib` VALUES('Blackboard', 'Blackboard', 'Blackboard');
INSERT INTO `language_lib` VALUES('Blau', 'Blau', 'blue');
INSERT INTO `language_lib` VALUES('Box', 'Box', 'Case');
INSERT INTO `language_lib` VALUES('Box einzel', 'Box einzel', 'Case single');
INSERT INTO `language_lib` VALUES('Box: Logo', 'Box: Logo', 'Case: Logo');
INSERT INTO `language_lib` VALUES('Box: Text 1', 'Box: Text 1', 'Case: Text 1');
INSERT INTO `language_lib` VALUES('Box: Text 2', 'Box: Text 2', 'Case: Text 2');
INSERT INTO `language_lib` VALUES('Breite', 'Breite', 'Width');
INSERT INTO `language_lib` VALUES('Buchhaltung', 'Buchhaltung', 'Accounting');
INSERT INTO `language_lib` VALUES('Bug Report', 'Bug Report', 'Bug report');
INSERT INTO `language_lib` VALUES('Code L√∂schen', 'Code L√∂schen', 'Delete code');
INSERT INTO `language_lib` VALUES('Datei ausw&auml;hlen', 'Datei ausw&auml;hlen', 'Choose file');
INSERT INTO `language_lib` VALUES('Datei ausw√§hlen', 'Datei ausw√§hlen', 'Choose file');
INSERT INTO `language_lib` VALUES('Datei hochladen', 'Datei hochladen', 'Upload file');
INSERT INTO `language_lib` VALUES('Datei(en) ausw&auml;hlen', 'Datei(en) ausw&auml;hlen', '');
INSERT INTO `language_lib` VALUES('Daten', 'Daten', 'Data');
INSERT INTO `language_lib` VALUES('Deine Abteilungen', 'Deine Abteilungen', 'Your departments');
INSERT INTO `language_lib` VALUES('Deine E-Mail Adresse', 'Deine E-Mail Adresse', 'Your E-Mail adresses');
INSERT INTO `language_lib` VALUES('Deine Stempelzeiten', 'Deine Stempelzeiten', 'Your timestamps');
INSERT INTO `language_lib` VALUES('Design Bearbeiten', 'Design Bearbeiten', 'Edit design');
INSERT INTO `language_lib` VALUES('Designer', 'Designer', 'Designer');
INSERT INTO `language_lib` VALUES('Deutsch', 'Deutsch', 'German');
INSERT INTO `language_lib` VALUES('Deutschland', 'Deutschland', 'Germany');
INSERT INTO `language_lib` VALUES('Die Summe der Gutscheine bel&auml;uft sich auf', 'Die Summe der Gutscheine bel&auml;uft sich auf', 'The sum of the vouchers amounts to');
INSERT INTO `language_lib` VALUES('Die Zahlung findet bei &Uuml;bergabe des Artikels statt', 'Die Zahlung findet bei &Uuml;bergabe des Artikels statt', 'The payment takes place upon delivery of the article');
INSERT INTO `language_lib` VALUES('Die Zahlung findet bei √úbergabe des Artikels statt.', 'Die Zahlung findet bei √úbergabe des Artikels statt.', 'The payment takes place upon delivery of the article.');
INSERT INTO `language_lib` VALUES('Dieses Element verwenden', 'Dieses Element verwenden', 'Use this element');
INSERT INTO `language_lib` VALUES('Dieses Feature wird noch nicht unterst&uuml;tzt', 'Dieses Feature wird noch nicht unterst&uuml;tzt', 'This feature is not supported yet');
INSERT INTO `language_lib` VALUES('Done', 'Done', 'Done');
INSERT INTO `language_lib` VALUES('Download', 'Download', 'Download');
INSERT INTO `language_lib` VALUES('Download Logo Box', 'Download Logo Box', 'Download Logo Case');
INSERT INTO `language_lib` VALUES('Download Logo Stift', 'Download Logo Stift', 'Download Logo Pen');
INSERT INTO `language_lib` VALUES('Druckbleistift', 'Druckbleistift', 'Pencil');
INSERT INTO `language_lib` VALUES('Druckbleistifte', 'Druckbleistifte', 'Pencils');
INSERT INTO `language_lib` VALUES('E-Mail', 'E-Mail', 'E-Mail');
INSERT INTO `language_lib` VALUES('E-Mail Link Eintragen', 'E-Mail Link Eintragen', 'Add E-Mail - Link');
INSERT INTO `language_lib` VALUES('E-Mails', 'E-Mails', 'E-Mails');
INSERT INTO `language_lib` VALUES('E-Mails an folgende Adressen werden an dich weitergeleitet', 'E-Mails an folgende Adressen werden an dich weitergeleitet', 'Emails to the following addresses will be forwarded to you');
INSERT INTO `language_lib` VALUES('Eingegangene Bestellungen', 'Eingegangene Bestellungen', 'Received orders');
INSERT INTO `language_lib` VALUES('Einkauf', 'Einkauf', 'Purchase');
INSERT INTO `language_lib` VALUES('Einstellungen', 'Einstellungen', 'Settings');
INSERT INTO `language_lib` VALUES('Eintrag Aktualisieren', 'Eintrag Aktualisieren', 'Update entry');
INSERT INTO `language_lib` VALUES('Eintrag Bearbeiten', 'Eintrag Bearbeiten', 'Edit entry');
INSERT INTO `language_lib` VALUES('Eintrag Erg&auml;nzen', 'Eintrag Erg&auml;nzen', 'Update Entry');
INSERT INTO `language_lib` VALUES('Eintrag L&ouml;schen', 'Eintrag L&ouml;schen', 'Delete entry');
INSERT INTO `language_lib` VALUES('Einzelprodukt', 'Einzelprodukt', 'Single product');
INSERT INTO `language_lib` VALUES('Element aktualisieren', 'Element aktualisieren', 'Update element');
INSERT INTO `language_lib` VALUES('Element bearbeiten', 'Element bearbeiten', 'Edit element');
INSERT INTO `language_lib` VALUES('Element hinzuf√ºgen', 'Element hinzuf√ºgen', 'Add element');
INSERT INTO `language_lib` VALUES('Email Empf&auml;nger', 'Email Empf&auml;nger', 'E-Mail Recievers');
INSERT INTO `language_lib` VALUES('Email Empf√§nger', 'Email Empf√§nger', 'E-Mail Recievers');
INSERT INTO `language_lib` VALUES('Empf√§nger', 'Empf√§nger', 'Reciever');
INSERT INTO `language_lib` VALUES('Enddatum', 'Enddatum', 'End date');
INSERT INTO `language_lib` VALUES('Englisch', 'Englisch', 'English');
INSERT INTO `language_lib` VALUES('Erh√§lt Mails von', 'Erh√§lt Mails von', 'Recieves mails from');
INSERT INTO `language_lib` VALUES('Etui', 'Etui', 'Case');
INSERT INTO `language_lib` VALUES('Etui gestalten', 'Etui gestalten', 'Case-Designer');
INSERT INTO `language_lib` VALUES('Fehler melden', 'Fehler melden', 'Report errors');
INSERT INTO `language_lib` VALUES('Fertigstellung', 'Fertigstellung', 'Completion');
INSERT INTO `language_lib` VALUES('Fertigung', 'Fertigung', 'Production');
INSERT INTO `language_lib` VALUES('Firma', 'Firma', 'Company');
INSERT INTO `language_lib` VALUES('Firmenname', 'Firmenname', 'Company-Name');
INSERT INTO `language_lib` VALUES('Form', 'Form', 'Shape');
INSERT INTO `language_lib` VALUES('Frau', 'Frau', 'Madam');
INSERT INTO `language_lib` VALUES('Fremde Abteilungen', 'Fremde Abteilungen', 'Other departments');
INSERT INTO `language_lib` VALUES('Fremde Stempelzeiten', 'Fremde Stempelzeiten', 'Other timestamps');
INSERT INTO `language_lib` VALUES('Fullsize Textfeld', 'Fullsize Textfeld', 'Fullsize Textfield');
INSERT INTO `language_lib` VALUES('Gegangen', 'Gegangen', 'Went');
INSERT INTO `language_lib` VALUES('Gehen', 'Gehen', 'Go');
INSERT INTO `language_lib` VALUES('Gekommen', 'Gekommen', 'Came');
INSERT INTO `language_lib` VALUES('Gekommen am', 'Gekommen am', 'Came on');
INSERT INTO `language_lib` VALUES('Generell', 'Generell', 'General');
INSERT INTO `language_lib` VALUES('Gesamt', 'Gesamt', 'Total');
INSERT INTO `language_lib` VALUES('Gewicht', 'Gewicht', 'Weight');
INSERT INTO `language_lib` VALUES('Gr&ouml;&szlig;e', 'Gr&ouml;&szlig;e', 'Size');
INSERT INTO `language_lib` VALUES('Gutschein', 'Gutschein', 'Voucher');
INSERT INTO `language_lib` VALUES('Gutschein f&uuml;r ein beliebiges Produkt kaufen', 'Gutschein f&uuml;r ein beliebiges Produkt kaufen', 'Buy voucher for any product');
INSERT INTO `language_lib` VALUES('Gutschein f&uuml;r ein WEPEN-Set', 'Gutschein f&uuml;r ein WEPEN-Set', 'Buy voucher for a WEPEN-Set');
INSERT INTO `language_lib` VALUES('Gutschein Kaufen', 'Gutschein Kaufen', 'Buy voucher');
INSERT INTO `language_lib` VALUES('Gutschein-Code', 'Gutschein-Code', 'Discount code');
INSERT INTO `language_lib` VALUES('Gutscheincode', 'Gutscheincode', 'Discount code');
INSERT INTO `language_lib` VALUES('Gutscheincode einl√∂sen', 'Gutscheincode einl√∂sen', 'Redeem voucher');
INSERT INTO `language_lib` VALUES('Gutscheincode Erstellen', 'Gutscheincode Erstellen', 'Create discount code');
INSERT INTO `language_lib` VALUES('Gutscheincode Hinzuf√ºgen', 'Gutscheincode Hinzuf√ºgen', 'Add discount code');
INSERT INTO `language_lib` VALUES('Gutscheine', 'Gutscheine', 'Vouchers');
INSERT INTO `language_lib` VALUES('Halbprodukt bearbeiten', 'Halbprodukt bearbeiten', '');
INSERT INTO `language_lib` VALUES('Halbprodukt l&ouml;schen', 'Halbprodukt l&ouml;schen', '');
INSERT INTO `language_lib` VALUES('Halbprodukte', 'Halbprodukte', '');
INSERT INTO `language_lib` VALUES('Halbprodukte anzeigen', 'Halbprodukte anzeigen', '');
INSERT INTO `language_lib` VALUES('Halbprodukte;semiproducts', 'Halbprodukte;semiproducts', '');
INSERT INTO `language_lib` VALUES('Herr', 'Herr', 'Sir');
INSERT INTO `language_lib` VALUES('Heutige Bestellungen', 'Heutige Bestellungen', 'Todays orders');
INSERT INTO `language_lib` VALUES('Hier Klicken um Abzustempeln', 'Hier Klicken um Abzustempeln', 'Click here to stamp out');
INSERT INTO `language_lib` VALUES('Hier Klicken um Anzustempeln', 'Hier Klicken um Anzustempeln', 'Click here to stamp in');
INSERT INTO `language_lib` VALUES('Hilfsmittel', 'Hilfsmittel', '');
INSERT INTO `language_lib` VALUES('Hilfsmittel anzeigen', 'Hilfsmittel anzeigen', '');
INSERT INTO `language_lib` VALUES('Hilfsmittel bearbeiten', 'Hilfsmittel bearbeiten', '');
INSERT INTO `language_lib` VALUES('Hilfsmittel l&ouml;schen', 'Hilfsmittel l&ouml;schen', '');
INSERT INTO `language_lib` VALUES('Hilfsmittel;support', 'Hilfsmittel;support', '');
INSERT INTO `language_lib` VALUES('Hinzuf√ºgen', 'Hinzuf√ºgen', 'Add');
INSERT INTO `language_lib` VALUES('Hochwertige, individuell gefertigte Etui<br>im Wert von 15,90&euro;', 'Hochwertige, individuell gefertigte Etui<br>im Wert von 15,90&euro;', 'High-quality, custom-made case <br> worth 15,90 &euro;');
INSERT INTO `language_lib` VALUES('Holz', 'Holz', 'Wood');
INSERT INTO `language_lib` VALUES('Ihr Logo', 'Ihr Logo', 'Your logo');
INSERT INTO `language_lib` VALUES('Ihre gew&auml;hlte Zahlungsart', 'Ihre gew&auml;hlte Zahlungsart', 'Your chosen payment method');
INSERT INTO `language_lib` VALUES('Ihre gew√§hlte Zahlungsart', 'Ihre gew√§hlte Zahlungsart', 'Your chosen payment method');
INSERT INTO `language_lib` VALUES('In Arbeit', 'In Arbeit', 'In progress');
INSERT INTO `language_lib` VALUES('In K√ºrze erhalten Sie eine E-Mail mit Zahlungsinformationen und der Auftragsbest√§tigung.', 'In K√ºrze erhalten Sie eine E-Mail mit Zahlungsinformationen und der Auftragsbest√§tigung.', ' You will shortly receive an e-mail with payment information and the order confirmation.');
INSERT INTO `language_lib` VALUES('In Produktion', 'In Produktion', 'In production');
INSERT INTO `language_lib` VALUES('In progress', 'In progress', 'In progress');
INSERT INTO `language_lib` VALUES('Individuell gestaltete Kugelschreiber oder Druckbleistifte<br>im Wert von 6,00&euro;', 'Individuell gestaltete Kugelschreiber oder Druckbleistifte<br>im Wert von 6,00&euro;', ' Individually designed ballpoint pens or mechanical pencils <br> worth 6.00 &euro;');
INSERT INTO `language_lib` VALUES('Info', 'Info', 'Info');
INSERT INTO `language_lib` VALUES('Inhalt', 'Inhalt', 'Content');
INSERT INTO `language_lib` VALUES('Jetzt kostenpflichtig<br>bestellen', 'Jetzt kostenpflichtig<br>bestellen', 'Order now');
INSERT INTO `language_lib` VALUES('Kommen', 'Kommen', 'Come');
INSERT INTO `language_lib` VALUES('Kommentar', 'Kommentar', 'Comment');
INSERT INTO `language_lib` VALUES('Kommentare/Hinweise f√ºr ihre Bestellung hier hinterlassen', 'Kommentare/Hinweise f√ºr ihre Bestellung hier hinterlassen', 'Leave comments / notes for your order here');
INSERT INTO `language_lib` VALUES('Konstruktion', 'Konstruktion', 'Contruction');
INSERT INTO `language_lib` VALUES('Konto', 'Konto', 'Account');
INSERT INTO `language_lib` VALUES('Kosten', 'Kosten', 'Costs');
INSERT INTO `language_lib` VALUES('Kugel', 'Kugel', 'Sphere');
INSERT INTO `language_lib` VALUES('Kugelschreiber', 'Kugelschreiber', 'Ball-Point Pen');
INSERT INTO `language_lib` VALUES('Kunde', 'Kunde', 'Customer');
INSERT INTO `language_lib` VALUES('Kunststoff', 'Kunststoff', 'Plastic');
INSERT INTO `language_lib` VALUES('L√∂schen', 'L√∂schen', 'Delete');
INSERT INTO `language_lib` VALUES('Lager', 'Lager', 'Warehouse');
INSERT INTO `language_lib` VALUES('Lagerbestand', 'Lagerbestand', 'Stock');
INSERT INTO `language_lib` VALUES('Lagerbestand √Ñndern', 'Lagerbestand √Ñndern', 'Change articles in stock');
INSERT INTO `language_lib` VALUES('Lagerbestand nicht<br>ver√§ndern', 'Lagerbestand nicht<br>ver√§ndern', 'Do not change articles in stock');
INSERT INTO `language_lib` VALUES('Land', 'Land', 'Country');
INSERT INTO `language_lib` VALUES('Letzte Arbeitszeit', 'Letzte Arbeitszeit', 'Last working-time');
INSERT INTO `language_lib` VALUES('Link Hinzuf√ºgen', 'Link Hinzuf√ºgen', 'Add Hyperlink');
INSERT INTO `language_lib` VALUES('Liter', 'Liter', 'Liters');
INSERT INTO `language_lib` VALUES('Login', 'Login', 'Login');
INSERT INTO `language_lib` VALUES('Logo', 'Logo', 'Logo');
INSERT INTO `language_lib` VALUES('Marketing', 'Marketing', 'Marketing');
INSERT INTO `language_lib` VALUES('Material', 'Material', 'Material');
INSERT INTO `language_lib` VALUES('Maximal Gewicht', 'Maximal Gewicht', 'Maximum weight');
INSERT INTO `language_lib` VALUES('Mehr', 'Mehr', 'More');
INSERT INTO `language_lib` VALUES('Melden Sie sich mit Ihrer WEPEN&reg; - E-mail Adresse an', 'Melden Sie sich mit Ihrer WEPEN&reg; - E-mail Adresse an', ' Log in with your WEPEN &reg; - E-mail address');
INSERT INTO `language_lib` VALUES('Men√º', 'Men√º', 'Menu');
INSERT INTO `language_lib` VALUES('Menge', 'Menge', 'Amount');
INSERT INTO `language_lib` VALUES('Mengenangabe', 'Mengenangabe', 'Quantitative disclosure');
INSERT INTO `language_lib` VALUES('Meter', 'Meter', 'Meter');
INSERT INTO `language_lib` VALUES('Methode', 'Methode', 'Method');
INSERT INTO `language_lib` VALUES('Millimeter', 'Millimeter', 'Milimeters');
INSERT INTO `language_lib` VALUES('Mindest-Bestand', 'Mindest-Bestand', 'least was');
INSERT INTO `language_lib` VALUES('Mindestbestand', 'Mindestbestand', 'least was');
INSERT INTO `language_lib` VALUES('Mit \"Bezahlt\" Markieren', 'Mit \"Bezahlt\" Markieren', 'Mark as \"Paid\"');
INSERT INTO `language_lib` VALUES('Mit \"Zahlung Ausstehend\" Markieren', 'Mit \"Zahlung Ausstehend\" Markieren', 'Mark as \"Payment pending\"');
INSERT INTO `language_lib` VALUES('Mit \"Zahlung bei √úbergabe\" Markieren', 'Mit \"Zahlung bei √úbergabe\" Markieren', 'Mark as \"Payment on delivery\"');
INSERT INTO `language_lib` VALUES('Mit * markierte Felder sind Pflichtfelder', 'Mit * markierte Felder sind Pflichtfelder', 'Fields marked with * have to be filled');
INSERT INTO `language_lib` VALUES('N&auml;chster Schritt', 'N&auml;chster Schritt', 'Next step');
INSERT INTO `language_lib` VALUES('Nach Bestell-Nr. Suchen', 'Nach Bestell-Nr. Suchen', 'Search for Order-Nr.');
INSERT INTO `language_lib` VALUES('Nach Bestell-Nr. Suchen...', 'Nach Bestell-Nr. Suchen...', 'Search for Order-Nr. ...');
INSERT INTO `language_lib` VALUES('Nachbestellen!', 'Nachbestellen!', 'Reorder!');
INSERT INTO `language_lib` VALUES('Nachname', 'Nachname', 'Last name');
INSERT INTO `language_lib` VALUES('Name', 'Name', 'Name');
INSERT INTO `language_lib` VALUES('Neue Bestellungen', 'Neue Bestellungen', 'New orders');
INSERT INTO `language_lib` VALUES('Neue Sektion hinzuf√ºgen', 'Neue Sektion hinzuf√ºgen', 'Add new section');
INSERT INTO `language_lib` VALUES('Neue Task hinzuf&uuml;gen', 'Neue Task hinzuf&uuml;gen', 'Add new Task');
INSERT INTO `language_lib` VALUES('Neue Versandart', 'Neue Versandart', 'New shippment type');
INSERT INTO `language_lib` VALUES('Neue Versandart hinzuf√ºgen', 'Neue Versandart hinzuf√ºgen', 'Add new shippment type');
INSERT INTO `language_lib` VALUES('Neue Ware Anlegen', 'Neue Ware Anlegen', 'Add new item');
INSERT INTO `language_lib` VALUES('Neue Ware im Sortiment aufnehmen', 'Neue Ware im Sortiment aufnehmen', 'Add new item to range');
INSERT INTO `language_lib` VALUES('Neues Element hinzuf√ºgen', 'Neues Element hinzuf√ºgen', 'Add new element');
INSERT INTO `language_lib` VALUES('Neues Halbprodukt eintragen', 'Neues Halbprodukt eintragen', '');
INSERT INTO `language_lib` VALUES('Neues Hilfsmittel eintragen', 'Neues Hilfsmittel eintragen', '');
INSERT INTO `language_lib` VALUES('Neues Passwort', 'Neues Passwort', 'New password');
INSERT INTO `language_lib` VALUES('Neues Produkt Anlegen', 'Neues Produkt Anlegen', 'Add new product');
INSERT INTO `language_lib` VALUES('Neues Produkt eintragen', 'Neues Produkt eintragen', '');
INSERT INTO `language_lib` VALUES('Neues Rohteil eintragen', 'Neues Rohteil eintragen', '');
INSERT INTO `language_lib` VALUES('Neuigkeiten in dieser Abteilung', 'Neuigkeiten in dieser Abteilung', 'News in this department');
INSERT INTO `language_lib` VALUES('Nicht angestempelt', 'Nicht angestempelt', 'Not stamped');
INSERT INTO `language_lib` VALUES('Nr.', 'Nr.', 'Nr.');
INSERT INTO `language_lib` VALUES('Nutzer', 'Nutzer', 'User');
INSERT INTO `language_lib` VALUES('Nutzer Eintragen', 'Nutzer Eintragen', 'Add user');
INSERT INTO `language_lib` VALUES('Nutzer Hinzuf&uuml;gen', 'Nutzer Hinzuf&uuml;gen', 'Add user');
INSERT INTO `language_lib` VALUES('Nutzer Registrieren', 'Nutzer Registrieren', 'Register User');
INSERT INTO `language_lib` VALUES('oder w&auml;hlen Sie das zu bearbeitende Element hier aus', 'oder w&auml;hlen Sie das zu bearbeitende Element hier aus', ' or select the item to edit here');
INSERT INTO `language_lib` VALUES('oder w&auml;hlen Sie das zu bearbeitende Element hier aus:', 'oder w&auml;hlen Sie das zu bearbeitende Element hier aus:', ' or select the item to edit here:');
INSERT INTO `language_lib` VALUES('Online', 'Online', 'Online');
INSERT INTO `language_lib` VALUES('Operationen', 'Operationen', 'Operations');
INSERT INTO `language_lib` VALUES('Opertationen', 'Operationen', 'Operations');
INSERT INTO `language_lib` VALUES('Option', 'Option', 'Option');
INSERT INTO `language_lib` VALUES('Ort', 'Ort', 'City');
INSERT INTO `language_lib` VALUES('Passwort', 'Passwort', 'Password');
INSERT INTO `language_lib` VALUES('Passwort √§ndern', 'Passwort √§ndern', 'Change password');
INSERT INTO `language_lib` VALUES('Passwort Wiederholen', 'Passwort Wiederholen', 'Confirm password');
INSERT INTO `language_lib` VALUES('PayPal - in K&uuml;rze', 'PayPal - in K&uuml;rze', 'PayPal - comming soon');
INSERT INTO `language_lib` VALUES('PayPal - in K√ºrze', 'PayPal - in K√ºrze', 'PayPal - comming soon');
INSERT INTO `language_lib` VALUES('PayPal - in K¸rze', 'PayPal - in K¸rze', 'PayPal - comming soon');
INSERT INTO `language_lib` VALUES('Personal', 'Personal', 'Personal');
INSERT INTO `language_lib` VALUES('PLZ', 'PLZ', 'ZIP-Code');
INSERT INTO `language_lib` VALUES('PLZ / Ort', 'PLZ / Ort', 'ZIP-Code / City');
INSERT INTO `language_lib` VALUES('PLZ/Ort', 'PLZ/Ort', 'ZIP Code / City');
INSERT INTO `language_lib` VALUES('Postf√§cher', 'Postf√§cher', 'Inboxes');
INSERT INTO `language_lib` VALUES('Preis', 'Preis', 'Price');
INSERT INTO `language_lib` VALUES('Preisnachlass', 'Preisnachlass', 'Discount');
INSERT INTO `language_lib` VALUES('Preisstaffelung', 'Preisstaffelung', 'Price-graduation');
INSERT INTO `language_lib` VALUES('Produkt', 'Produkt', 'Product');
INSERT INTO `language_lib` VALUES('Produkt bearbeiten', 'Produkt bearbeiten', 'Edit product');
INSERT INTO `language_lib` VALUES('Produkt Bestandteile', 'Produkt Bestandteile', 'Product components');
INSERT INTO `language_lib` VALUES('Produkt Bezahlt', 'Produkt Bezahlt', 'Product paid');
INSERT INTO `language_lib` VALUES('Produkt Fertigstellen', 'Produkt Fertigstellen', 'Finish product');
INSERT INTO `language_lib` VALUES('Produkt im Katalog aufnehmen', 'Produkt im Katalog aufnehmen', 'Add product to catalog');
INSERT INTO `language_lib` VALUES('Produkt l&ouml', 'Produkt l&ouml', '');
INSERT INTO `language_lib` VALUES('Produkt l&ouml;schen', 'Produkt l&ouml;schen', '');
INSERT INTO `language_lib` VALUES('Produkt l√∂schen', 'Produkt l√∂schen', 'Delete product');
INSERT INTO `language_lib` VALUES('Produkt lˆschen', 'Produkt lˆschen', '');
INSERT INTO `language_lib` VALUES('Produkt-√úbersicht', 'Produkt-√úbersicht', 'Product-overview');
INSERT INTO `language_lib` VALUES('Produkt-Bezeichnung', 'Produkt-Bezeichnung', 'Product-description');
INSERT INTO `language_lib` VALUES('Produkt-Name', 'Produkt-Name', 'Product-name');
INSERT INTO `language_lib` VALUES('Produkt-Nummer', 'Produkt-Nummer', 'Product-number');
INSERT INTO `language_lib` VALUES('Produkte', 'Produkte', 'Products');
INSERT INTO `language_lib` VALUES('Produkte anzeigen', 'Produkte anzeigen', '');
INSERT INTO `language_lib` VALUES('Produkte gesammt', 'Produkte gesammt', 'Products total');
INSERT INTO `language_lib` VALUES('Produkte verwalten', 'Produkte verwalten', 'Manage products');
INSERT INTO `language_lib` VALUES('Produkte;products', 'Produkte;products', '');
INSERT INTO `language_lib` VALUES('Produkte|!|products', 'Produkte|!|products', '');
INSERT INTO `language_lib` VALUES('Produktion', 'Produktion', 'Production');
INSERT INTO `language_lib` VALUES('Produktion abbrechen', 'Produktion abbrechen', 'Cancel production');
INSERT INTO `language_lib` VALUES('Produktion abschlie√üen', 'Produktion abschlie√üen', 'Finish production');
INSERT INTO `language_lib` VALUES('Produktion Starten', 'Produktion Starten', 'Start production');
INSERT INTO `language_lib` VALUES('Produktion zur√ºcksetzen', 'Produktion zur√ºcksetzen', 'Reset production');
INSERT INTO `language_lib` VALUES('Produktions-Status', 'Produktions-Status', 'Production status');
INSERT INTO `language_lib` VALUES('Produktionsdaten', 'Produktionsdaten', 'Production data');
INSERT INTO `language_lib` VALUES('Produktvorschau', 'Produktvorschau', 'Product preview');
INSERT INTO `language_lib` VALUES('Produktwahl', 'Produktwahl', 'Choose Products');
INSERT INTO `language_lib` VALUES('Protokoll', 'Protokoll', 'Protocoll');
INSERT INTO `language_lib` VALUES('Prozentual', 'Prozentual', 'Percentual');
INSERT INTO `language_lib` VALUES('Quader', 'Quader', 'Cublicle');
INSERT INTO `language_lib` VALUES('Rabatt Nachtragen', 'Rabatt Nachtragen', 'Add Discount');
INSERT INTO `language_lib` VALUES('Rabatte', 'Rabatte', 'Discounts');
INSERT INTO `language_lib` VALUES('Rechnung', 'Rechnung', 'Bill');
INSERT INTO `language_lib` VALUES('Rechnung ausschreiben', 'Rechnung ausschreiben', 'Send Bill');
INSERT INTO `language_lib` VALUES('Rechnung erstellen', 'Rechnung erstellen', 'Create Bill');
INSERT INTO `language_lib` VALUES('Rechnung erzeugen', 'Rechnung erzeugen', 'Generate bill');
INSERT INTO `language_lib` VALUES('Rechnung Nr', 'Rechnung Nr', 'Bill-Nr');
INSERT INTO `language_lib` VALUES('Rechnungen', 'Rechnungen', 'Bills');
INSERT INTO `language_lib` VALUES('Reduzierung', 'Reduzierung', 'Reduction');
INSERT INTO `language_lib` VALUES('Registrierte Adressen', 'Registrierte Adressen', 'Registrated adresses');
INSERT INTO `language_lib` VALUES('Restliche Nutzungen', 'Restliche Nutzungen', 'Uses left');
INSERT INTO `language_lib` VALUES('Rohteil bearbeiten', 'Rohteil bearbeiten', '');
INSERT INTO `language_lib` VALUES('Rohteil l&ouml;schen', 'Rohteil l&ouml;schen', '');
INSERT INTO `language_lib` VALUES('Rohteile', 'Rohteile', '');
INSERT INTO `language_lib` VALUES('Rohteile anzeigen', 'Rohteile anzeigen', '');
INSERT INTO `language_lib` VALUES('Rohteile;raw', 'Rohteile;raw', '');
INSERT INTO `language_lib` VALUES('Rot', 'Rot', 'red');
INSERT INTO `language_lib` VALUES('Rotation', 'Rotation', 'rotation');
INSERT INTO `language_lib` VALUES('Schriftart', 'Schriftart', 'Font type');
INSERT INTO `language_lib` VALUES('Schweiz', 'Schweiz', 'Swiss');
INSERT INTO `language_lib` VALUES('SCRUM', 'SCRUM', 'SCRUM');
INSERT INTO `language_lib` VALUES('SCRUM - Blackboard', 'SCRUM - Blackboard', 'SCRUM-Blackboard');
INSERT INTO `language_lib` VALUES('SCRUM - Einstellungen', 'SCRUM - Einstellungen', 'SCRUM-Settings');
INSERT INTO `language_lib` VALUES('SCRUM-Settings', 'SCRUM-Settings', 'SCRUM-Settings');
INSERT INTO `language_lib` VALUES('Sektion Hinzuf√ºgen', 'Sektion Hinzuf√ºgen', 'Add section');
INSERT INTO `language_lib` VALUES('Sektion l√∂schen', 'Sektion l√∂schen', 'Delete section');
INSERT INTO `language_lib` VALUES('Sektions-Name', 'Sektions-Name', 'Section-name');
INSERT INTO `language_lib` VALUES('Selbstabholung', 'Selbstabholung', 'Pickup');
INSERT INTO `language_lib` VALUES('Service', 'Service', 'Service');
INSERT INTO `language_lib` VALUES('Set gestalten', 'Set gestalten', 'Set-Designer');
INSERT INTO `language_lib` VALUES('Set w&auml;hlen', 'Set w&auml;hlen', 'Choose set');
INSERT INTO `language_lib` VALUES('SharePoint', 'SharePoint', 'SharePoint');
INSERT INTO `language_lib` VALUES('Sicherheit', 'Sicherheit', 'Security');
INSERT INTO `language_lib` VALUES('Sie werden informiert sobald Ihre Zahlung eingegangen ist.', 'Sie werden informiert sobald Ihre Zahlung eingegangen ist.', ' You will be informed as soon as your payment has been received.');
INSERT INTO `language_lib` VALUES('Sie werden rechtzeitig √ºber den Auslieferungstermin per E-Mail benachrichtigt.', 'Sie werden rechtzeitig √ºber den Auslieferungstermin per E-Mail benachrichtigt.', ' You will be notified in time about the delivery date by e-mail.');
INSERT INTO `language_lib` VALUES('Sonstiges', 'Sonstiges', 'Other');
INSERT INTO `language_lib` VALUES('Special Erstellen', 'Special Erstellen', 'Create Special');
INSERT INTO `language_lib` VALUES('Special Hinzuf√ºgen', 'Special Hinzuf√ºgen', 'Add Special');
INSERT INTO `language_lib` VALUES('Special-Name', 'Special-Name', 'Special-name');
INSERT INTO `language_lib` VALUES('St&uuml;ckpreis', 'St&uuml;ckpreis', 'Price per piece');
INSERT INTO `language_lib` VALUES('St&uuml;ckzahlen', 'St&uuml;ckzahlen', 'Number of pieces');
INSERT INTO `language_lib` VALUES('St√ºck', 'St√ºck', 'Pieces');
INSERT INTO `language_lib` VALUES('St√ºckbegrenzung', 'St√ºckbegrenzung', 'Limit of pieces');
INSERT INTO `language_lib` VALUES('St√ºckpreis', 'St√ºckpreis', 'Price per piece');
INSERT INTO `language_lib` VALUES('St√ºckzahl', 'St√ºckzahl', 'Number of pieces');
INSERT INTO `language_lib` VALUES('Staffelung', 'Staffelung', 'Graduation');
INSERT INTO `language_lib` VALUES('Staffelung Bearbeiten', 'Staffelung Bearbeiten', 'Edit graduation');
INSERT INTO `language_lib` VALUES('Stahl', 'Stahl', 'Steel');
INSERT INTO `language_lib` VALUES('Standart-Set', 'Standart-Set', 'Default-Set');
INSERT INTO `language_lib` VALUES('Standartsprache f&uuml;r Designer', 'Standartsprache f&uuml;r Designer', 'Default language for Designer');
INSERT INTO `language_lib` VALUES('Standartsprache f&uuml;r ERP', 'Standartsprache f&uuml;r ERP', 'Default language for ERP');
INSERT INTO `language_lib` VALUES('Startdatum', 'Startdatum', 'Start date');
INSERT INTO `language_lib` VALUES('Statistik', 'Statistik', 'Statistics');
INSERT INTO `language_lib` VALUES('Status', 'Status', 'Status');
INSERT INTO `language_lib` VALUES('Stift einzel', 'Stift einzel', 'Pen single');
INSERT INTO `language_lib` VALUES('Stift: Logo', 'Stift: Logo', 'Pen: Logo');
INSERT INTO `language_lib` VALUES('Stift: Text', 'Stift: Text', 'Pen: Text');
INSERT INTO `language_lib` VALUES('Stifte gestalten', 'Stifte gestalten', 'Pen-Designer');
INSERT INTO `language_lib` VALUES('Stk', 'Stk', 'Pcs');
INSERT INTO `language_lib` VALUES('Story-Points', 'Story-Points', 'Storypoints');
INSERT INTO `language_lib` VALUES('Storypoints &auml;ndern', 'Storypoints &auml;ndern', 'Change Storypoints');
INSERT INTO `language_lib` VALUES('Storypoints Aktualisieren', 'Storypoints Aktualisieren', 'Update Storypoints');
INSERT INTO `language_lib` VALUES('Stra&szlig;e', 'Stra&szlig;e', 'Street');
INSERT INTO `language_lib` VALUES('Stra&szlig;e / Hausnummer', 'Stra&szlig;e / Hausnummer', 'Street / Nr.');
INSERT INTO `language_lib` VALUES('Stra√üe', 'Stra√üe', 'Street');
INSERT INTO `language_lib` VALUES('Stra√üe / Hausnummer', 'Stra√üe / Hausnummer', 'Street / Nr.');
INSERT INTO `language_lib` VALUES('Stra√üe/Nr', 'Stra√üe/Nr', 'Street Nr');
INSERT INTO `language_lib` VALUES('Suchen', 'Suchen', 'Search');
INSERT INTO `language_lib` VALUES('System', 'System', 'System');
INSERT INTO `language_lib` VALUES('Task beanspruchen', 'Task beanspruchen', 'Claim Task');
INSERT INTO `language_lib` VALUES('Task hinzuf&uuml;gen', 'Task hinzuf&uuml;gen', 'Add Task');
INSERT INTO `language_lib` VALUES('Text', 'Text', 'Text');
INSERT INTO `language_lib` VALUES('Text 1', 'Text 1', 'Text 1');
INSERT INTO `language_lib` VALUES('Text 2', 'Text 2', 'Text 2');
INSERT INTO `language_lib` VALUES('Text-Element', 'Text-Element', 'Text element');
INSERT INTO `language_lib` VALUES('Text-Elemente', 'Text-Elemente', 'Text elements');
INSERT INTO `language_lib` VALUES('Textausrichtung', 'Textausrichtung', 'Text alignment');
INSERT INTO `language_lib` VALUES('Textgr&ouml;&szlig;e', 'Textgr&ouml;&szlig;e', 'Font size');
INSERT INTO `language_lib` VALUES('Textgr&ouml&szlig;e', 'Textgr&ouml&szlig;e', 'Font size');
INSERT INTO `language_lib` VALUES('Textgr√∂√üe', 'Textgr√∂√üe', 'Font size');
INSERT INTO `language_lib` VALUES('Titel', 'Titel', 'Title');
INSERT INTO `language_lib` VALUES('To be validated', 'To be validated', 'To be validated');
INSERT INTO `language_lib` VALUES('‹berweisung', '‹berweisung', 'Transfer');
INSERT INTO `language_lib` VALUES('Unbegonnen', 'Unbegonnen', 'Unstarted');
INSERT INTO `language_lib` VALUES('Unbegonnene', 'Unbegonnene', 'Unstarted');
INSERT INTO `language_lib` VALUES('Unlimitierte Verwendungen', 'Unlimitierte Verwendungen', 'Unlimited uses');
INSERT INTO `language_lib` VALUES('Unstarted', 'Unstarted', 'Unstarted');
INSERT INTO `language_lib` VALUES('Unwiderruflich L√∂schen', 'Unwiderruflich L√∂schen', 'Delete');
INSERT INTO `language_lib` VALUES('Update', 'Update', 'Update');
INSERT INTO `language_lib` VALUES('Verkauf', 'Verkauf', 'Sale');
INSERT INTO `language_lib` VALUES('Verkaufsbereit', 'Verkaufsbereit', 'Ready for selling');
INSERT INTO `language_lib` VALUES('Verkauft', 'Verkauft', 'Sold');
INSERT INTO `language_lib` VALUES('Verkaufte Artikel', 'Verkaufte Artikel', 'Sold Pieces');
INSERT INTO `language_lib` VALUES('Versand', 'Versand', 'Shipping');
INSERT INTO `language_lib` VALUES('Versand anrechnen', 'Versand anrechnen', 'Add Shipping Costs');
INSERT INTO `language_lib` VALUES('Versand verwalten', 'Versand verwalten', 'Manage Shipping');
INSERT INTO `language_lib` VALUES('Versandart', 'Versandart', 'Delivery');
INSERT INTO `language_lib` VALUES('Versandart l√∂schen', 'Versandart l√∂schen', 'Delete Shippment Type');
INSERT INTO `language_lib` VALUES('Versandarten', 'Versandarten', 'Shippment Types');
INSERT INTO `language_lib` VALUES('Versandkosten Standart', 'Versandkosten Standart', 'Shipping costs standard');
INSERT INTO `language_lib` VALUES('Versandstyp hinzuf√ºgen', 'Versandstyp hinzuf√ºgen', 'Add Shippment-Type');
INSERT INTO `language_lib` VALUES('Versandstyp L&ouml;schen', 'Versandstyp L&ouml;schen', 'Delete Shippment-Type');
INSERT INTO `language_lib` VALUES('Vertritt Abteilung', 'Vertritt Abteilung', 'Represents');
INSERT INTO `language_lib` VALUES('Verwaltung', 'Verwaltung', 'Management');
INSERT INTO `language_lib` VALUES('Verwendungszweck', 'Verwendungszweck', 'Usage');
INSERT INTO `language_lib` VALUES('Vielen Dank f&uuml;r ihre Bestellung!', 'Vielen Dank f&uuml;r ihre Bestellung!', 'Thank you for your order!');
INSERT INTO `language_lib` VALUES('Vielen Dank f√ºr ihre Bestellung!', 'Vielen Dank f√ºr ihre Bestellung!', 'Thank you for your order!');
INSERT INTO `language_lib` VALUES('Von', 'Von', 'From');
INSERT INTO `language_lib` VALUES('von-bis', 'von-bis', 'from-to');
INSERT INTO `language_lib` VALUES('Vorhandene Ware aus Sortiment entfernen', 'Vorhandene Ware aus Sortiment entfernen', 'Remove items from warehouse');
INSERT INTO `language_lib` VALUES('Vorhandene Ware L&ouml;schen', 'Vorhandene Ware L&ouml;schen', 'Delete existing item');
INSERT INTO `language_lib` VALUES('Vorhandenes Produkt L&ouml;schen', 'Vorhandenes Produkt L&ouml;schen', 'Delete existing product');
INSERT INTO `language_lib` VALUES('Vorheriger Schritt', 'Vorheriger Schritt', 'Previous step');
INSERT INTO `language_lib` VALUES('Vorname', 'Vorname', 'First Name');
INSERT INTO `language_lib` VALUES('Vorschl√§ge / Anforderungen', 'Vorschl√§ge / Anforderungen', 'Requests');
INSERT INTO `language_lib` VALUES('W&auml;hlen Sie den gew&uuml;nschten Artikel aus', 'W&auml;hlen Sie den gew&uuml;nschten Artikel aus', 'Select your desired article');
INSERT INTO `language_lib` VALUES('W&auml;hlen Sie die Stifte aus die in ihrem WEPEN-Etui enthalten sein sollten', 'W&auml;hlen Sie die Stifte aus die in ihrem WEPEN-Etui enthalten sein sollten', ' Select the pens that should be included in your WEPEN case');
INSERT INTO `language_lib` VALUES('W&auml;hlen Sie ein Objekt aus um seine Eigenschaften zu &auml;ndern', 'W&auml;hlen Sie ein Objekt aus um seine Eigenschaften zu &auml;ndern', 'Select an object to change its properties');
INSERT INTO `language_lib` VALUES('W√ºrfel', 'W√ºrfel', 'Cube');
INSERT INTO `language_lib` VALUES('Ware zum Angebot Hinzuf√ºgen', 'Ware zum Angebot Hinzuf√ºgen', 'Add item to offer');
INSERT INTO `language_lib` VALUES('Waren nachtragen', 'Waren nachtragen', 'Add Item');
INSERT INTO `language_lib` VALUES('Warenaufteilung', 'Warenaufteilung', 'Item division');
INSERT INTO `language_lib` VALUES('Warenstruktur', 'Warenstruktur', 'Warestructure');
INSERT INTO `language_lib` VALUES('Warenstruktur (Strukturbaum)', 'Warenstruktur (Strukturbaum)', 'Warestructure (Tree)');
INSERT INTO `language_lib` VALUES('Websites', 'Websites', 'Websites');
INSERT INTO `language_lib` VALUES('Weitere Bestellung aufgeben', 'Weitere Bestellung aufgeben', 'Place another order');
INSERT INTO `language_lib` VALUES('WEPEN-Etui', 'WEPEN-Etui', 'WEPEN-Case');
INSERT INTO `language_lib` VALUES('WEPEN-Set', 'WEPEN-Set', 'WEPEN-Set');
INSERT INTO `language_lib` VALUES('WEPEN-Set Gutschein kaufen', 'WEPEN-Set Gutschein kaufen', 'Buy WEPEN-Vouchers');
INSERT INTO `language_lib` VALUES('WEPEN-Stifte', 'WEPEN-Stifte', 'WEPEN-Pens');
INSERT INTO `language_lib` VALUES('Wilkommen zur&uuml;ck', 'Wilkommen zur&uuml;ck', 'Welcome back');
INSERT INTO `language_lib` VALUES('Zahlung', 'Zahlung', 'Payment');
INSERT INTO `language_lib` VALUES('Zahlung ausstehend', 'Zahlung ausstehend', 'Payment pending');
INSERT INTO `language_lib` VALUES('Zahlung bei √úbergabe', 'Zahlung bei √úbergabe', 'Payment on delivery');
INSERT INTO `language_lib` VALUES('Zahlung bei ‹bergabe', 'Zahlung bei ‹bergabe', '');
INSERT INTO `language_lib` VALUES('Zahlung eingegangen', 'Zahlung eingegangen', 'Payment Recieved');
INSERT INTO `language_lib` VALUES('Zahlungs-Status', 'Zahlungs-Status', 'Payment Status');
INSERT INTO `language_lib` VALUES('Zahlungs-Status √§ndern', 'Zahlungs-Status √§ndern', 'Change Payment Status');
INSERT INTO `language_lib` VALUES('Zahlungsmethode', 'Zahlungsmethode', 'Payment method');
INSERT INTO `language_lib` VALUES('Zahlungsstatus √§ndern', 'Zahlungsstatus √§ndern', 'Change Payment Status');
INSERT INTO `language_lib` VALUES('Zeit gearbeitet', 'Zeit gearbeitet', 'Time worked');
INSERT INTO `language_lib` VALUES('Zeit Nachtragen', 'Zeit Nachtragen', 'Add Timestamp');
INSERT INTO `language_lib` VALUES('Zeiterfassung', 'Zeiterfassung', 'Timestamp');
INSERT INTO `language_lib` VALUES('Zeitkorrektur', 'Zeitkorrektur', 'Timecorrection');
INSERT INTO `language_lib` VALUES('Zeitraum', 'Zeitraum', 'Timespan');
INSERT INTO `language_lib` VALUES('Zentimeter', 'Zentimeter', 'Centimeters');
INSERT INTO `language_lib` VALUES('Zu deinem E-Mail Postfach', 'Zu deinem E-Mail Postfach', 'To your Inbox');
INSERT INTO `language_lib` VALUES('zu je', 'zu je', 'for');
INSERT INTO `language_lib` VALUES('Zuletzt gegangen am', 'Zuletzt gegangen am', 'Last left on');
INSERT INTO `language_lib` VALUES('Zum Designer Wechseln', 'Zum Designer Wechseln', 'Switch to Designer');
INSERT INTO `language_lib` VALUES('Zur zahlung', 'Zur zahlung', 'Continue to payment');
INSERT INTO `language_lib` VALUES('Zur&uuml;ck zur WEPEN-Homepage', 'Zur&uuml;ck zur WEPEN-Homepage', ' Back to the WEPEN homepage');
INSERT INTO `language_lib` VALUES('Zur√ºck zur WEPEN-Homepage', 'Zur√ºck zur WEPEN-Homepage', ' Back to the WEPEN homepage');
INSERT INTO `language_lib` VALUES('Zur√ºcksetzen', 'Zur√ºcksetzen', 'Reset');
INSERT INTO `language_lib` VALUES('Zusammenstellung', 'Zusammenstellung', 'Compilation');
INSERT INTO `language_lib` VALUES('Zust√§ndig', 'Zust√§ndig', 'Responsible');
INSERT INTO `language_lib` VALUES('Zuweisung Hinzuf√ºgen', 'Zuweisung Hinzuf√ºgen', 'Add Assigment');
INSERT INTO `language_lib` VALUES('Zylinder', 'Zylinder', 'Cylinder');
CREATE TABLE `marketing_elements` (  `id` varchar(13) COLLATE utf8_unicode_ci NOT NULL,  `section_id` varchar(13) COLLATE utf8_unicode_ci NOT NULL,  `type` varchar(20) COLLATE utf8_unicode_ci NOT NULL,  `title` varchar(200) COLLATE utf8_unicode_ci NOT NULL,  `content` text COLLATE utf8_unicode_ci NOT NULL,  `image` varchar(200) COLLATE utf8_unicode_ci NOT NULL,  PRIMARY KEY (`id`)) ENGINE=InnoDB DEFAULT CHARSET=utf8 COLLATE=utf8_unicode_ci;
CREATE TABLE `marketing_sections` (  `id` varchar(13) COLLATE utf8_unicode_ci NOT NULL,  `name` varchar(100) COLLATE utf8_unicode_ci NOT NULL,  PRIMARY KEY (`id`)) ENGINE=InnoDB DEFAULT CHARSET=utf8 COLLATE=utf8_unicode_ci;
CREATE TABLE `product_contains_items` (  `id` varchar(13) COLLATE utf8_unicode_ci NOT NULL,  `product_id` varchar(13) COLLATE utf8_unicode_ci NOT NULL,  `item_id` varchar(13) COLLATE utf8_unicode_ci NOT NULL,  PRIMARY KEY (`id`)) ENGINE=InnoDB DEFAULT CHARSET=utf8 COLLATE=utf8_unicode_ci;
INSERT INTO `product_contains_items` VALUES('5abb5e91216b7', '5abb5e8cb2d93', '5abb5e27e6773');
INSERT INTO `product_contains_items` VALUES('5abb5e931c49b', '5abb5e8cb2d93', '5abb5e27e6773');
INSERT INTO `product_contains_items` VALUES('5abb5e941779e', '5abb5e8cb2d93', '5abb5e27e6773');
INSERT INTO `product_contains_items` VALUES('5abb5e95398a1', '5abb5e8cb2d93', '5abb5e27e6773');
INSERT INTO `product_contains_items` VALUES('5abb5e963df03', '5abb5e8cb2d93', '5abb5e27e6773');
INSERT INTO `product_contains_items` VALUES('5abb5e9938ed8', '5abb5e8cb2d93', '5abb5e4eadfe8');
CREATE TABLE `products` (  `number` varchar(50) COLLATE utf8_unicode_ci NOT NULL,  `name` varchar(100) COLLATE utf8_unicode_ci NOT NULL,  `description` text COLLATE utf8_unicode_ci NOT NULL,  `unit` varchar(10) COLLATE utf8_unicode_ci NOT NULL,  `price` float NOT NULL,  `per_item` float NOT NULL,  `order_size` float NOT NULL,  `production_company` varchar(150) COLLATE utf8_unicode_ci NOT NULL,  `retail_company` varchar(150) COLLATE utf8_unicode_ci NOT NULL,  `link` text COLLATE utf8_unicode_ci NOT NULL,  `comment` text COLLATE utf8_unicode_ci NOT NULL,  PRIMARY KEY (`number`)) ENGINE=InnoDB DEFAULT CHARSET=utf8 COLLATE=utf8_unicode_ci;
INSERT INTO `products` VALUES('HLSU-1001', 'L√∂tzinn √ò0,5', '- 2% Kupfer \n- 60% Zinn \n- 38% Blei \n- Flu√ümittelanteil: 2% \n- Schmelzpunkt 182¬∞C ', 'g', '6.04', '1', '1', 'FIXPOINT', 'Reichelt', 'https://www.reichelt.at/Loetzinn/LZ-FP-0-5-100/3/index.html?ACTION=3&LA=446&ARTICLE=153161&GROUPID=557&artnr=LZ+FP+0%2C5+100&SEARCH=l%25C3%25B6tzinn&trstct=pos_2', 'No comment needed');
INSERT INTO `products` VALUES('HLSU-2349', 'asl√∂kdj', 'sasdf', 'Stk', '234', '234', '234', 'FIXPOINT', 'Reichelt', '', '');
CREATE TABLE `protocol` (  `id` varchar(13) CHARACTER SET latin1 NOT NULL,  `user` varchar(13) CHARACTER SET latin1 NOT NULL,  `date` varchar(50) CHARACTER SET latin1 NOT NULL,  `description` text CHARACTER SET latin1 NOT NULL,  PRIMARY KEY (`id`)) ENGINE=InnoDB DEFAULT CHARSET=utf8 COLLATE=utf8_unicode_ci;
INSERT INTO `protocol` VALUES('5abb5d8c9f044', '59ce8c11b145c', 'Wed Mar 28 2018 11:17:00 ', 'Tobias Hattinger hat sich eingeloggt.');
INSERT INTO `protocol` VALUES('5abb5e27ea479', '59ce8c11b145c', 'Wed Mar 28 2018 11:19:35 ', 'Produkt \"WEA-RES2k2\" wurde zum Lager hinzugef√ºgt.');
INSERT INTO `protocol` VALUES('5abb5e4eb1c52', '59ce8c11b145c', 'Wed Mar 28 2018 11:20:14 ', 'Produkt \"WEA-TRS2N2222\" wurde zum Lager hinzugef√ºgt.');
INSERT INTO `protocol` VALUES('5abb5e8cb6e85', '59ce8c11b145c', 'Wed Mar 28 2018 11:21:16 ', 'Produktdaten des Produkts \"WECP-HLMICRO\" wurden aktualisiert.');
INSERT INTO `protocol` VALUES('5abb5e9129d53', '59ce8c11b145c', 'Wed Mar 28 2018 11:21:21 ', 'Item \"WEA-RES2k2\" wurde dem Produkt \"WECP-HLMICRO\" angef√ºgt.');
INSERT INTO `protocol` VALUES('5abb5e93228c4', '59ce8c11b145c', 'Wed Mar 28 2018 11:21:23 ', 'Item \"WEA-RES2k2\" wurde dem Produkt \"WECP-HLMICRO\" angef√ºgt.');
INSERT INTO `protocol` VALUES('5abb5e941fed8', '59ce8c11b145c', 'Wed Mar 28 2018 11:21:24 ', 'Item \"WEA-RES2k2\" wurde dem Produkt \"WECP-HLMICRO\" angef√ºgt.');
INSERT INTO `protocol` VALUES('5abb5e9542040', '59ce8c11b145c', 'Wed Mar 28 2018 11:21:25 ', 'Item \"WEA-RES2k2\" wurde dem Produkt \"WECP-HLMICRO\" angef√ºgt.');
INSERT INTO `protocol` VALUES('5abb5e96466c7', '59ce8c11b145c', 'Wed Mar 28 2018 11:21:26 ', 'Item \"WEA-RES2k2\" wurde dem Produkt \"WECP-HLMICRO\" angef√ºgt.');
INSERT INTO `protocol` VALUES('5abb5e9941da4', '59ce8c11b145c', 'Wed Mar 28 2018 11:21:29 ', 'Item \"WEA-TRS2N2222\" wurde dem Produkt \"WECP-HLMICRO\" angef√ºgt.');
CREATE TABLE `reports` (  `id` varchar(13) COLLATE utf8_unicode_ci NOT NULL,  `type` varchar(20) COLLATE utf8_unicode_ci NOT NULL,  `user_id` varchar(13) COLLATE utf8_unicode_ci NOT NULL,  `title` text COLLATE utf8_unicode_ci NOT NULL,  `description` text COLLATE utf8_unicode_ci NOT NULL,  `status` varchar(20) COLLATE utf8_unicode_ci NOT NULL,  PRIMARY KEY (`id`)) ENGINE=InnoDB DEFAULT CHARSET=utf8 COLLATE=utf8_unicode_ci;
CREATE TABLE `scrum_tasks` (  `id` varchar(13) NOT NULL,  `user_id` varchar(13) NOT NULL,  `description` text NOT NULL,  `status` varchar(50) NOT NULL,  `color` varchar(6) NOT NULL,  `points` int(5) NOT NULL,  PRIMARY KEY (`id`)) ENGINE=InnoDB DEFAULT CHARSET=latin1;
CREATE TABLE `settings` (  `setting` varchar(200) NOT NULL,  `value` varchar(200) NOT NULL,  PRIMARY KEY (`setting`)) ENGINE=InnoDB DEFAULT CHARSET=latin1;
INSERT INTO `settings` VALUES('def_lang_erp', 'DE');
INSERT INTO `settings` VALUES('prefix_products', 'HLFP');
INSERT INTO `settings` VALUES('prefix_raw', 'HLRW');
INSERT INTO `settings` VALUES('prefix_semiproducts', 'HLSP');
INSERT INTO `settings` VALUES('prefix_support', 'HLSU');
CREATE TABLE `shipping` (  `id` varchar(13) NOT NULL,  `product_nr` varchar(15) NOT NULL,  `description` varchar(255) NOT NULL,  `price` float NOT NULL,  `weight` float NOT NULL,  PRIMARY KEY (`id`)) ENGINE=InnoDB DEFAULT CHARSET=latin1;
CREATE TABLE `specials` (  `id` varchar(13) COLLATE utf8_unicode_ci NOT NULL,  `name` varchar(200) COLLATE utf8_unicode_ci NOT NULL,  `start` date NOT NULL,  `end` date NOT NULL,  `discount` float NOT NULL,  `order_limit` int(11) NOT NULL,  PRIMARY KEY (`id`)) ENGINE=InnoDB DEFAULT CHARSET=utf8 COLLATE=utf8_unicode_ci;
CREATE TABLE `timestamp` (  `id` varchar(13) COLLATE utf8_unicode_ci NOT NULL,  `user_id` varchar(13) COLLATE utf8_unicode_ci NOT NULL,  `come` datetime NOT NULL,  `go` datetime NOT NULL,  PRIMARY KEY (`id`)) ENGINE=InnoDB DEFAULT CHARSET=utf8 COLLATE=utf8_unicode_ci;
CREATE TABLE `users` (  `id` varchar(13) COLLATE utf8_unicode_ci NOT NULL,  `first_name` varchar(50) COLLATE utf8_unicode_ci NOT NULL,  `last_name` varchar(50) COLLATE utf8_unicode_ci NOT NULL,  `email` varchar(100) COLLATE utf8_unicode_ci NOT NULL,  `password` varchar(100) COLLATE utf8_unicode_ci NOT NULL,  `stamped` tinyint(1) NOT NULL,  `current_ts_id` varchar(13) COLLATE utf8_unicode_ci NOT NULL,  PRIMARY KEY (`id`)) ENGINE=InnoDB DEFAULT CHARSET=utf8 COLLATE=utf8_unicode_ci;
INSERT INTO `users` VALUES('59ce8c11b145c', 'Tobias', 'Hattinger', 'tobias.hattinger@wepen.at', 'c7b308c7ebc6def0ad3509bfebed14ca9a4fb8b6', '0', '5a97a133d41fd');
