CREATE TABLE `company_products` (  `id` varchar(13) COLLATE utf8_unicode_ci NOT NULL,  `product_nr` varchar(20) COLLATE utf8_unicode_ci NOT NULL,  `name` varchar(200) COLLATE utf8_unicode_ci NOT NULL,  `description` text COLLATE utf8_unicode_ci NOT NULL,  `comment` text COLLATE utf8_unicode_ci NOT NULL,  PRIMARY KEY (`id`)) ENGINE=InnoDB DEFAULT CHARSET=utf8 COLLATE=utf8_unicode_ci;
INSERT INTO `company_products` VALUES('5abb5e8cb2d93', 'WECP-HLMICRO', 'HiLight Micro', '', '');
CREATE TABLE `customers` (  `id` varchar(13) COLLATE utf8_unicode_ci NOT NULL,  `order_nr` varchar(50) COLLATE utf8_unicode_ci NOT NULL,  `order_finished` tinyint(1) NOT NULL,  `gender` varchar(10) COLLATE utf8_unicode_ci NOT NULL,  `title` varchar(50) COLLATE utf8_unicode_ci NOT NULL,  `first_name` varchar(80) COLLATE utf8_unicode_ci NOT NULL,  `last_name` varchar(80) COLLATE utf8_unicode_ci NOT NULL,  `street` varchar(100) COLLATE utf8_unicode_ci NOT NULL,  `street_nr` varchar(10) COLLATE utf8_unicode_ci NOT NULL,  `city` varchar(100) COLLATE utf8_unicode_ci NOT NULL,  `plz` varchar(15) COLLATE utf8_unicode_ci NOT NULL,  `country` varchar(100) COLLATE utf8_unicode_ci NOT NULL,  `email` varchar(100) COLLATE utf8_unicode_ci NOT NULL,  `payment_method` varchar(20) COLLATE utf8_unicode_ci NOT NULL,  `payment_status` varchar(50) COLLATE utf8_unicode_ci NOT NULL,  `production_status` varchar(50) COLLATE utf8_unicode_ci NOT NULL,  `bill_status` varchar(20) COLLATE utf8_unicode_ci NOT NULL,  `order_date` date NOT NULL,  `customer_number` varchar(20) COLLATE utf8_unicode_ci NOT NULL,  `discount_type` varchar(100) COLLATE utf8_unicode_ci NOT NULL,  `discount_amount` float NOT NULL,  `comment` text COLLATE utf8_unicode_ci NOT NULL,  PRIMARY KEY (`id`)) ENGINE=InnoDB DEFAULT CHARSET=utf8 COLLATE=utf8_unicode_ci;
CREATE TABLE `department_assigns` (  `id` varchar(13) COLLATE utf8_unicode_ci NOT NULL,  `user_id` varchar(13) COLLATE utf8_unicode_ci NOT NULL,  `department_id` varchar(13) COLLATE utf8_unicode_ci NOT NULL,  PRIMARY KEY (`id`)) ENGINE=InnoDB DEFAULT CHARSET=utf8 COLLATE=utf8_unicode_ci;
INSERT INTO `department_assigns` VALUES('59d0e4c00e085', '59ce8bf6ac404', '59d0d8ee1f3d8');
INSERT INTO `department_assigns` VALUES('59d0e4ccdd7ca', '59ce8f96cb791', '59d0d8ee1f3d8');
INSERT INTO `department_assigns` VALUES('59d0e4d5a7357', '59ce8fb1c799d', '59d0d8fd83056');
INSERT INTO `department_assigns` VALUES('59d0e4da78d45', '59ce8c0a10306', '59d0d8fd83056');
INSERT INTO `department_assigns` VALUES('59d0e4e011eb8', '59ce8fc91e63d', '59d0d8fd83056');
INSERT INTO `department_assigns` VALUES('59d0e4ec1f21a', '59ce8fb7b46e1', '59d0d8fa5bbe4');
INSERT INTO `department_assigns` VALUES('59d0e4f35a878', '59ce8fe52e82b', '59d0d8fa5bbe4');
INSERT INTO `department_assigns` VALUES('59d0e4f8a57d0', '59ce8fdd5657c', '59d0d8fa5bbe4');
INSERT INTO `department_assigns` VALUES('59d0e4ff5a8ec', '59ce8fd2cbe9a', '59d0d9011158f');
INSERT INTO `department_assigns` VALUES('59d0e50625be3', '59ce8fbe46f7f', '59d0d9011158f');
INSERT INTO `department_assigns` VALUES('59d0e50b54521', '59ce8c11b145c', '59d0d904d5e45');
INSERT INTO `department_assigns` VALUES('59d0e51442d68', '59ce8f9eaba3a', '59d0d904d5e45');
INSERT INTO `department_assigns` VALUES('59d0e51837a90', '59ce8f96cb791', '59d0d904d5e45');
INSERT INTO `department_assigns` VALUES('59d0e5224c58f', '59ce8f9eaba3a', '59d0d908d4e0b');
INSERT INTO `department_assigns` VALUES('59d0e558e9650', '59ce8c0a10306', '59d0d908d4e0b');
INSERT INTO `department_assigns` VALUES('59d0e55ff1d2e', '59ce8fa616a11', '59d0d90c86c3b');
INSERT INTO `department_assigns` VALUES('59d0e5657ab82', '59ce8fbe46f7f', '59d0d90c86c3b');
INSERT INTO `department_assigns` VALUES('59f0d507e3c15', '59ce8c11b145c', '59d0d9011158f');
INSERT INTO `department_assigns` VALUES('5a0c332b1f6e9', '59ce8fa616a11', '59d0d8ee1f3d8');
CREATE TABLE `departments` (  `id` varchar(13) COLLATE utf8_unicode_ci NOT NULL,  `department` varchar(100) COLLATE utf8_unicode_ci NOT NULL,  PRIMARY KEY (`id`)) ENGINE=InnoDB DEFAULT CHARSET=utf8 COLLATE=utf8_unicode_ci;
INSERT INTO `departments` VALUES('59d0d8ee1f3d8', 'Einkauf');
INSERT INTO `departments` VALUES('59d0d8fa5bbe4', 'Konstruktion');
INSERT INTO `departments` VALUES('59d0d8fd83056', 'Produktion');
INSERT INTO `departments` VALUES('59d0d9011158f', 'Marketing');
INSERT INTO `departments` VALUES('59d0d904d5e45', 'Administration');
INSERT INTO `departments` VALUES('59d0d908d4e0b', 'Buchhaltung');
INSERT INTO `departments` VALUES('59d0d90c86c3b', 'Verkauf');
CREATE TABLE `discount_codes` (  `id` varchar(13) NOT NULL,  `code` varchar(100) NOT NULL,  `discount_type` varchar(50) NOT NULL,  `discount_amount` int(10) NOT NULL,  `code_limit` int(11) NOT NULL,  `max_products` int(5) NOT NULL,  `allowed_products` varchar(200) NOT NULL,  PRIMARY KEY (`id`)) ENGINE=InnoDB DEFAULT CHARSET=latin1;
CREATE TABLE `email_recievers` (  `id` varchar(13) COLLATE utf8_unicode_ci NOT NULL,  `user_id` varchar(13) COLLATE utf8_unicode_ci NOT NULL,  `mail_id` varchar(13) COLLATE utf8_unicode_ci NOT NULL,  PRIMARY KEY (`id`)) ENGINE=InnoDB DEFAULT CHARSET=utf8 COLLATE=utf8_unicode_ci;
CREATE TABLE `emails` (  `id` varchar(13) COLLATE utf8_unicode_ci NOT NULL,  `email` varchar(100) COLLATE utf8_unicode_ci NOT NULL,  PRIMARY KEY (`id`)) ENGINE=InnoDB DEFAULT CHARSET=utf8 COLLATE=utf8_unicode_ci;
CREATE TABLE `font_styles` (  `id` int(11) NOT NULL AUTO_INCREMENT,  `font` varchar(100) COLLATE utf8_unicode_ci NOT NULL,  `name` varchar(100) COLLATE utf8_unicode_ci NOT NULL,  PRIMARY KEY (`id`)) ENGINE=InnoDB DEFAULT CHARSET=utf8 COLLATE=utf8_unicode_ci;
CREATE TABLE `graduating` (  `id` varchar(13) COLLATE utf8_unicode_ci NOT NULL,  `product_id` varchar(13) COLLATE utf8_unicode_ci NOT NULL,  `amount` int(11) NOT NULL,  `price_per_item` float NOT NULL,  PRIMARY KEY (`id`)) ENGINE=InnoDB DEFAULT CHARSET=utf8 COLLATE=utf8_unicode_ci;
INSERT INTO `graduating` VALUES('5abb5e8cb405e', '5abb5e8cb2d93', '1', '0');
CREATE TABLE `items` (  `id` varchar(13) COLLATE utf8_unicode_ci NOT NULL,  `name` varchar(200) COLLATE utf8_unicode_ci NOT NULL,  `number` varchar(50) COLLATE utf8_unicode_ci NOT NULL,  `description` text COLLATE utf8_unicode_ci NOT NULL,  `unit` varchar(10) COLLATE utf8_unicode_ci NOT NULL,  `price` float NOT NULL,  `price_per_amt` int(5) NOT NULL,  `order_size` int(5) NOT NULL,  `material` varchar(20) COLLATE utf8_unicode_ci NOT NULL,  `weight` float NOT NULL,  `geometry` varchar(20) COLLATE utf8_unicode_ci NOT NULL,  `size` varchar(100) COLLATE utf8_unicode_ci NOT NULL,  `comment` text COLLATE utf8_unicode_ci NOT NULL,  `alert_amt` int(5) NOT NULL,  `stock` int(5) NOT NULL,  PRIMARY KEY (`id`)) ENGINE=InnoDB DEFAULT CHARSET=utf8 COLLATE=utf8_unicode_ci;
INSERT INTO `items` VALUES('5abb5e27e6773', 'Widerstand', 'WEA-RES2k2', 'Wirderstand 2,2kO', 'Stk.', '0', '0', '0', 'Sonstiges', '0', 'Zylinder', '0', '', '0', '0');
INSERT INTO `items` VALUES('5abb5e4eadfe8', 'Transistor 2N2222', 'WEA-TRS2N2222', 'Transistor NPN 2N2222', 'Stk.', '0', '0', '0', 'Holz', '0', 'Würfel', '0', '', '0', '0');
CREATE TABLE `marketing_elements` (  `id` varchar(13) COLLATE utf8_unicode_ci NOT NULL,  `section_id` varchar(13) COLLATE utf8_unicode_ci NOT NULL,  `type` varchar(20) COLLATE utf8_unicode_ci NOT NULL,  `title` varchar(200) COLLATE utf8_unicode_ci NOT NULL,  `content` text COLLATE utf8_unicode_ci NOT NULL,  `image` varchar(200) COLLATE utf8_unicode_ci NOT NULL,  PRIMARY KEY (`id`)) ENGINE=InnoDB DEFAULT CHARSET=utf8 COLLATE=utf8_unicode_ci;
CREATE TABLE `marketing_sections` (  `id` varchar(13) COLLATE utf8_unicode_ci NOT NULL,  `name` varchar(100) COLLATE utf8_unicode_ci NOT NULL,  PRIMARY KEY (`id`)) ENGINE=InnoDB DEFAULT CHARSET=utf8 COLLATE=utf8_unicode_ci;
CREATE TABLE `orders` (  `id` varchar(13) COLLATE utf8_unicode_ci NOT NULL,  `customer_id` varchar(13) COLLATE utf8_unicode_ci NOT NULL,  `product_id` varchar(13) COLLATE utf8_unicode_ci NOT NULL,  PRIMARY KEY (`id`)) ENGINE=InnoDB DEFAULT CHARSET=utf8 COLLATE=utf8_unicode_ci;
CREATE TABLE `product_contains_items` (  `id` varchar(13) COLLATE utf8_unicode_ci NOT NULL,  `product_id` varchar(13) COLLATE utf8_unicode_ci NOT NULL,  `item_id` varchar(13) COLLATE utf8_unicode_ci NOT NULL,  PRIMARY KEY (`id`)) ENGINE=InnoDB DEFAULT CHARSET=utf8 COLLATE=utf8_unicode_ci;
INSERT INTO `product_contains_items` VALUES('5abb5e91216b7', '5abb5e8cb2d93', '5abb5e27e6773');
INSERT INTO `product_contains_items` VALUES('5abb5e931c49b', '5abb5e8cb2d93', '5abb5e27e6773');
INSERT INTO `product_contains_items` VALUES('5abb5e941779e', '5abb5e8cb2d93', '5abb5e27e6773');
INSERT INTO `product_contains_items` VALUES('5abb5e95398a1', '5abb5e8cb2d93', '5abb5e27e6773');
INSERT INTO `product_contains_items` VALUES('5abb5e963df03', '5abb5e8cb2d93', '5abb5e27e6773');
INSERT INTO `product_contains_items` VALUES('5abb5e9938ed8', '5abb5e8cb2d93', '5abb5e4eadfe8');
CREATE TABLE `products` (  `id` varchar(13) COLLATE utf8_unicode_ci NOT NULL,  `box_set` varchar(100) COLLATE utf8_unicode_ci NOT NULL,  `amt_pen_b` int(3) NOT NULL,  `amt_pen_r` int(3) NOT NULL,  `amt_pencil` int(3) NOT NULL,  `amt_box` int(3) NOT NULL,  `show_text1` tinyint(1) NOT NULL,  `text1_t` varchar(200) COLLATE utf8_unicode_ci NOT NULL,  `text1_h` varchar(15) COLLATE utf8_unicode_ci NOT NULL,  `text1_v` varchar(15) COLLATE utf8_unicode_ci NOT NULL,  `text1_s` varchar(4) COLLATE utf8_unicode_ci NOT NULL,  `text1_r` varchar(4) COLLATE utf8_unicode_ci NOT NULL,  `text1_f` varchar(100) COLLATE utf8_unicode_ci NOT NULL,  `text1_a` varchar(20) COLLATE utf8_unicode_ci NOT NULL,  `show_text2` tinyint(1) NOT NULL,  `text2_t` varchar(200) COLLATE utf8_unicode_ci NOT NULL,  `text2_h` varchar(15) COLLATE utf8_unicode_ci NOT NULL,  `text2_v` varchar(15) COLLATE utf8_unicode_ci NOT NULL,  `text2_s` varchar(4) COLLATE utf8_unicode_ci NOT NULL,  `text2_r` varchar(4) COLLATE utf8_unicode_ci NOT NULL,  `text2_f` varchar(100) COLLATE utf8_unicode_ci NOT NULL,  `text2_a` varchar(20) COLLATE utf8_unicode_ci NOT NULL,  `show_logo` tinyint(1) NOT NULL,  `logo_i` varchar(100) COLLATE utf8_unicode_ci NOT NULL,  `logo_h` varchar(15) COLLATE utf8_unicode_ci NOT NULL,  `logo_v` varchar(15) COLLATE utf8_unicode_ci NOT NULL,  `logo_s` varchar(4) COLLATE utf8_unicode_ci NOT NULL,  `logo_r` varchar(4) COLLATE utf8_unicode_ci NOT NULL,  `show_textP` tinyint(1) NOT NULL,  `textP_t` varchar(100) COLLATE utf8_unicode_ci NOT NULL,  `textP_h` varchar(15) COLLATE utf8_unicode_ci NOT NULL,  `textP_s` varchar(4) COLLATE utf8_unicode_ci NOT NULL,  `textP_f` varchar(100) COLLATE utf8_unicode_ci NOT NULL,  `textP_a` varchar(20) COLLATE utf8_unicode_ci NOT NULL,  `logoP_i` varchar(200) COLLATE utf8_unicode_ci NOT NULL,  `show_logoP` tinyint(1) NOT NULL,  `logoP_h` varchar(15) COLLATE utf8_unicode_ci NOT NULL,  `logoP_s` varchar(4) COLLATE utf8_unicode_ci NOT NULL,  PRIMARY KEY (`id`)) ENGINE=InnoDB DEFAULT CHARSET=utf8 COLLATE=utf8_unicode_ci ROW_FORMAT=COMPACT;
CREATE TABLE `protocol` (  `id` varchar(13) CHARACTER SET latin1 NOT NULL,  `user` varchar(13) CHARACTER SET latin1 NOT NULL,  `date` varchar(50) CHARACTER SET latin1 NOT NULL,  `description` text CHARACTER SET latin1 NOT NULL,  PRIMARY KEY (`id`)) ENGINE=InnoDB DEFAULT CHARSET=utf8 COLLATE=utf8_unicode_ci;
INSERT INTO `protocol` VALUES('5abb5d8c9f044', '59ce8c11b145c', 'Wed Mar 28 2018 11:17:00 ', 'Tobias Hattinger hat sich eingeloggt.');
INSERT INTO `protocol` VALUES('5abb5e27ea479', '59ce8c11b145c', 'Wed Mar 28 2018 11:19:35 ', 'Produkt \"WEA-RES2k2\" wurde zum Lager hinzugefügt.');
INSERT INTO `protocol` VALUES('5abb5e4eb1c52', '59ce8c11b145c', 'Wed Mar 28 2018 11:20:14 ', 'Produkt \"WEA-TRS2N2222\" wurde zum Lager hinzugefügt.');
INSERT INTO `protocol` VALUES('5abb5e8cb6e85', '59ce8c11b145c', 'Wed Mar 28 2018 11:21:16 ', 'Produktdaten des Produkts \"WECP-HLMICRO\" wurden aktualisiert.');
INSERT INTO `protocol` VALUES('5abb5e9129d53', '59ce8c11b145c', 'Wed Mar 28 2018 11:21:21 ', 'Item \"WEA-RES2k2\" wurde dem Produkt \"WECP-HLMICRO\" angefügt.');
INSERT INTO `protocol` VALUES('5abb5e93228c4', '59ce8c11b145c', 'Wed Mar 28 2018 11:21:23 ', 'Item \"WEA-RES2k2\" wurde dem Produkt \"WECP-HLMICRO\" angefügt.');
INSERT INTO `protocol` VALUES('5abb5e941fed8', '59ce8c11b145c', 'Wed Mar 28 2018 11:21:24 ', 'Item \"WEA-RES2k2\" wurde dem Produkt \"WECP-HLMICRO\" angefügt.');
INSERT INTO `protocol` VALUES('5abb5e9542040', '59ce8c11b145c', 'Wed Mar 28 2018 11:21:25 ', 'Item \"WEA-RES2k2\" wurde dem Produkt \"WECP-HLMICRO\" angefügt.');
INSERT INTO `protocol` VALUES('5abb5e96466c7', '59ce8c11b145c', 'Wed Mar 28 2018 11:21:26 ', 'Item \"WEA-RES2k2\" wurde dem Produkt \"WECP-HLMICRO\" angefügt.');
INSERT INTO `protocol` VALUES('5abb5e9941da4', '59ce8c11b145c', 'Wed Mar 28 2018 11:21:29 ', 'Item \"WEA-TRS2N2222\" wurde dem Produkt \"WECP-HLMICRO\" angefügt.');
CREATE TABLE `reports` (  `id` varchar(13) COLLATE utf8_unicode_ci NOT NULL,  `type` varchar(20) COLLATE utf8_unicode_ci NOT NULL,  `user_id` varchar(13) COLLATE utf8_unicode_ci NOT NULL,  `title` text COLLATE utf8_unicode_ci NOT NULL,  `description` text COLLATE utf8_unicode_ci NOT NULL,  `status` varchar(20) COLLATE utf8_unicode_ci NOT NULL,  PRIMARY KEY (`id`)) ENGINE=InnoDB DEFAULT CHARSET=utf8 COLLATE=utf8_unicode_ci;
CREATE TABLE `scrum_tasks` (  `id` varchar(13) NOT NULL,  `user_id` varchar(13) NOT NULL,  `description` text NOT NULL,  `status` varchar(50) NOT NULL,  `color` varchar(6) NOT NULL,  `points` int(5) NOT NULL,  PRIMARY KEY (`id`)) ENGINE=InnoDB DEFAULT CHARSET=latin1;
CREATE TABLE `shipping` (  `id` varchar(13) NOT NULL,  `product_nr` varchar(15) NOT NULL,  `description` varchar(255) NOT NULL,  `price` float NOT NULL,  `weight` float NOT NULL,  PRIMARY KEY (`id`)) ENGINE=InnoDB DEFAULT CHARSET=latin1;
CREATE TABLE `specials` (  `id` varchar(13) COLLATE utf8_unicode_ci NOT NULL,  `name` varchar(200) COLLATE utf8_unicode_ci NOT NULL,  `start` date NOT NULL,  `end` date NOT NULL,  `discount` float NOT NULL,  `order_limit` int(11) NOT NULL,  PRIMARY KEY (`id`)) ENGINE=InnoDB DEFAULT CHARSET=utf8 COLLATE=utf8_unicode_ci;
CREATE TABLE `timestamp` (  `id` varchar(13) COLLATE utf8_unicode_ci NOT NULL,  `user_id` varchar(13) COLLATE utf8_unicode_ci NOT NULL,  `come` datetime NOT NULL,  `go` datetime NOT NULL,  PRIMARY KEY (`id`)) ENGINE=InnoDB DEFAULT CHARSET=utf8 COLLATE=utf8_unicode_ci;
CREATE TABLE `users` (  `id` varchar(13) COLLATE utf8_unicode_ci NOT NULL,  `first_name` varchar(50) COLLATE utf8_unicode_ci NOT NULL,  `last_name` varchar(50) COLLATE utf8_unicode_ci NOT NULL,  `email` varchar(100) COLLATE utf8_unicode_ci NOT NULL,  `password` varchar(100) COLLATE utf8_unicode_ci NOT NULL,  `stamped` tinyint(1) NOT NULL,  `current_ts_id` varchar(13) COLLATE utf8_unicode_ci NOT NULL,  PRIMARY KEY (`id`)) ENGINE=InnoDB DEFAULT CHARSET=utf8 COLLATE=utf8_unicode_ci;
INSERT INTO `users` VALUES('59ce8c11b145c', 'Tobias', 'Hattinger', 'tobias.hattinger@wepen.at', 'c7b308c7ebc6def0ad3509bfebed14ca9a4fb8b6', '0', '5a97a133d41fd');
