CREATE TABLE `company_products` (  `id` varchar(13) COLLATE utf8_unicode_ci NOT NULL,  `product_nr` varchar(20) COLLATE utf8_unicode_ci NOT NULL,  `name` varchar(200) COLLATE utf8_unicode_ci NOT NULL,  `description` text COLLATE utf8_unicode_ci NOT NULL,  `comment` text COLLATE utf8_unicode_ci NOT NULL,  PRIMARY KEY (`id`)) ENGINE=InnoDB DEFAULT CHARSET=utf8 COLLATE=utf8_unicode_ci;
INSERT INTO `company_products` VALUES('59de59cf56656', 'WECP-1001', 'Etui', 'Einzelprodukt Etui\r\nKeine Stifte enthalten', '');
INSERT INTO `company_products` VALUES('59de606a1d224', 'WECP-1011', 'Kugelschreiber Blau', 'Blauer Kugelschreiber\r\nEinzelprodukt', '');
INSERT INTO `company_products` VALUES('59de60a546129', 'WECP-1012', 'Kugelschreiber Rot', 'Roter Kugelschreiber\r\nEinzelprodukt', '');
INSERT INTO `company_products` VALUES('59de62534a1e2', 'WECP-1013', 'Druckbleistift', 'Druckbleistift 0,7mm\r\nEinzelprodukt', '');
INSERT INTO `company_products` VALUES('59de62a0c9818', 'WECP-1021', 'Set', 'Box-Set:\r\n1x Kugelschreiber Blau\r\n1x Druckbleistift', '');
INSERT INTO `company_products` VALUES('59de62d1d780c', 'WECP-1022', 'Set', '	Box-Set:\r\n1x Kugelschreiber Rot\r\n1x Druckbleistift', '');
INSERT INTO `company_products` VALUES('59de63108da48', 'WECP-1023', 'Set', '	Box-Set:\r\n1x Kugelschreiber Blau\r\n1x Kugelschreiber Rot', '');
INSERT INTO `company_products` VALUES('59de6353e1774', 'WECP-1024', 'Set', 'Box-Set:\r\n2x Kugelschreiber Blau', '');
INSERT INTO `company_products` VALUES('59de637d8ccd0', 'WECP-1025', 'Set', 'Box-Set:\r\n2x Kugelschreiber Rot', '');
INSERT INTO `company_products` VALUES('59de63b036d71', 'WECP-1026', 'Set', 'Box-Set:\r\n2x Druckbleistift', '');
CREATE TABLE `customers` (  `id` varchar(13) COLLATE utf8_unicode_ci NOT NULL,  `order_nr` varchar(50) COLLATE utf8_unicode_ci NOT NULL,  `order_finished` tinyint(1) NOT NULL,  `gender` varchar(10) COLLATE utf8_unicode_ci NOT NULL,  `title` varchar(50) COLLATE utf8_unicode_ci NOT NULL,  `first_name` varchar(80) COLLATE utf8_unicode_ci NOT NULL,  `last_name` varchar(80) COLLATE utf8_unicode_ci NOT NULL,  `street` varchar(100) COLLATE utf8_unicode_ci NOT NULL,  `street_nr` varchar(10) COLLATE utf8_unicode_ci NOT NULL,  `city` varchar(100) COLLATE utf8_unicode_ci NOT NULL,  `plz` varchar(15) COLLATE utf8_unicode_ci NOT NULL,  `country` varchar(100) COLLATE utf8_unicode_ci NOT NULL,  `email` varchar(100) COLLATE utf8_unicode_ci NOT NULL,  `payment_method` varchar(20) COLLATE utf8_unicode_ci NOT NULL,  `payment_status` varchar(50) COLLATE utf8_unicode_ci NOT NULL,  `production_status` varchar(50) COLLATE utf8_unicode_ci NOT NULL,  `bill_status` varchar(20) COLLATE utf8_unicode_ci NOT NULL,  PRIMARY KEY (`id`)) ENGINE=InnoDB DEFAULT CHARSET=utf8 COLLATE=utf8_unicode_ci;
INSERT INTO `customers` VALUES('59db2df9aa28f', 'WEP-1710-1148832327', '1', 'Frau', 'Mag.', 'Elisabeth', 'Schwarz(SWAE)', '', '', '', '', '', 'paul.luger@htlvb.at', 'cash', 'paid', 'finished', 'pending');
INSERT INTO `customers` VALUES('59e7184681437', 'WEP-1710-2312606351', '1', 'Herr', '', 'Johannes', 'Molnar', '', '', '', '', '', 'johannes.molnar@htlvb.at', 'transfer', 'paid', 'finished', '');
INSERT INTO `customers` VALUES('59e73ad03f975', 'WEP-1710-2529735852', '1', 'Frau', '', 'Marianne', 'Kaltenbrunner', '', '', '', '', '', 'marianne.kaltenbrunner@htlvb.at', 'cash', 'paid', 'finished', '');
INSERT INTO `customers` VALUES('59e9bd072d573', 'WEP-1710-1920996275', '1', 'Herr', 'Josip', 'Elias', 'Werth', 'Tannenweg 2', '', 'Edt bei Lambach', '4650', 'Austria', 'werthelias@gmail.com', 'cash', 'pending', 'finished', 'pending');
INSERT INTO `customers` VALUES('59e9ca52b066d', 'WEP-1710-3047881496', '0', '', '', '', '', '', '', '', '', '', '', '', 'pending', 'not_started', 'pending');
INSERT INTO `customers` VALUES('59e9caebdd7e6', 'WEP-1710-4035602171', '1', 'Herr', 'biernoullis 3AHWII!', 'Alex', 'Mosi', 'Pausingerstaße 3', '', 'Frankenburg', '4873', 'Austria', 'mosi.alex01@gmail.com', 'cash', 'pending', 'finished', 'pending');
INSERT INTO `customers` VALUES('59e9d8f9c815b', 'WEP-1710-1307483562', '1', 'Herr', '', 'Roland', 'Pachinger', 'Bahnhofstraße', '42', 'Vöcklabruck', '4840', 'Austria', 'roland.pachinger@htlvb.at', 'cash', 'paid', 'finished', 'pending');
INSERT INTO `customers` VALUES('59e9da8b3a08e', 'WEP-1710-3964015104', '1', 'Herr', '', 'Martin', 'Franke', 'Bahnhofstraße', '42', 'Vöcklabruck', '4840', 'Austria', 'martin.franke@htlvb.at', 'cash', 'pending', 'finished', 'pending');
INSERT INTO `customers` VALUES('59e9db0ee4037', 'WEP-1710-1948083545', '1', 'Herr', '', 'Hermann', 'Bauernfeind', 'Bahnhofstraße', '42', 'Vöcklabruck', '4840', 'Austria', 'hermann.bauernfeind@htlvb.at', 'cash', 'paid', 'finished', 'pending');
INSERT INTO `customers` VALUES('59e9db8239151', 'WEP-1710-3536080597', '1', 'Frau', '', 'Gabriele', 'Huber', 'Bahnhofstraße', '42', 'Vöcklabruck', '4840', 'Austria', 'gabriele.huber@htlvb.at', 'cash', 'paid', 'finished', 'pending');
INSERT INTO `customers` VALUES('59ea03c672674', 'WEP-1710-2666643794', '0', '', '', '', '', '', '', '', '', '', '', '', 'pending', 'not_started', 'pending');
INSERT INTO `customers` VALUES('59ea048b63615', 'WEP-1710-799559396', '0', '', '', '', '', '', '', '', '', '', '', '', 'pending', 'not_started', 'pending');
INSERT INTO `customers` VALUES('59ea04adeb8cd', 'WEP-1710-47472024', '0', '', '', '', '', '', '', '', '', '', '', '', 'pending', 'not_started', 'pending');
INSERT INTO `customers` VALUES('59ea04b638cc8', 'WEP-1710-2846847382', '0', '', '', '', '', '', '', '', '', '', '', '', 'pending', 'not_started', 'pending');
INSERT INTO `customers` VALUES('59ea05b4232d5', 'WEP-1710-2888991390', '0', '', '', '', '', '', '', '', '', '', '', '', 'pending', 'not_started', 'pending');
INSERT INTO `customers` VALUES('59ea05cc41b46', 'WEP-1710-689370961', '0', '', '', '', '', '', '', '', '', '', '', '', 'pending', 'not_started', 'pending');
INSERT INTO `customers` VALUES('59ea05d5cb529', 'WEP-1710-2365179560', '0', '', '', '', '', '', '', '', '', '', '', '', 'pending', 'not_started', 'pending');
INSERT INTO `customers` VALUES('59ea07abebf8f', 'WEP-1710-372935916', '0', '', '', '', '', '', '', '', '', '', '', '', 'pending', 'not_started', 'pending');
INSERT INTO `customers` VALUES('59ea3aab52881', 'WEP-1710-783240610', '0', '', '', '', '', '', '', '', '', '', '', '', 'pending', 'not_started', 'pending');
INSERT INTO `customers` VALUES('59ea5654e78ef', 'WEP-1710-1436647695', '1', 'Herr', '', 'Franz', 'Lerchner', 'Strass', '6', 'Timelkam', '4850', 'Austria', 'franz.lerchner@let.at', 'cash', 'on_delivery', 'finished', 'pending');
INSERT INTO `customers` VALUES('59eb6ee3b7493', 'WEP-1710-2118998166', '0', '', '', '', '', '', '', '', '', '', '', '', 'pending', 'not_started', 'pending');
INSERT INTO `customers` VALUES('59eb7b6d232b3', 'WEP-1710-316321208', '0', '', '', '', '', '', '', '', '', '', '', '', 'pending', 'not_started', 'pending');
INSERT INTO `customers` VALUES('59eb7bb71c213', 'WEP-1710-1633707729', '1', 'Herr', '', 'Dominik', 'Bauernfeind', 'Weiterschwang', '62', 'Gampern', '4851', 'Austria', 'musikus18@gmx.at', 'cash', 'pending', 'finished', 'pending');
INSERT INTO `customers` VALUES('59ec6cf062154', 'WEP-1710-2434099711', '0', '', '', '', '', '', '', '', '', '', '', '', 'pending', 'not_started', 'pending');
INSERT INTO `customers` VALUES('59ec6fee1a9c8', 'WEP-1710-2810808545', '0', '', '', '', '', '', '', '', '', '', '', '', 'pending', 'not_started', 'pending');
INSERT INTO `customers` VALUES('59ec781ba1fd6', 'WEP-1710-3100582776', '0', '', '', '', '', '', '', '', '', '', '', '', 'pending', 'not_started', 'pending');
INSERT INTO `customers` VALUES('59ec9a1c1277e', 'WEP-1710-3226470688', '0', 'Herr', '', 'Tobias', 'Hattinger', 'Dörflstraße ', '48', 'Vöcklabruck', '4840', 'Austria', 'tobias.hattinger@gmx.at', 'transfer', 'pending', 'not_started', 'pending');
INSERT INTO `customers` VALUES('59ec9c8559c08', 'WEP-1710-3965112577', '0', 'Herr', '', 'Tobias', 'Hattinger', 'Dörflstraße ', '48', 'Vöcklabruck', '4840', 'Austria', 'tobias.hattinger@gmx.at', 'cash', 'pending', 'not_started', 'pending');
INSERT INTO `customers` VALUES('59ec9e3347105', 'WEP-1710-3697268397', '0', '', '', '', '', '', '', '', '', '', '', '', 'pending', 'not_started', 'pending');
INSERT INTO `customers` VALUES('59ecf66e5d6d1', 'WEP-1710-1405394047', '0', '', '', '', '', '', '', '', '', '', '', '', 'pending', 'not_started', 'pending');
INSERT INTO `customers` VALUES('59ed1499d7a63', 'WEP-1710-2926931941', '0', '', '', '', '', '', '', '', '', '', '', '', 'pending', 'not_started', 'pending');
INSERT INTO `customers` VALUES('59edcf87e54d5', 'WEP-1710-4036711509', '0', '', '', '', '', '', '', '', '', '', '', '', 'pending', 'not_started', 'pending');
INSERT INTO `customers` VALUES('59ede85c672c5', 'WEP-1710-2480264894', '0', '', '', '', '', '', '', '', '', '', '', '', 'pending', 'not_started', 'pending');
INSERT INTO `customers` VALUES('59edeb62a2e88', 'WEP-1710-3898492873', '0', '', '', '', '', '', '', '', '', '', '', '', 'pending', 'not_started', 'pending');
INSERT INTO `customers` VALUES('59edebfaa1e9a', 'WEP-1710-1628576075', '0', '', '', '', '', '', '', '', '', '', '', '', 'pending', 'not_started', 'pending');
INSERT INTO `customers` VALUES('59ee065891939', 'WEP-1710-1733490414', '0', '', '', '', '', '', '', '', '', '', '', '', 'pending', 'not_started', 'pending');
INSERT INTO `customers` VALUES('59ee077db8c0a', 'WEP-1710-2707770286', '0', '', '', '', '', '', '', '', '', '', '', '', 'pending', 'not_started', 'pending');
INSERT INTO `customers` VALUES('59ee1f4e1ff91', 'WEP-1710-1362207317', '1', 'Frau', 'Mag.', 'Kornelia', 'Senzenberger', 'Raschbach ', '2', 'Aurach am Hongar', '4861', 'Austria', 'connect@re-source.at', 'cash', 'pending', 'finished', 'pending');
INSERT INTO `customers` VALUES('59ef332e305d5', 'WEP-1710-3923613511', '0', '', '', '', '', '', '', '', '', '', '', '', 'pending', 'not_started', 'pending');
INSERT INTO `customers` VALUES('59ef33ba9b883', 'WEP-1710-2089278888', '0', '', '', '', '', '', '', '', '', '', '', '', 'pending', 'not_started', 'pending');
INSERT INTO `customers` VALUES('59ef3597abfcc', 'WEP-1710-3135597967', '0', '', '', '', '', '', '', '', '', '', '', '', 'pending', 'not_started', 'pending');
INSERT INTO `customers` VALUES('59ef363e222fa', 'WEP-1710-2725186334', '0', '', '', '', '', '', '', '', '', '', '', '', 'pending', 'not_started', 'pending');
INSERT INTO `customers` VALUES('59f0b37e54668', 'WEP-1710-2285190262', '0', '', '', '', '', '', '', '', '', '', '', '', 'pending', 'not_started', 'pending');
INSERT INTO `customers` VALUES('59f1950fe375e', 'WEP-1710-400926698', '0', '', '', '', '', '', '', '', '', '', '', '', 'pending', 'not_started', 'pending');
INSERT INTO `customers` VALUES('59f1d3cc61411', 'WEP-1710-2039199913', '0', '', '', '', '', '', '', '', '', '', '', '', 'pending', 'not_started', 'pending');
INSERT INTO `customers` VALUES('59f1e55ce5a1d', 'WEP-1710-471905824', '0', '', '', '', '', '', '', '', '', '', '', '', 'pending', 'not_started', 'pending');
INSERT INTO `customers` VALUES('59f215cd3445b', 'WEP-1710-690381082', '0', '', '', '', '', '', '', '', '', '', '', '', 'pending', 'not_started', 'pending');
INSERT INTO `customers` VALUES('59f22a6361a43', 'WEP-1710-2227497999', '0', '', '', '', '', '', '', '', '', '', '', '', 'pending', 'not_started', 'pending');
INSERT INTO `customers` VALUES('59f2b39e37732', 'WEP-1710-3054722089', '0', '', '', '', '', '', '', '', '', '', '', '', 'pending', 'not_started', 'pending');
INSERT INTO `customers` VALUES('59f2b6e97592f', 'WEP-1710-886921795', '0', '', '', '', '', '', '', '', '', '', '', '', 'pending', 'not_started', 'pending');
INSERT INTO `customers` VALUES('59f2e9a0628ec', 'WEP-1710-3796620378', '0', '', '', '', '', '', '', '', '', '', '', '', 'pending', 'not_started', 'pending');
INSERT INTO `customers` VALUES('59f313ec8f5d0', 'WEP-1710-3604528442', '0', '', '', '', '', '', '', '', '', '', '', '', 'pending', 'not_started', 'pending');
INSERT INTO `customers` VALUES('59f347853885c', 'WEP-1710-2162383322', '0', '', '', '', '', '', '', '', '', '', '', '', 'pending', 'not_started', 'pending');
INSERT INTO `customers` VALUES('59f347e7b417b', 'WEP-1710-2238436366', '0', '', '', '', '', '', '', '', '', '', '', '', 'pending', 'not_started', 'pending');
INSERT INTO `customers` VALUES('59f42b91ed932', 'WEP-1710-671603558', '0', '', '', '', '', '', '', '', '', '', '', '', 'pending', 'not_started', 'pending');
INSERT INTO `customers` VALUES('59f4afad53ef5', 'WEP-1710-4073635990', '0', '', '', '', '', '', '', '', '', '', '', '', 'pending', 'not_started', 'pending');
INSERT INTO `customers` VALUES('59f4b1de8788b', 'WEP-1710-3980733856', '0', '', '', '', '', '', '', '', '', '', '', '', 'pending', 'not_started', 'pending');
INSERT INTO `customers` VALUES('59f5e3c1ad258', 'WEP-1710-3603811984', '0', '', '', '', '', '', '', '', '', '', '', '', 'pending', 'not_started', 'pending');
INSERT INTO `customers` VALUES('59f611098b51a', 'WEP-1710-3037098182', '0', '', '', '', '', '', '', '', '', '', '', '', 'pending', 'not_started', 'pending');
INSERT INTO `customers` VALUES('59f6e2ea1ee2f', 'WEP-1710-2358518743', '0', '', '', '', '', '', '', '', '', '', '', '', 'pending', 'not_started', 'pending');
INSERT INTO `customers` VALUES('59f6ee968b7c6', 'WEP-1710-4142398129', '0', '', '', '', '', '', '', '', '', '', '', '', 'pending', 'not_started', 'pending');
INSERT INTO `customers` VALUES('59f6eecc9711a', 'WEP-1710-2840985159', '0', '', '', '', '', '', '', '', '', '', '', '', 'pending', 'not_started', 'pending');
INSERT INTO `customers` VALUES('59f6ef29337e8', 'WEP-1710-2950285689', '0', '', '', '', '', '', '', '', '', '', '', '', 'pending', 'not_started', 'pending');
INSERT INTO `customers` VALUES('59f6ef56c8422', 'WEP-1710-2392778752', '0', '', '', '', '', '', '', '', '', '', '', '', 'pending', 'not_started', 'pending');
INSERT INTO `customers` VALUES('59f70e340f334', 'WEP-1710-2914002900', '0', '', '', '', '', '', '', '', '', '', '', '', 'pending', 'not_started', 'pending');
INSERT INTO `customers` VALUES('59f71d9be3fd7', 'WEP-1710-333985369', '0', '', '', '', '', '', '', '', '', '', '', '', 'pending', 'not_started', 'pending');
INSERT INTO `customers` VALUES('59f7201f66c76', 'WEP-1710-3717840887', '0', '', '', '', '', '', '', '', '', '', '', '', 'pending', 'not_started', 'pending');
INSERT INTO `customers` VALUES('59f72eb86b2ed', 'WEP-1710-1606022160', '0', '', '', '', '', '', '', '', '', '', '', '', 'pending', 'not_started', 'pending');
INSERT INTO `customers` VALUES('59f73ffd662cf', 'WEP-1710-3691286718', '0', '', '', '', '', '', '', '', '', '', '', '', 'pending', 'not_started', 'pending');
INSERT INTO `customers` VALUES('59f7403d1b732', 'WEP-1710-1103476991', '0', '', '', '', '', '', '', '', '', '', '', '', 'pending', 'not_started', 'pending');
INSERT INTO `customers` VALUES('59f741267acc3', 'WEP-1710-1092954092', '0', '', '', '', '', '', '', '', '', '', '', '', 'pending', 'not_started', 'pending');
INSERT INTO `customers` VALUES('59f744f96cd8d', 'WEP-1710-3822198602', '0', '', '', '', '', '', '', '', '', '', '', '', 'pending', 'not_started', 'pending');
INSERT INTO `customers` VALUES('59fb2e12eb4fc', 'WEP-1711-1844976627', '0', '', '', '', '', '', '', '', '', '', '', '', 'pending', 'not_started', 'pending');
INSERT INTO `customers` VALUES('59ff84350b47f', 'WEP-1711-1476730032', '0', '', '', '', '', '', '', '', '', '', '', '', 'pending', 'not_started', 'pending');
INSERT INTO `customers` VALUES('59ff844c68673', 'WEP-1711-3190031544', '0', '', '', '', '', '', '', '', '', '', '', '', 'pending', 'not_started', 'pending');
INSERT INTO `customers` VALUES('59ff846bc5ff6', 'WEP-1711-810957021', '0', '', '', '', '', '', '', '', '', '', '', '', 'pending', 'not_started', 'pending');
INSERT INTO `customers` VALUES('59ffad2f6a04f', 'WEP-1711-997420107', '0', '', '', '', '', '', '', '', '', '', '', '', 'pending', 'not_started', 'pending');
INSERT INTO `customers` VALUES('59fffa94a04e2', 'WEP-1711-605728984', '0', '', '', '', '', '', '', '', '', '', '', '', 'pending', 'not_started', 'pending');
INSERT INTO `customers` VALUES('59fffb6971b60', 'WEP-1711-3040919731', '0', '', '', '', '', '', '', '', '', '', '', '', 'pending', 'not_started', 'pending');
INSERT INTO `customers` VALUES('59ffff9993789', 'WEP-1711-2391870066', '0', '', '', '', '', '', '', '', '', '', '', '', 'pending', 'not_started', 'pending');
INSERT INTO `customers` VALUES('5a002836da484', 'WEP-1711-2081361243', '0', '', '', '', '', '', '', '', '', '', '', '', 'pending', 'not_started', 'pending');
INSERT INTO `customers` VALUES('5a00307557efe', 'WEP-1711-2596291656', '0', '', '', '', '', '', '', '', '', '', '', '', 'pending', 'not_started', 'pending');
INSERT INTO `customers` VALUES('5a00671d4032a', 'WEP-1711-110338416', '1', 'Frau', '', 'Therese', 'Zweimüller', 'Sonnpichl', '10', 'Puchkirchen', '4849', 'Austria', 'Theresezweimueller@gmail.com', 'cash', 'pending', 'finished', 'pending');
INSERT INTO `customers` VALUES('5a00ad06990a1', 'WEP-1711-2109513300', '0', '', '', '', '', '', '', '', '', '', '', '', 'pending', 'not_started', 'pending');
INSERT INTO `customers` VALUES('5a00b2079fdbe', 'WEP-1711-2312037107', '0', '', '', '', '', '', '', '', '', '', '', '', 'pending', 'not_started', 'pending');
INSERT INTO `customers` VALUES('5a00b25ee78ea', 'WEP-1711-1647250659', '0', '', '', '', '', '', '', '', '', '', '', '', 'pending', 'not_started', 'pending');
INSERT INTO `customers` VALUES('5a00b4ec1bfaa', 'WEP-1711-804454690', '0', '', '', '', '', '', '', '', '', '', '', '', 'pending', 'not_started', 'pending');
INSERT INTO `customers` VALUES('5a00bdb6dba71', 'WEP-1711-2728000695', '0', '', '', '', '', '', '', '', '', '', '', '', 'pending', 'not_started', 'pending');
INSERT INTO `customers` VALUES('5a01cdce52b0b', 'WEP-1711-3836763404', '0', '', '', '', '', '', '', '', '', '', '', '', 'pending', 'not_started', 'pending');
INSERT INTO `customers` VALUES('5a01d857d1593', 'WEP-1711-2332094733', '0', '', '', '', '', '', '', '', '', '', '', '', 'pending', 'not_started', 'pending');
INSERT INTO `customers` VALUES('5a021a76a25e6', 'WEP-1711-660373460', '0', '', '', '', '', '', '', '', '', '', '', '', 'pending', 'not_started', 'pending');
INSERT INTO `customers` VALUES('5a021e9721524', 'WEP-1711-2347419385', '1', 'Herr', 'Dipl. Ing.', 'Tobias', 'Zweimüller', 'Sonnpichl', '10', 'Puchkirchen am Trattberg', '4849', 'Austria', 'tobiaszweimueller@hotmail.com', 'cash', 'pending', 'finished', 'pending');
INSERT INTO `customers` VALUES('5a04019c0d627', 'WEP-1711-3559988038', '0', '', '', '', '', '', '', '', '', '', '', '', 'pending', 'not_started', 'pending');
INSERT INTO `customers` VALUES('5a0430fc1a231', 'WEP-1711-2124731346', '0', '', '', '', '', '', '', '', '', '', '', '', 'pending', 'not_started', 'pending');
INSERT INTO `customers` VALUES('5a0455398cefa', 'WEP-1711-397495051', '1', 'Herr', '', 'Dominik', 'Bauernfeind', '', '', '', '', 'Austria', 'musikus18@gmx.at', 'cash', 'pending', 'finished', 'pending');
INSERT INTO `customers` VALUES('5a049959df3f3', 'WEP-1711-194306488', '1', 'Herr', '', 'Markus', 'Schernberger', 'Am Weinberg, 37', 'Schüler/i', 'Ohlsdorf', '4694', 'Austria', 'markus.schernberger@icloud.com', 'cash', 'pending', 'in_progress', 'pending');
INSERT INTO `customers` VALUES('5a04a15c4727a', 'WEP-1711-1232778264', '1', 'Herr', 'mag dr dr ing', 'Flo', 'Drucki a.k.a der boss', 'Unterthalham', '45', 'Ohlsdorf', '4694', 'Austria', 'flo.drucki@gmx.at', 'cash', 'pending', 'finished', 'pending');
INSERT INTO `customers` VALUES('5a04c158df435', 'WEP-1711-2860952834', '0', '', '', '', '', '', '', '', '', '', '', '', 'pending', 'not_started', 'pending');
INSERT INTO `customers` VALUES('5a04c1e4aa4e5', 'WEP-1711-2700289486', '0', '', '', '', '', '', '', '', '', '', '', '', 'pending', 'not_started', 'pending');
INSERT INTO `customers` VALUES('5a04c294ab246', 'WEP-1711-578361285', '0', '', '', '', '', '', '', '', '', '', '', '', 'pending', 'not_started', 'pending');
INSERT INTO `customers` VALUES('5a04c36530faf', 'WEP-1711-1962291474', '0', '', '', '', '', '', '', '', '', '', '', '', 'pending', 'not_started', 'pending');
INSERT INTO `customers` VALUES('5a04c47ce174a', 'WEP-1711-2318696189', '0', '', '', '', '', '', '', '', '', '', '', '', 'pending', 'not_started', 'pending');
INSERT INTO `customers` VALUES('5a04c6854fee4', 'WEP-1711-3468230338', '0', '', '', '', '', '', '', '', '', '', '', '', 'pending', 'not_started', 'pending');
INSERT INTO `customers` VALUES('5a05ce06736f6', 'WEP-1711-1033714463', '0', '', '', '', '', '', '', '', '', '', '', '', 'pending', 'not_started', 'pending');
INSERT INTO `customers` VALUES('5a0630e2e7a35', 'WEP-1711-3279880070', '0', '', '', '', '', '', '', '', '', '', '', '', 'pending', 'not_started', 'pending');
CREATE TABLE `department_assigns` (  `id` varchar(13) COLLATE utf8_unicode_ci NOT NULL,  `user_id` varchar(13) COLLATE utf8_unicode_ci NOT NULL,  `department_id` varchar(13) COLLATE utf8_unicode_ci NOT NULL,  PRIMARY KEY (`id`)) ENGINE=InnoDB DEFAULT CHARSET=utf8 COLLATE=utf8_unicode_ci;
INSERT INTO `department_assigns` VALUES('59d0e4c00e085', '59ce8bf6ac404', '59d0d8ee1f3d8');
INSERT INTO `department_assigns` VALUES('59d0e4ccdd7ca', '59ce8f96cb791', '59d0d8ee1f3d8');
INSERT INTO `department_assigns` VALUES('59d0e4d5a7357', '59ce8fb1c799d', '59d0d8fd83056');
INSERT INTO `department_assigns` VALUES('59d0e4da78d45', '59ce8c0a10306', '59d0d8fd83056');
INSERT INTO `department_assigns` VALUES('59d0e4e011eb8', '59ce8fc91e63d', '59d0d8fd83056');
INSERT INTO `department_assigns` VALUES('59d0e4ec1f21a', '59ce8fb7b46e1', '59d0d8fa5bbe4');
INSERT INTO `department_assigns` VALUES('59d0e4f35a878', '59ce8fe52e82b', '59d0d8fa5bbe4');
INSERT INTO `department_assigns` VALUES('59d0e4f8a57d0', '59ce8fdd5657c', '59d0d8fa5bbe4');
INSERT INTO `department_assigns` VALUES('59d0e4ff5a8ec', '59ce8fd2cbe9a', '59d0d9011158f');
INSERT INTO `department_assigns` VALUES('59d0e50625be3', '59ce8fbe46f7f', '59d0d9011158f');
INSERT INTO `department_assigns` VALUES('59d0e50b54521', '59ce8c11b145c', '59d0d904d5e45');
INSERT INTO `department_assigns` VALUES('59d0e51442d68', '59ce8f9eaba3a', '59d0d904d5e45');
INSERT INTO `department_assigns` VALUES('59d0e51837a90', '59ce8f96cb791', '59d0d904d5e45');
INSERT INTO `department_assigns` VALUES('59d0e5224c58f', '59ce8f9eaba3a', '59d0d908d4e0b');
INSERT INTO `department_assigns` VALUES('59d0e558e9650', '59ce8c0a10306', '59d0d908d4e0b');
INSERT INTO `department_assigns` VALUES('59d0e55ff1d2e', '59ce8fa616a11', '59d0d90c86c3b');
INSERT INTO `department_assigns` VALUES('59d0e5657ab82', '59ce8fbe46f7f', '59d0d90c86c3b');
INSERT INTO `department_assigns` VALUES('59f0d507e3c15', '59ce8c11b145c', '59d0d9011158f');
CREATE TABLE `departments` (  `id` varchar(13) COLLATE utf8_unicode_ci NOT NULL,  `department` varchar(100) COLLATE utf8_unicode_ci NOT NULL,  PRIMARY KEY (`id`)) ENGINE=InnoDB DEFAULT CHARSET=utf8 COLLATE=utf8_unicode_ci;
INSERT INTO `departments` VALUES('59d0d8ee1f3d8', 'Einkauf');
INSERT INTO `departments` VALUES('59d0d8fa5bbe4', 'Konstruktion');
INSERT INTO `departments` VALUES('59d0d8fd83056', 'Produktion');
INSERT INTO `departments` VALUES('59d0d9011158f', 'Marketing');
INSERT INTO `departments` VALUES('59d0d904d5e45', 'Administration');
INSERT INTO `departments` VALUES('59d0d908d4e0b', 'Buchhaltung');
INSERT INTO `departments` VALUES('59d0d90c86c3b', 'Verkauf');
CREATE TABLE `email_recievers` (  `id` varchar(13) COLLATE utf8_unicode_ci NOT NULL,  `user_id` varchar(13) COLLATE utf8_unicode_ci NOT NULL,  `mail_id` varchar(13) COLLATE utf8_unicode_ci NOT NULL,  PRIMARY KEY (`id`)) ENGINE=InnoDB DEFAULT CHARSET=utf8 COLLATE=utf8_unicode_ci;
INSERT INTO `email_recievers` VALUES('59cea58dc6189', '59ce8c11b145c', '59cea191ef660');
INSERT INTO `email_recievers` VALUES('59cea5965be5a', '59ce8f9eaba3a', '59cea191ef660');
INSERT INTO `email_recievers` VALUES('59cea59ec04c2', '59ce8f96cb791', '59cea191ef660');
INSERT INTO `email_recievers` VALUES('59cea5ab75d17', '59ce8bf6ac404', '59cea16fe1188');
INSERT INTO `email_recievers` VALUES('59cea5ad4e372', '59ce8c0a10306', '59cea16fe1188');
INSERT INTO `email_recievers` VALUES('59cea5af31023', '59ce8c11b145c', '59cea16fe1188');
INSERT INTO `email_recievers` VALUES('59cea5b1393d5', '59ce8f96cb791', '59cea16fe1188');
INSERT INTO `email_recievers` VALUES('59cea5b3579c8', '59ce8f9eaba3a', '59cea16fe1188');
INSERT INTO `email_recievers` VALUES('59cea5b574f43', '59ce8fa616a11', '59cea16fe1188');
INSERT INTO `email_recievers` VALUES('59cea5b7b2f51', '59ce8fb1c799d', '59cea16fe1188');
INSERT INTO `email_recievers` VALUES('59cea5ba6f2d4', '59ce8fb7b46e1', '59cea16fe1188');
INSERT INTO `email_recievers` VALUES('59cea5bce3796', '59ce8fbe46f7f', '59cea16fe1188');
INSERT INTO `email_recievers` VALUES('59cea5bf776b1', '59ce8fc91e63d', '59cea16fe1188');
INSERT INTO `email_recievers` VALUES('59cea5c1d3985', '59ce8fd2cbe9a', '59cea16fe1188');
INSERT INTO `email_recievers` VALUES('59cea5c417165', '59ce8fdd5657c', '59cea16fe1188');
INSERT INTO `email_recievers` VALUES('59cea5c62b67e', '59ce8fe52e82b', '59cea16fe1188');
INSERT INTO `email_recievers` VALUES('59cea5d547151', '59ce8fb7b46e1', '59cea1847d323');
INSERT INTO `email_recievers` VALUES('59cea5d982d72', '59ce8fe52e82b', '59cea1847d323');
INSERT INTO `email_recievers` VALUES('59cea5e479424', '59ce8fdd5657c', '59cea1847d323');
INSERT INTO `email_recievers` VALUES('59cea5f015cb5', '59ce8bf6ac404', '59cea18059bfc');
INSERT INTO `email_recievers` VALUES('59cea5f9041df', '59ce8f96cb791', '59cea18059bfc');
INSERT INTO `email_recievers` VALUES('59cea60c671fa', '59ce8c11b145c', '59cea18d9c29e');
INSERT INTO `email_recievers` VALUES('59cea611a5d87', '59ce8fbe46f7f', '59cea18d9c29e');
INSERT INTO `email_recievers` VALUES('59cea6169030c', '59ce8fd2cbe9a', '59cea18d9c29e');
INSERT INTO `email_recievers` VALUES('59cea622b5070', '59ce8f9eaba3a', '59cea199c859d');
INSERT INTO `email_recievers` VALUES('59cea627e3748', '59ce8c0a10306', '59cea199c859d');
INSERT INTO `email_recievers` VALUES('59cea62d441c4', '59ce8f96cb791', '59cea199c859d');
INSERT INTO `email_recievers` VALUES('59cea63947ecc', '59ce8fb1c799d', '59cea18931924');
INSERT INTO `email_recievers` VALUES('59cea64102ba0', '59ce8c0a10306', '59cea18931924');
INSERT INTO `email_recievers` VALUES('59cea6474cb22', '59ce8fc91e63d', '59cea18931924');
INSERT INTO `email_recievers` VALUES('59cea65470e25', '59ce8fa616a11', '59cea19e9da89');
INSERT INTO `email_recievers` VALUES('59cea659f26de', '59ce8fbe46f7f', '59cea19e9da89');
INSERT INTO `email_recievers` VALUES('59d0e498abdab', '59ce8bf6ac404', '59d0d8ee1f3d8');
CREATE TABLE `emails` (  `id` varchar(13) COLLATE utf8_unicode_ci NOT NULL,  `email` varchar(100) COLLATE utf8_unicode_ci NOT NULL,  PRIMARY KEY (`id`)) ENGINE=InnoDB DEFAULT CHARSET=utf8 COLLATE=utf8_unicode_ci;
INSERT INTO `emails` VALUES('59cea16fe1188', 'company@wepen.at');
INSERT INTO `emails` VALUES('59cea18059bfc', 'einkauf@wepen.at');
INSERT INTO `emails` VALUES('59cea1847d323', 'construction@wepen.at');
INSERT INTO `emails` VALUES('59cea18931924', 'production@wepen.at');
INSERT INTO `emails` VALUES('59cea18d9c29e', 'marketing@wepen.at');
INSERT INTO `emails` VALUES('59cea191ef660', 'administration@wepen.at');
INSERT INTO `emails` VALUES('59cea199c859d', 'office@wepen.at');
INSERT INTO `emails` VALUES('59cea19e9da89', 'verkauf@wepen.at');
CREATE TABLE `font_styles` (  `id` int(11) NOT NULL AUTO_INCREMENT,  `font` varchar(100) COLLATE utf8_unicode_ci NOT NULL,  `name` varchar(100) COLLATE utf8_unicode_ci NOT NULL,  PRIMARY KEY (`id`)) ENGINE=InnoDB AUTO_INCREMENT=12 DEFAULT CHARSET=utf8 COLLATE=utf8_unicode_ci;
INSERT INTO `font_styles` VALUES('1', 'Calibri, sans-serif', 'Calibri');
INSERT INTO `font_styles` VALUES('2', 'Georgia, serif', 'Georgia');
INSERT INTO `font_styles` VALUES('3', 'Times, serif', 'Times New Roman');
INSERT INTO `font_styles` VALUES('4', 'Arial, Helvetica, sans-serif', 'Arial');
INSERT INTO `font_styles` VALUES('5', 'cursive, sans-serif', 'Comic Sans');
INSERT INTO `font_styles` VALUES('6', 'Impact, Charcoal, sans-serif', 'Impact');
INSERT INTO `font_styles` VALUES('7', 'Tahoma, Geneva, sans-serif', 'Tahoma');
INSERT INTO `font_styles` VALUES('8', 'Helvetica, sans-serif', 'Helvetica');
INSERT INTO `font_styles` VALUES('9', 'Verdana, Geneva, sans-serif', 'Verdana');
INSERT INTO `font_styles` VALUES('10', 'Courier, monospace', 'Courier');
INSERT INTO `font_styles` VALUES('11', 'Monaco, monospace', 'Monaco');
CREATE TABLE `graduating` (  `id` varchar(13) COLLATE utf8_unicode_ci NOT NULL,  `product_id` varchar(13) COLLATE utf8_unicode_ci NOT NULL,  `amount` int(11) NOT NULL,  `price_per_item` float NOT NULL,  PRIMARY KEY (`id`)) ENGINE=InnoDB DEFAULT CHARSET=utf8 COLLATE=utf8_unicode_ci;
INSERT INTO `graduating` VALUES('59e7700de147c', '59e7700de0bc4', '1', '11.9');
INSERT INTO `graduating` VALUES('59e773b21d42c', '59de59cf56656', '1', '15.9');
INSERT INTO `graduating` VALUES('59e773d1b9280', '59de606a1d224', '1', '6');
INSERT INTO `graduating` VALUES('59e773d723c35', '59de60a546129', '1', '6.5');
INSERT INTO `graduating` VALUES('59e773dcc5d96', '59de62534a1e2', '1', '6');
INSERT INTO `graduating` VALUES('59e773e28acfd', '59de62a0c9818', '1', '24.9');
INSERT INTO `graduating` VALUES('59e7742188719', '59de62d1d780c', '1', '24.9');
INSERT INTO `graduating` VALUES('59e7742bcd414', '59de63108da48', '1', '24.9');
INSERT INTO `graduating` VALUES('59e7742f6933e', '59de6353e1774', '1', '24.9');
INSERT INTO `graduating` VALUES('59e77432d52aa', '59de637d8ccd0', '1', '26.9');
INSERT INTO `graduating` VALUES('59e7743721099', '59de63b036d71', '1', '24.9');
INSERT INTO `graduating` VALUES('59e774ac89ca9', '59e7700de0bc4', '1', '10');
INSERT INTO `graduating` VALUES('59e83e0c2950c', '59de62a0c9818', '5', '22.9');
INSERT INTO `graduating` VALUES('59e83e1180236', '59de62a0c9818', '10', '19.9');
INSERT INTO `graduating` VALUES('59e83e60d9cf2', '59de6353e1774', '5', '22.9');
INSERT INTO `graduating` VALUES('59e83e65cf3ba', '59de6353e1774', '10', '19.9');
INSERT INTO `graduating` VALUES('59e83e6f61275', '59de63b036d71', '5', '22.9');
INSERT INTO `graduating` VALUES('59e83e743eb7a', '59de63b036d71', '10', '19.9');
INSERT INTO `graduating` VALUES('59f869b30bee9', '59de62d1d780c', '5', '22.9');
INSERT INTO `graduating` VALUES('59f869b978f39', '59de62d1d780c', '10', '19.9');
INSERT INTO `graduating` VALUES('59f869c56d6b6', '59de63108da48', '5', '22.9');
INSERT INTO `graduating` VALUES('59f869ca4af89', '59de63108da48', '10', '19.9');
CREATE TABLE `items` (  `id` varchar(13) COLLATE utf8_unicode_ci NOT NULL,  `name` varchar(200) COLLATE utf8_unicode_ci NOT NULL,  `number` varchar(50) COLLATE utf8_unicode_ci NOT NULL,  `description` text COLLATE utf8_unicode_ci NOT NULL,  `unit` varchar(10) COLLATE utf8_unicode_ci NOT NULL,  `price` float NOT NULL,  `price_per_amt` int(5) NOT NULL,  `order_size` int(5) NOT NULL,  `material` varchar(20) COLLATE utf8_unicode_ci NOT NULL,  `weight` float NOT NULL,  `geometry` varchar(20) COLLATE utf8_unicode_ci NOT NULL,  `size` varchar(100) COLLATE utf8_unicode_ci NOT NULL,  `comment` text COLLATE utf8_unicode_ci NOT NULL,  `alert_amt` int(5) NOT NULL,  `stock` int(5) NOT NULL,  PRIMARY KEY (`id`)) ENGINE=InnoDB DEFAULT CHARSET=utf8 COLLATE=utf8_unicode_ci;
INSERT INTO `items` VALUES('59db84d273354', 'Holzbox', 'WEA-0001', 'Holzbox, Zukaufteil, unbearbeitet,\r\nhält 2 Stifte,\r\nScharniere: 2 Stk. in der Schachtel eingearbeitet ', 'Stk.', '600', '150', '150', 'Holz', '0', 'Quader', '00x00x00', 'Scharniere standardmäßig zu Steif', '20', '87');
INSERT INTO `items` VALUES('59db86a0c7623', 'Kugelschreiber-Hülle', 'WEA-0002', 'Hülle für Kugelschreiber\r\nAußenmaterial: Holz\r\nBlaue Mine bei Bestellung inkludiert', 'Stk.', '10', '50', '50', 'Sonstiges', '0', 'Sonstiges', '0', '', '10', '102');
INSERT INTO `items` VALUES('59db86ea0c1f6', 'Druckbleistift', 'WEA-0003', 'Druckbleistift\r\nMinengröße: 0,5mm\r\nMinen sind bei Bestellung inkludiert', 'Stk.', '10', '50', '50', 'Sonstiges', '0', 'Sonstiges', '0', '', '10', '20');
INSERT INTO `items` VALUES('59db8758dd5ff', 'Kugelschreiber-Mine (Blau)', 'WEA-0004', 'Blaue Mine für Artikel WEA-0002\r\nMine bei genannten Produkt inkludiert', 'Stk.', '5', '50', '50', 'Aluminium', '0', 'Sonstiges', '0', '', '10', '86');
INSERT INTO `items` VALUES('59db878c76af0', 'Kugelschreiber-Mine (Rot)', 'WEA-0005', 'Rote Mine für Artikel WEA-0002', 'Stk.', '5', '50', '50', 'Aluminium', '0', 'Sonstiges', '0', '', '10', '6');
CREATE TABLE `marketing_elements` (  `id` varchar(13) COLLATE utf8_unicode_ci NOT NULL,  `section_id` varchar(13) COLLATE utf8_unicode_ci NOT NULL,  `type` varchar(20) COLLATE utf8_unicode_ci NOT NULL,  `title` varchar(200) COLLATE utf8_unicode_ci NOT NULL,  `content` text COLLATE utf8_unicode_ci NOT NULL,  `image` varchar(200) COLLATE utf8_unicode_ci NOT NULL,  PRIMARY KEY (`id`)) ENGINE=InnoDB DEFAULT CHARSET=utf8 COLLATE=utf8_unicode_ci;
INSERT INTO `marketing_elements` VALUES('59f0d0e2e2b57', '59f0b244a911d', 'img2', 'Logo Version 1', '&copy; Manuel Weißböck', '/files/content/marketing/59f0d13049192.jpg');
INSERT INTO `marketing_elements` VALUES('59f0d0e5e49de', '59f0b244a911d', 'img2', 'Logo Version 2', '&copy; Stjepan Marcikic', '/files/content/marketing/59f0d1a007382.png');
INSERT INTO `marketing_elements` VALUES('59f0d0f15722c', '59f0b2776cce5', 'img2', 'Variante 1', '&copy; Manuel Weißböck', '/files/content/marketing/59f0d40530890.jpg');
INSERT INTO `marketing_elements` VALUES('59f0d0f5816bf', '59f0b2776cce5', 'img2', 'Variante 2', '&copy; Stjepan Marcikic', '/files/content/marketing/59f0d1fb3dac2.jpg');
INSERT INTO `marketing_elements` VALUES('59f7583c4dbe3', '59f75822f1be6', 'text1', 'Facebook', '<a href=\"https://www.facebook.com/wepenjc/\">Facebook-Link</a>', '/files/content/logos/logo_ver_2.png');
CREATE TABLE `marketing_sections` (  `id` varchar(13) COLLATE utf8_unicode_ci NOT NULL,  `name` varchar(100) COLLATE utf8_unicode_ci NOT NULL,  PRIMARY KEY (`id`)) ENGINE=InnoDB DEFAULT CHARSET=utf8 COLLATE=utf8_unicode_ci;
INSERT INTO `marketing_sections` VALUES('59f0b244a911d', 'Logos');
INSERT INTO `marketing_sections` VALUES('59f0b2776cce5', 'Plakate');
INSERT INTO `marketing_sections` VALUES('59f75822f1be6', 'Social Media(WIP)');
CREATE TABLE `orders` (  `id` varchar(13) COLLATE utf8_unicode_ci NOT NULL,  `customer_id` varchar(13) COLLATE utf8_unicode_ci NOT NULL,  `product_id` varchar(13) COLLATE utf8_unicode_ci NOT NULL,  PRIMARY KEY (`id`)) ENGINE=InnoDB DEFAULT CHARSET=utf8 COLLATE=utf8_unicode_ci;
INSERT INTO `orders` VALUES('59da580dcce8c', '59da50c2e8f46', '59da57e757b7c');
INSERT INTO `orders` VALUES('59da581f2fcb2', '59da50c2e8f46', '59da581895fbd');
INSERT INTO `orders` VALUES('59da8580d07b1', '59da84904cf9a', '59da84dcb5699');
INSERT INTO `orders` VALUES('59da86069fe65', '59da84904cf9a', '59da85c174f4d');
INSERT INTO `orders` VALUES('59db19187d30f', '59db18b34f3d8', '59db18c4d1390');
INSERT INTO `orders` VALUES('59db1b3f5eee2', '59db1a6e853f2', '59db1afb76a5f');
INSERT INTO `orders` VALUES('59db1fc950c7f', '59db1d641189d', '59db1d9c97da9');
INSERT INTO `orders` VALUES('59db2c35c8c37', '59db2b6c3efff', '59db2c0ea6c4a');
INSERT INTO `orders` VALUES('59db2f550b8d9', '59db279d9820d', '59db2f224900b');
INSERT INTO `orders` VALUES('59db33403049b', '59db279d9820d', '59db329ad6cab');
INSERT INTO `orders` VALUES('59dc7bf66e40a', '59db2df9aa28f', '59dc7b58ab6e2');
INSERT INTO `orders` VALUES('59e1029603ac4', '59e101abe0a93', '59e1023480162');
INSERT INTO `orders` VALUES('59e24ef3de77f', '59e24ee7a2102', '59e24eefc3301');
INSERT INTO `orders` VALUES('59e63b5934457', '59e63ac8e5e18', '59e63afa85723');
INSERT INTO `orders` VALUES('59e7193527ba6', '59e7184681437', '59e7186273df0');
INSERT INTO `orders` VALUES('59e71f6a38697', '59e7185a59b20', '59e71f3ed8b9a');
INSERT INTO `orders` VALUES('59e721186fe36', '59e72049125dc', '59e720ac170fb');
INSERT INTO `orders` VALUES('59e843b550988', '59e83f51d5d16', '59e84399dc3bc');
INSERT INTO `orders` VALUES('59e870757e7f6', '59e86e9f59929', '59e86f9a805ba');
INSERT INTO `orders` VALUES('59e871326d783', '59e8709f402c5', '59e870aa19b43');
INSERT INTO `orders` VALUES('59e871c26b4c5', '59e8716e84e80', '59e8717fc5997');
INSERT INTO `orders` VALUES('59e87258a8ac3', '59e872259cb32', '59e87235eb915');
INSERT INTO `orders` VALUES('59e87328c6ff4', '59e73ad03f975', '59e872a3587d5');
INSERT INTO `orders` VALUES('59e8783786e6e', '59e877742e897', '59e877929063d');
INSERT INTO `orders` VALUES('59e8b0935e509', '59e7afb9140a1', '59e8b090152ed');
INSERT INTO `orders` VALUES('59e8ca86727e2', '59e8ca86722f2', '59e8ca86725da');
INSERT INTO `orders` VALUES('59e8ca9e95af0', '59e8ca9e957be', '59e8ca9e959ae');
INSERT INTO `orders` VALUES('59e8cb68d67e0', '59e8cb68d64cd', '59e8cb68d66d9');
INSERT INTO `orders` VALUES('59e8cca2b526c', '59e8cca2b3662', '59e8cca2b3845');
INSERT INTO `orders` VALUES('59e8cfa03f8aa', '59e8cfa03f527', '59e8cfa03f72c');
INSERT INTO `orders` VALUES('59e8e9b174a55', '59e8e9b174631', '59e8e9b1748c2');
INSERT INTO `orders` VALUES('59e8e9bab8ff1', '59e8e9bab8cca', '59e8e9bab8ee4');
INSERT INTO `orders` VALUES('59e8e9bea04e5', '59e8e9bea00ee', '59e8e9bea0365');
INSERT INTO `orders` VALUES('59e8e9decd3b3', '59e8e9decd079', '59e8e9decd295');
INSERT INTO `orders` VALUES('59e8f87c69c52', '59e8f87c6998b', '59e8f87c69b0c');
INSERT INTO `orders` VALUES('59e993f705523', '59e993f704fc0', '59e993f70532f');
INSERT INTO `orders` VALUES('59e9a2225a7d0', '59e9a2225a4ec', '59e9a2225a6c2');
INSERT INTO `orders` VALUES('59e9a227ca46c', '59e9a227c9f9f', '59e9a227ca2f3');
INSERT INTO `orders` VALUES('59e9a2453b62c', '59e9a2453b2a6', '59e9a2453b4c4');
INSERT INTO `orders` VALUES('59e9a24b3b237', '59e9a24b3ae36', '59e9a24b3b0df');
INSERT INTO `orders` VALUES('59e9a2834536f', '59e9a28345079', '59e9a28345215');
INSERT INTO `orders` VALUES('59e9a284b2788', '59e9a284b2414', '59e9a284b264d');
INSERT INTO `orders` VALUES('59e9bc7c429d5', '59e9bc7c426e4', '59e9bc7c428b7');
INSERT INTO `orders` VALUES('59e9bd072d913', '59e9bd072d573', '59e9bd072d79e');
INSERT INTO `orders` VALUES('59e9bd40e49f1', '59e9bd40e46b0', '59e9bd40e48ae');
INSERT INTO `orders` VALUES('59e9c055628a0', '59e9c055623db', '59e9c055626c4');
INSERT INTO `orders` VALUES('59e9ca52b0adf', '59e9ca52b066d', '59e9ca52b08b3');
INSERT INTO `orders` VALUES('59e9caebddb66', '59e9caebdd7e6', '59e9caebdd9e5');
INSERT INTO `orders` VALUES('59e9d341c836d', '59e9d341c803f', '59e9d341c8233');
INSERT INTO `orders` VALUES('59e9d445427bb', '59e9d445423fd', '59e9d44542602');
INSERT INTO `orders` VALUES('59e9d8f9c84f9', '59e9d8f9c815b', '59e9d8f9c835c');
INSERT INTO `orders` VALUES('59e9d9ffe98cb', '59e9d9ffe93b3', '59e9d9ffe96aa');
INSERT INTO `orders` VALUES('59e9da8b3a368', '59e9da8b3a08e', '59e9da8b3a246');
INSERT INTO `orders` VALUES('59e9db0ee440b', '59e9db0ee4037', '59e9db0ee4277');
INSERT INTO `orders` VALUES('59e9db823b976', '59e9db8239151', '59e9db82393a1');
INSERT INTO `orders` VALUES('59e9f82413deb', '59e9f82413690', '59e9f8241382d');
INSERT INTO `orders` VALUES('59ea03c672adb', '59ea03c672674', '59ea03c6728e8');
INSERT INTO `orders` VALUES('59ea048b639c4', '59ea048b63615', '59ea048b63827');
INSERT INTO `orders` VALUES('59ea04adebcb0', '59ea04adeb8cd', '59ea04adebae5');
INSERT INTO `orders` VALUES('59ea04b638ff4', '59ea04b638cc8', '59ea04b638e8f');
INSERT INTO `orders` VALUES('59ea05b4237d5', '59ea05b4232d5', '59ea05b4234eb');
INSERT INTO `orders` VALUES('59ea05cc41eda', '59ea05cc41b46', '59ea05cc41d58');
INSERT INTO `orders` VALUES('59ea05d5cb8c4', '59ea05d5cb529', '59ea05d5cb734');
INSERT INTO `orders` VALUES('59ea07abec367', '59ea07abebf8f', '59ea07abec1b8');
INSERT INTO `orders` VALUES('59ea3aab52bfb', '59ea3aab52881', '59ea3aab52a7c');
INSERT INTO `orders` VALUES('59ea4bfff38e3', '59ea4bfff3538', '59ea4bfff377b');
INSERT INTO `orders` VALUES('59ea4c63a590f', '59ea4bfff3538', '59ea4c63a576a');
INSERT INTO `orders` VALUES('59ea5654e7df8', '59ea5654e78ef', '59ea5654e7c61');
INSERT INTO `orders` VALUES('59eb6bac415b9', '59eb6bac4113e', '59eb6bac41436');
INSERT INTO `orders` VALUES('59eb6ee3b78fc', '59eb6ee3b7493', '59eb6ee3b7756');
INSERT INTO `orders` VALUES('59eb7b6d235e8', '59eb7b6d232b3', '59eb7b6d234c0');
INSERT INTO `orders` VALUES('59eb7bb71c574', '59eb7bb71c213', '59eb7bb71c416');
INSERT INTO `orders` VALUES('59ec6cf0625c4', '59ec6cf062154', '59ec6cf062431');
INSERT INTO `orders` VALUES('59ec6fee1ad62', '59ec6fee1a9c8', '59ec6fee1abe3');
INSERT INTO `orders` VALUES('59ec781ba22f6', '59ec781ba1fd6', '59ec781ba21ac');
INSERT INTO `orders` VALUES('59ec9a1c12c4d', '59ec9a1c1277e', '59ec9a1c12a40');
INSERT INTO `orders` VALUES('59ec9c8559f1b', '59ec9c8559c08', '59ec9c8559dd5');
INSERT INTO `orders` VALUES('59ec9e3347482', '59ec9e3347105', '59ec9e334731d');
INSERT INTO `orders` VALUES('59ec9f6ad63b5', '59ec9f6ad6037', '59ec9f6ad620b');
INSERT INTO `orders` VALUES('59eca13563a3e', '59eca135635f9', '59eca1356386d');
INSERT INTO `orders` VALUES('59eca14fd62ce', '59eca135635f9', '59eca14fd608f');
INSERT INTO `orders` VALUES('59ecf66e5db9e', '59ecf66e5d6d1', '59ecf66e5d992');
INSERT INTO `orders` VALUES('59ed1499d82d3', '59ed1499d7a63', '59ed1499d7f24');
INSERT INTO `orders` VALUES('59ed9ed127580', '59ed9ed127143', '59ed9ed1273d4');
INSERT INTO `orders` VALUES('59edcf87e5add', '59edcf87e54d5', '59edcf87e5846');
INSERT INTO `orders` VALUES('59ede85c675ee', '59ede85c672c5', '59ede85c674b5');
INSERT INTO `orders` VALUES('59edeb62a31de', '59edeb62a2e88', '59edeb62a3071');
INSERT INTO `orders` VALUES('59edebfaa22b1', '59edebfaa1e9a', '59edebfaa2167');
INSERT INTO `orders` VALUES('59ee065891dfc', '59ee065891939', '59ee065891be3');
INSERT INTO `orders` VALUES('59ee077db8f30', '59ee077db8c0a', '59ee077db8e0c');
INSERT INTO `orders` VALUES('59ee1f4e20333', '59ee1f4e1ff91', '59ee1f4e20123');
INSERT INTO `orders` VALUES('59ef1a8d2f296', '59ef1a8d2eed5', '59ef1a8d2f102');
INSERT INTO `orders` VALUES('59ef332e3097b', '59ef332e305d5', '59ef332e307b5');
INSERT INTO `orders` VALUES('59ef33ba9bc19', '59ef33ba9b883', '59ef33ba9ba9f');
INSERT INTO `orders` VALUES('59ef3597ac3b4', '59ef3597abfcc', '59ef3597ac247');
INSERT INTO `orders` VALUES('59ef363e22641', '59ef363e222fa', '59ef363e22500');
INSERT INTO `orders` VALUES('59f058d6cedcc', '59f058d6ce9b4', '59f058d6cec0f');
INSERT INTO `orders` VALUES('59f0798d7f3ae', '59f0798d7f052', '59f0798d7f23f');
INSERT INTO `orders` VALUES('59f0b37e54b77', '59f0b37e54668', '59f0b37e54997');
INSERT INTO `orders` VALUES('59f1950fe3b4b', '59f1950fe375e', '59f1950fe395b');
INSERT INTO `orders` VALUES('59f1d3cc619b4', '59f1d3cc61411', '59f1d3cc617c9');
INSERT INTO `orders` VALUES('59f1e55ce5e22', '59f1e55ce5a1d', '59f1e55ce5c87');
INSERT INTO `orders` VALUES('59f215cd34a0f', '59f215cd3445b', '59f215cd3477d');
INSERT INTO `orders` VALUES('59f22a6361dc3', '59f22a6361a43', '59f22a6361c24');
INSERT INTO `orders` VALUES('59f2b39e37c90', '59f2b39e37732', '59f2b39e37a33');
INSERT INTO `orders` VALUES('59f2b6e975cfb', '59f2b6e97592f', '59f2b6e975b89');
INSERT INTO `orders` VALUES('59f2e9a062c3e', '59f2e9a0628ec', '59f2e9a062ad5');
INSERT INTO `orders` VALUES('59f313ec8f9aa', '59f313ec8f5d0', '59f313ec8f7d8');
INSERT INTO `orders` VALUES('59f347853ac27', '59f347853885c', '59f3478538ac2');
INSERT INTO `orders` VALUES('59f347e7b8ebd', '59f347e7b417b', '59f347e7b4418');
INSERT INTO `orders` VALUES('59f42b91edd90', '59f42b91ed932', '59f42b91edb7b');
INSERT INTO `orders` VALUES('59f4afad57d49', '59f4afad53ef5', '59f4afad56e6e');
INSERT INTO `orders` VALUES('59f4b1de87d8a', '59f4b1de8788b', '59f4b1de87b5f');
INSERT INTO `orders` VALUES('59f5e3c1c0457', '59f5e3c1ad258', '59f5e3c1bf8a7');
INSERT INTO `orders` VALUES('59f611098ba9c', '59f611098b51a', '59f611098b819');
INSERT INTO `orders` VALUES('59f6e2ea1f2d2', '59f6e2ea1ee2f', '59f6e2ea1f0e6');
INSERT INTO `orders` VALUES('59f6e9eabc9e7', '59f6e9eabc670', '59f6e9eabc8a1');
INSERT INTO `orders` VALUES('59f6eae1cbf50', '59f6eae1cbc0a', '59f6eae1cbdeb');
INSERT INTO `orders` VALUES('59f6ee968bb30', '59f6ee968b7c6', '59f6ee968b9bb');
INSERT INTO `orders` VALUES('59f6eecc974ee', '59f6eecc9711a', '59f6eecc97315');
INSERT INTO `orders` VALUES('59f6eef04b33c', '59f6eef04affc', '59f6eef04b1ea');
INSERT INTO `orders` VALUES('59f6ef2933ba0', '59f6ef29337e8', '59f6ef2933a0e');
INSERT INTO `orders` VALUES('59f6ef56c875b', '59f6ef56c8422', '59f6ef56c85ff');
INSERT INTO `orders` VALUES('59f70e340f80b', '59f70e340f334', '59f70e340f5ec');
INSERT INTO `orders` VALUES('59f71d9be45d1', '59f71d9be3fd7', '59f71d9be4477');
INSERT INTO `orders` VALUES('59f7201f672a5', '59f7201f66c76', '59f7201f67066');
INSERT INTO `orders` VALUES('59f72eb870fd3', '59f72eb86b2ed', '59f72eb870b01');
INSERT INTO `orders` VALUES('59f73ffd6688f', '59f73ffd662cf', '59f73ffd6660c');
INSERT INTO `orders` VALUES('59f7403d1ba57', '59f7403d1b732', '59f7403d1b8f3');
INSERT INTO `orders` VALUES('59f741267b063', '59f741267acc3', '59f741267aef9');
INSERT INTO `orders` VALUES('59f744f96d10b', '59f744f96cd8d', '59f744f96cfd7');
INSERT INTO `orders` VALUES('59f86938867c4', '59f8693886487', '59f8693886671');
INSERT INTO `orders` VALUES('59f86c71974f3', '59f86c71970f5', '59f86c71972d8');
INSERT INTO `orders` VALUES('59fb2e12f1069', '59fb2e12eb4fc', '59fb2e12ed834');
INSERT INTO `orders` VALUES('59ff84350b8dc', '59ff84350b47f', '59ff84350b6f7');
INSERT INTO `orders` VALUES('59ff844c68aca', '59ff844c68673', '59ff844c688c3');
INSERT INTO `orders` VALUES('59ff846bc6333', '59ff846bc5ff6', '59ff846bc61de');
INSERT INTO `orders` VALUES('59ffad2f70b6b', '59ffad2f6a04f', '59ffad2f6ff28');
INSERT INTO `orders` VALUES('59fffa94df2af', '59fffa94a04e2', '59fffa94c95f3');
INSERT INTO `orders` VALUES('59fffb6971ed6', '59fffb6971b60', '59fffb6971d92');
INSERT INTO `orders` VALUES('59ffff9993b1e', '59ffff9993789', '59ffff99939db');
INSERT INTO `orders` VALUES('5a002836daad9', '5a002836da484', '5a002836da842');
INSERT INTO `orders` VALUES('5a00307558265', '5a00307557efe', '5a0030755812e');
INSERT INTO `orders` VALUES('5a00671d427e8', '5a00671d4032a', '5a00671d41b8a');
INSERT INTO `orders` VALUES('5a00ad069bb31', '5a00ad06990a1', '5a00ad069b934');
INSERT INTO `orders` VALUES('5a00b207a01e0', '5a00b2079fdbe', '5a00b207a0047');
INSERT INTO `orders` VALUES('5a00b25ee7bfb', '5a00b25ee78ea', '5a00b25ee7a9e');
INSERT INTO `orders` VALUES('5a00b4ec1c380', '5a00b4ec1bfaa', '5a00b4ec1c18a');
INSERT INTO `orders` VALUES('5a00bdb6dbdc9', '5a00bdb6dba71', '5a00bdb6dbc45');
INSERT INTO `orders` VALUES('5a01cdce56423', '5a01cdce52b0b', '5a01cdce55868');
INSERT INTO `orders` VALUES('5a01d857d1889', '5a01d857d1593', '5a01d857d173a');
INSERT INTO `orders` VALUES('5a021a76a3fd8', '5a021a76a25e6', '5a021a76a3e46');
INSERT INTO `orders` VALUES('5a021e9721a7b', '5a021e9721524', '5a021e9721892');
INSERT INTO `orders` VALUES('5a04019c0da13', '5a04019c0d627', '5a04019c0d8a8');
INSERT INTO `orders` VALUES('5a040845998b8', '5a04084599546', '5a04084599766');
INSERT INTO `orders` VALUES('5a0430fc1c09c', '5a0430fc1a231', '5a0430fc1be4e');
INSERT INTO `orders` VALUES('5a0455398d30c', '5a0455398cefa', '5a0455398d163');
INSERT INTO `orders` VALUES('5a049959e2141', '5a049959df3f3', '5a049959e152d');
INSERT INTO `orders` VALUES('5a04a15c4759b', '5a04a15c4727a', '5a04a15c4744a');
INSERT INTO `orders` VALUES('5a04c158dfa77', '5a04c158df435', '5a04c158df773');
INSERT INTO `orders` VALUES('5a04c1e4aa7eb', '5a04c1e4aa4e5', '5a04c1e4aa694');
INSERT INTO `orders` VALUES('5a04c294ab68e', '5a04c294ab246', '5a04c294ab4fc');
INSERT INTO `orders` VALUES('5a04c36531406', '5a04c36530faf', '5a04c3653127e');
INSERT INTO `orders` VALUES('5a04c47ce1ab7', '5a04c47ce174a', '5a04c47ce193a');
INSERT INTO `orders` VALUES('5a04c68550244', '5a04c6854fee4', '5a04c6855010f');
INSERT INTO `orders` VALUES('5a05ce0675f0e', '5a05ce06736f6', '5a05ce0675d99');
INSERT INTO `orders` VALUES('5a0630e2ed1bb', '5a0630e2e7a35', '5a0630e2ec264');
CREATE TABLE `product_contains_items` (  `id` varchar(13) COLLATE utf8_unicode_ci NOT NULL,  `product_id` varchar(13) COLLATE utf8_unicode_ci NOT NULL,  `item_id` varchar(13) COLLATE utf8_unicode_ci NOT NULL,  PRIMARY KEY (`id`)) ENGINE=InnoDB DEFAULT CHARSET=utf8 COLLATE=utf8_unicode_ci;
INSERT INTO `product_contains_items` VALUES('59de606d3059e', '59de606a1d224', '59db86a0c7623');
INSERT INTO `product_contains_items` VALUES('59de60706f39a', '59de606a1d224', '59db8758dd5ff');
INSERT INTO `product_contains_items` VALUES('59de60bb1dd48', '59de60a546129', '59db86a0c7623');
INSERT INTO `product_contains_items` VALUES('59de60be767ec', '59de60a546129', '59db878c76af0');
INSERT INTO `product_contains_items` VALUES('59de62581bb7c', '59de62534a1e2', '59db86ea0c1f6');
INSERT INTO `product_contains_items` VALUES('59de62a45d04d', '59de62a0c9818', '59db84d273354');
INSERT INTO `product_contains_items` VALUES('59de62a7ce776', '59de62a0c9818', '59db86a0c7623');
INSERT INTO `product_contains_items` VALUES('59de62ab1989e', '59de62a0c9818', '59db8758dd5ff');
INSERT INTO `product_contains_items` VALUES('59de62ad78503', '59de62a0c9818', '59db86ea0c1f6');
INSERT INTO `product_contains_items` VALUES('59de62d330cbe', '59de62d1d780c', '59db84d273354');
INSERT INTO `product_contains_items` VALUES('59de62d841352', '59de62d1d780c', '59db86a0c7623');
INSERT INTO `product_contains_items` VALUES('59de62dc72d03', '59de62d1d780c', '59db878c76af0');
INSERT INTO `product_contains_items` VALUES('59de62de723c2', '59de62d1d780c', '59db86ea0c1f6');
INSERT INTO `product_contains_items` VALUES('59de63129f758', '59de63108da48', '59db84d273354');
INSERT INTO `product_contains_items` VALUES('59de63160e9df', '59de63108da48', '59db86a0c7623');
INSERT INTO `product_contains_items` VALUES('59de632330eb4', '59de63108da48', '59db8758dd5ff');
INSERT INTO `product_contains_items` VALUES('59de63266b30c', '59de63108da48', '59db86a0c7623');
INSERT INTO `product_contains_items` VALUES('59de6328aa2a3', '59de63108da48', '59db878c76af0');
INSERT INTO `product_contains_items` VALUES('59de63551e7f6', '59de6353e1774', '59db84d273354');
INSERT INTO `product_contains_items` VALUES('59de635802249', '59de6353e1774', '59db86a0c7623');
INSERT INTO `product_contains_items` VALUES('59de635a5788d', '59de6353e1774', '59db8758dd5ff');
INSERT INTO `product_contains_items` VALUES('59de635c74eee', '59de6353e1774', '59db86a0c7623');
INSERT INTO `product_contains_items` VALUES('59de635f00792', '59de6353e1774', '59db8758dd5ff');
INSERT INTO `product_contains_items` VALUES('59de6384a4549', '59de637d8ccd0', '59db84d273354');
INSERT INTO `product_contains_items` VALUES('59de638726d1c', '59de637d8ccd0', '59db86a0c7623');
INSERT INTO `product_contains_items` VALUES('59de6389d0f5c', '59de637d8ccd0', '59db878c76af0');
INSERT INTO `product_contains_items` VALUES('59de638c5b2a2', '59de637d8ccd0', '59db86a0c7623');
INSERT INTO `product_contains_items` VALUES('59de638e54973', '59de637d8ccd0', '59db878c76af0');
INSERT INTO `product_contains_items` VALUES('59de63b1b5ff2', '59de63b036d71', '59db84d273354');
INSERT INTO `product_contains_items` VALUES('59de63b4008d3', '59de63b036d71', '59db86ea0c1f6');
INSERT INTO `product_contains_items` VALUES('59de63b5c9790', '59de63b036d71', '59db86ea0c1f6');
INSERT INTO `product_contains_items` VALUES('59de64e04347c', '59de64def2890', '59db84d273354');
INSERT INTO `product_contains_items` VALUES('59de64e387971', '59de64def2890', '59db86a0c7623');
INSERT INTO `product_contains_items` VALUES('59de64e5e6462', '59de64def2890', '59db8758dd5ff');
INSERT INTO `product_contains_items` VALUES('59de6b078a51e', '59de59cf56656', '59db84d273354');
INSERT INTO `product_contains_items` VALUES('59e9c0c8de1c0', '59de63108da48', '59db84d273354');
INSERT INTO `product_contains_items` VALUES('59e9d2af6b1d4', '59de60a546129', '59db84d273354');
CREATE TABLE `products` (  `id` varchar(13) COLLATE utf8_unicode_ci NOT NULL,  `box_set` varchar(100) COLLATE utf8_unicode_ci NOT NULL,  `amt_pen_b` int(3) NOT NULL,  `amt_pen_r` int(3) NOT NULL,  `amt_pencil` int(3) NOT NULL,  `amt_box` int(3) NOT NULL,  `show_text1` tinyint(1) NOT NULL,  `text1_t` varchar(200) COLLATE utf8_unicode_ci NOT NULL,  `text1_h` varchar(15) COLLATE utf8_unicode_ci NOT NULL,  `text1_v` varchar(15) COLLATE utf8_unicode_ci NOT NULL,  `text1_s` varchar(4) COLLATE utf8_unicode_ci NOT NULL,  `text1_r` varchar(4) COLLATE utf8_unicode_ci NOT NULL,  `text1_f` varchar(100) COLLATE utf8_unicode_ci NOT NULL,  `show_text2` tinyint(1) NOT NULL,  `text2_t` varchar(200) COLLATE utf8_unicode_ci NOT NULL,  `text2_h` varchar(15) COLLATE utf8_unicode_ci NOT NULL,  `text2_v` varchar(15) COLLATE utf8_unicode_ci NOT NULL,  `text2_s` varchar(4) COLLATE utf8_unicode_ci NOT NULL,  `text2_r` varchar(4) COLLATE utf8_unicode_ci NOT NULL,  `text2_f` varchar(100) COLLATE utf8_unicode_ci NOT NULL,  `show_logo` tinyint(1) NOT NULL,  `logo_i` varchar(100) COLLATE utf8_unicode_ci NOT NULL,  `logo_h` varchar(15) COLLATE utf8_unicode_ci NOT NULL,  `logo_v` varchar(15) COLLATE utf8_unicode_ci NOT NULL,  `logo_s` varchar(4) COLLATE utf8_unicode_ci NOT NULL,  `logo_r` varchar(4) COLLATE utf8_unicode_ci NOT NULL,  `show_textP` tinyint(1) NOT NULL,  `textP_t` varchar(100) COLLATE utf8_unicode_ci NOT NULL,  `textP_h` varchar(15) COLLATE utf8_unicode_ci NOT NULL,  `textP_s` varchar(4) COLLATE utf8_unicode_ci NOT NULL,  `textP_f` varchar(100) COLLATE utf8_unicode_ci NOT NULL,  `logoP_i` varchar(200) COLLATE utf8_unicode_ci NOT NULL,  `show_logoP` tinyint(1) NOT NULL,  `logoP_h` varchar(15) COLLATE utf8_unicode_ci NOT NULL,  `logoP_s` varchar(4) COLLATE utf8_unicode_ci NOT NULL,  PRIMARY KEY (`id`)) ENGINE=InnoDB DEFAULT CHARSET=utf8 COLLATE=utf8_unicode_ci ROW_FORMAT=COMPACT;
INSERT INTO `products` VALUES('59da57e757b7c', 'set', '2', '0', '0', '1', '1', 'Dies ist ein Testprodukt', '196', '31', '20', '0', 'Calibri, sans-serif', '1', 'Hattinger', '508', '136', '20', '0', 'Calibri, sans-serif', '1', '59da57e757efc.png', '240', '76', '150', '0', '1', 'Tobias Hattinger', '118', '20', 'Calibri, sans-serif', '59da57fce777b.png', '1', '7', '100');
INSERT INTO `products` VALUES('59da581895fbd', 'pen', '3', '3', '1', '0', '0', '', '', '', '', '', '', '0', '', '', '', '', '', '', '0', '', '', '', '', '', '1', 'Tobias Hattinger', '9', '20', 'Calibri, sans-serif', '', '0', '10', '100');
INSERT INTO `products` VALUES('59da84dcb5699', 'set', '1', '1', '0', '1', '1', 'MOLJ', '334', '25', '20', '0', 'Helvetica, sans-serif', '1', 'education on a higher level', '259', '134', '10', '0', 'Helvetica, sans-serif', '1', '59da84dcb5a55.png', '169', '8', '304', '0', '1', 'MOLJ', '83', '20', 'Calibri, sans-serif', '59da855b73364.png', '1', '3', '72');
INSERT INTO `products` VALUES('59da85c174f4d', 'set', '1', '0', '1', '1', '1', 'Johannes Molnar', '441', '146', '20', '0', 'Calibri, sans-serif', '0', 'Ihr Text hier', '203', '124', '20', '0', 'Calibri, sans-serif', '1', '59da85c175275.png', '253', '20', '150', '0', '0', ' ', '55', '20', 'Calibri, sans-serif', '59da85d98079b.png', '1', '11', '40');
INSERT INTO `products` VALUES('59db18c4d1390', 'set', '1', '0', '1', '1', '1', 'ABCD', '561', '143', '20', '0', 'Calibri, sans-serif', '0', 'Ihr Text hier', '500', '140', '20', '0', 'Calibri, sans-serif', '1', '59db18c4dc636.png', '55', '56', '150', '0', '1', 'ABCD', '115', '24', 'Calibri, sans-serif', '59db18f81849b.png', '1', '10', '92');
INSERT INTO `products` VALUES('59db1afb76a5f', 'set', '0', '0', '4', '2', '1', 'ThE cOcOnUt NuT iS a BiG bIg NuT', '32', '17', '20', '0', 'Calibri, sans-serif', '1', 'iF yOu EaT tOo MuCh YoU gEt VeRy FaT', '189', '134', '20', '0', 'Calibri, sans-serif', '1', '59db1afb9b90c.png', '25', '57', '150', '0', '1', 'COCONUT FAMILY', '90', '20', 'Calibri, sans-serif', '59db1b0e7215b.png', '1', '5', '73');
INSERT INTO `products` VALUES('59db1d9c97da9', 'box', '0', '0', '0', '1', '1', 'Tobias du Ratte ma kau de naumen und des nima noch links faschiam', '260', '10', '20', '0', 'Calibri, sans-serif', '1', 'Tobias Zweimüller', '500', '140', '20', '0', 'Calibri, sans-serif', '0', '59db1dffbfbbd.jpg', '50', '20', '154', '-180', '0', '', '', '', '', '', '0', '', '');
INSERT INTO `products` VALUES('59db2b153e0c1', '', '0', '0', '0', '0', '1', 'Ihr Text hier', '96', '50', '20', '0', 'Calibri, sans-serif', '1', 'Ihr Text hier', '500', '140', '20', '0', 'Calibri, sans-serif', '1', '59db2b153f38a.png', '0', '1', '440', '0', '0', '', '', '', '', '', '0', '', '');
INSERT INTO `products` VALUES('59db2b6737893', '', '0', '0', '0', '0', '0', '', '260', '10', '20', '0', 'Calibri, sans-serif', '1', 'TZ', '600.267', '144.9', '19', '-39', 'Calibri, sans-serif', '1', '59db2e42b5d74.jpg', '0', '-10', '113', '1', '1', 'Ihr Text hier', '120', '20', 'Calibri, sans-serif', '59db2fe0f0cf9.jpg', '1', '63', '58');
INSERT INTO `products` VALUES('59db2c0ea6c4a', 'set', '1', '0', '1', '1', '1', '4 school', '16', '136', '24', '0', 'Times, serif', '1', 'Katrin', '541', '139', '23', '0', 'Times, serif', '0', '', '50', '20', '150', '0', '1', 'Katrin', '160', '24', 'Times, serif', '', '0', '10', '100');
INSERT INTO `products` VALUES('59db2e0c59317', '', '0', '0', '0', '0', '1', 'Paul Luger', '207', '131', '31', '0', 'Courier, monospace', '0', 'Ihr Text hier', '500', '140', '20', '0', 'Calibri, sans-serif', '1', '59db2e0c59643.png', '12', '14', '193', '0', '1', 'Ihr Text hier', '120', '20', 'Calibri, sans-serif', '', '0', '10', '100');
INSERT INTO `products` VALUES('59db2f224900b', 'set', '1', '0', '1', '1', '1', 'Ihr Text hier', '260', '10', '20', '0', 'Calibri, sans-serif', '1', 'Ihr Text hier', '500', '140', '20', '0', 'Calibri, sans-serif', '0', '', '50', '20', '150', '0', '1', 'Ihr Text hier', '120', '20', 'Calibri, sans-serif', '', '0', '10', '100');
INSERT INTO `products` VALUES('59db329ad6cab', 'set', '12', '0', '0', '6', '1', 'KAAAaaaarrrrl....', '276.997', '32.9861', '20', '0', 'Calibri, sans-serif', '1', '*spuck-spuck*', '464.983', '62.9549', '20', '0', 'Calibri, sans-serif', '1', '59db329ad6fdb.png', '0', '0', '263', '0', '1', 'Warum hat der keine Hände mehr???', '120', '15', 'Calibri, sans-serif', '59db332eebf5e.png', '1', '66', '45');
INSERT INTO `products` VALUES('59dbd20c6c7e6', '', '0', '0', '0', '0', '1', 'Ihr Text hier', '73.9495', '59.4647', '10', '-18', 'Calibri, sans-serif', '1', 'Ihr Text hier', '334', '75', '20', '0', 'Calibri, sans-serif', '0', '', '50', '20', '150', '0', '1', 'Ihr Text hier', '30', '20', 'Calibri, sans-serif', '', '0', '30', '100');
INSERT INTO `products` VALUES('59dc7b58ab6e2', 'set', '1', '1', '0', '1', '0', 'Ihr Text hier', '260', '10', '20', '0', 'Calibri, sans-serif', '1', 'SWAE', '535', '132', '25', '0', 'Monaco, monospace', '1', '59dc7b58c4a2e.png', '23', '21', '150', '0', '1', 'SWAE', '166', '23', 'Monaco, monospace', '', '0', '10', '100');
INSERT INTO `products` VALUES('59dc84b3873cd', '', '0', '0', '0', '0', '1', 'Ihr Text hier', '260', '10', '20', '0', 'Calibri, sans-serif', '1', 'klmknjnkmnjknjnjnuo', '500', '140', '10', '-6', 'Calibri, sans-serif', '0', '', '50', '20', '150', '0', '1', 'Ihr Text hier', '120', '18', 'Calibri, sans-serif', '', '0', '10', '100');
INSERT INTO `products` VALUES('59dc919549561', '', '0', '0', '0', '0', '1', 'Ihr Text hier', '501', '146', '20', '0', 'Calibri, sans-serif', '1', 'Ihr Text hier', '187', '0', '20', '0', 'Tahoma, Geneva, sans-serif', '0', '', '50', '20', '150', '0', '0', '', '', '', '', '', '0', '', '');
INSERT INTO `products` VALUES('59dc9b5c565e7', '', '0', '0', '0', '0', '1', 'Ihr Text hier', '260', '10', '20', '0', 'Calibri, sans-serif', '1', 'Ihr Text hier', '500', '140', '20', '0', 'Calibri, sans-serif', '0', '', '50', '20', '150', '0', '1', 'Ihr Text hier', '120', '20', 'Calibri, sans-serif', '', '0', '10', '100');
INSERT INTO `products` VALUES('59dc9dfcd157f', '', '0', '0', '0', '0', '1', 'Ihr Text hier', '257', '10', '20', '0', 'Calibri, sans-serif', '1', 'Ihr Text hier', '500', '140', '19', '0', 'Calibri, sans-serif', '0', '', '50', '20', '220', '0', '1', 'Ihr Text hier', '120', '20', 'Calibri, sans-serif', '', '0', '10', '100');
INSERT INTO `products` VALUES('59dce796866ca', '', '0', '0', '0', '0', '0', 'Ihr Text hier', '361', '115', '19', '0', 'Calibri, sans-serif', '1', 'Ihr Text hier', '63', '33', '20', '0', 'Calibri, sans-serif', '0', '', '50', '20', '150', '0', '0', '', '', '', '', '', '0', '', '');
INSERT INTO `products` VALUES('59dde68235884', '', '0', '0', '0', '0', '1', 'Pimmelberger', '110', '69', '20', '0', 'Calibri, sans-serif', '1', 'Ihr Text hier', '500', '140', '20', '0', 'Calibri, sans-serif', '0', '', '50', '20', '150', '0', '1', 'Ihr Text hier', '174', '20', 'Calibri, sans-serif', '', '0', '10', '100');
INSERT INTO `products` VALUES('59de1ec9e32d3', '', '0', '0', '0', '0', '1', 'Ihr Text hier', '346', '133', '20', '0', 'Calibri, sans-serif', '0', 'Ihr Text hier', '215', '62', '16', '0', 'Calibri, sans-serif', '0', '', '50', '20', '150', '0', '0', '', '', '', '', '', '0', '', '');
INSERT INTO `products` VALUES('59de39810ee5d', '', '0', '0', '0', '0', '1', 'Ihr Text hier', '260', '10', '20', '0', 'Calibri, sans-serif', '1', 'Ihr Text hier', '500', '140', '20', '0', 'Calibri, sans-serif', '0', '', '50', '20', '150', '0', '1', 'Ihr Text hier', '120', '20', 'Calibri, sans-serif', '', '0', '10', '100');
INSERT INTO `products` VALUES('59df05b4428f8', '', '0', '0', '0', '0', '1', 'Ihr Text hier', '260', '10', '20', '0', 'Calibri, sans-serif', '1', 'Ihr Text hier', '500', '140', '20', '0', 'Calibri, sans-serif', '0', '', '50', '20', '150', '0', '1', 'Ihr Text hier', '120', '20', 'Calibri, sans-serif', '', '0', '10', '100');
INSERT INTO `products` VALUES('59df06e62f004', '', '0', '0', '0', '0', '1', 'Ihr Text hier', '260', '10', '20', '0', 'Calibri, sans-serif', '1', 'Ihr Text hier', '500', '140', '20', '0', 'Calibri, sans-serif', '0', '', '50', '55', '150', '0', '0', '', '', '', '', '', '0', '', '');
INSERT INTO `products` VALUES('59dfb28df04a5', '', '0', '0', '0', '0', '1', 'Ihr Text hier', '260', '10', '20', '0', 'Calibri, sans-serif', '1', 'Ihr Text hier', '500', '140', '20', '0', 'Calibri, sans-serif', '0', '', '50', '55', '150', '0', '0', '', '', '', '', '', '0', '', '');
INSERT INTO `products` VALUES('59dfcd37cb744', '', '0', '0', '0', '0', '1', 'Ihr Text hier', '260', '10', '20', '0', 'Calibri, sans-serif', '1', 'Ihr Text hier', '500', '140', '20', '0', 'Calibri, sans-serif', '0', '', '50', '55', '150', '0', '1', 'Ihr Text hier', '120', '20', 'Calibri, sans-serif', '', '0', '10', '90');
INSERT INTO `products` VALUES('59dfd37d28291', '', '0', '0', '0', '0', '0', 'Alisic Maid', '260', '10', '20', '0', 'Calibri, sans-serif', '1', 'Alisic Maid', '500', '140', '20', '0', 'Calibri, sans-serif', '0', '', '50', '55', '150', '0', '1', 'Alisic Maid', '120', '20', 'Calibri, sans-serif', '', '0', '10', '90');
INSERT INTO `products` VALUES('59e09946a00d4', '', '0', '0', '0', '0', '1', 'Ihr Text hier', '260', '10', '20', '0', 'Calibri, sans-serif', '1', 'TZ', '589.583', '138.133', '23', '-41', 'Calibri, sans-serif', '1', '59e09afbd88b1.jpg', '141', '-15', '110', '-90', '0', '', '', '', '', '', '0', '', '');
INSERT INTO `products` VALUES('59e09d7fa9dda', '', '0', '0', '0', '0', '1', 'Ihr Text hier', '260', '10', '20', '0', 'Calibri, sans-serif', '1', 'Ihr Text hier', '500', '140', '20', '0', 'Calibri, sans-serif', '0', '', '50', '55', '150', '0', '1', 'Ihr Text hier', '120', '20', 'Calibri, sans-serif', '', '0', '10', '90');
INSERT INTO `products` VALUES('59e1023480162', 'set', '1', '1', '0', '1', '1', '', '260', '10', '20', '0', 'Calibri, sans-serif', '1', '', '500', '140', '20', '0', 'Calibri, sans-serif', '0', '', '50', '55', '150', '0', '1', 'Christine Bauernfeind', '136', '20', 'Calibri, sans-serif', '', '0', '10', '90');
INSERT INTO `products` VALUES('59e24eefc3301', 'set', '1', '0', '1', '1', '1', 'Ihr Text hier', '260', '10', '20', '0', 'Calibri, sans-serif', '1', 'Ihr Text hier', '500', '140', '20', '0', 'Calibri, sans-serif', '0', '', '50', '55', '150', '0', '1', 'Ihr Text hier', '120', '20', 'Calibri, sans-serif', '', '0', '10', '90');
INSERT INTO `products` VALUES('59e31ae04db18', '', '0', '0', '0', '0', '0', '', '', '', '', '', '', '0', '', '', '', '', '', '', '0', '', '', '', '', '', '1', 'Ihr Text hier', '120', '20', 'Calibri, sans-serif', '', '0', '10', '90');
INSERT INTO `products` VALUES('59e31c23d8109', '', '0', '0', '0', '0', '0', 'Ihr Text hier', '355', '62', '20', '0', 'Calibri, sans-serif', '1', 'Stjepan Marcikic', '436', '143', '20', '0', 'Calibri, sans-serif', '1', '59e31c3131641.jpg', '14', '13', '272', '0', '1', 'Ihr Text hier', '120', '20', 'Calibri, sans-serif', '', '0', '10', '90');
INSERT INTO `products` VALUES('59e449364d6c6', '', '0', '0', '0', '0', '1', 'Ihr Text hier', '260', '10', '20', '0', 'Calibri, sans-serif', '1', 'Ihr Text hier', '500', '140', '20', '0', 'Calibri, sans-serif', '0', '', '50', '55', '150', '0', '1', 'Ihr Text hier', '120', '20', 'Calibri, sans-serif', '', '0', '10', '90');
INSERT INTO `products` VALUES('59e63304a6f03', '', '0', '0', '0', '0', '1', 'Ihr Text hier', '260', '10', '20', '0', 'Calibri, sans-serif', '1', 'Ihr Text hier', '500', '140', '20', '0', 'Calibri, sans-serif', '0', '', '50', '55', '150', '0', '0', '', '', '', '', '', '0', '', '');
INSERT INTO `products` VALUES('59e63afa85723', 'set', '1', '0', '1', '1', '1', 'Hallo', '260', '10', '42', '-180', 'Calibri, sans-serif', '1', 'Ihr Text hier', '500', '140', '20', '0', 'Calibri, sans-serif', '1', '59e63afaa5681.jpeg', '50', '55', '150', '0', '1', 'Ihr Text hier', '120', '20', 'Calibri, sans-serif', '', '0', '10', '90');
INSERT INTO `products` VALUES('59e64e909977b', '', '0', '0', '0', '0', '1', 'Mein neues Schreibset', '260', '10', '32', '0', 'Verdana, Geneva, sans-serif', '1', 'Ihr Text hier', '500', '140', '20', '0', 'Calibri, sans-serif', '0', '', '50', '55', '150', '0', '0', '', '', '', '', '', '0', '', '');
INSERT INTO `products` VALUES('59e717cd69997', '', '0', '0', '0', '0', '1', 'Ihr Text hier', '260', '10', '20', '0', 'Calibri, sans-serif', '1', 'Ihr Text hier', '500', '140', '20', '0', 'Calibri, sans-serif', '0', '', '50', '55', '150', '0', '1', 'Ihr Text hier', '120', '20', 'Calibri, sans-serif', '', '0', '10', '90');
INSERT INTO `products` VALUES('59e7186273df0', 'set', '1', '0', '1', '1', '0', 'Ihr Text hier', '260', '10', '20', '0', 'Calibri, sans-serif', '1', 'MOLJ', '526', '123', '20', '0', 'Calibri, sans-serif', '1', '59e718627a4bf.png', '43', '97', '150', '0', '1', 'MOLJ', '26', '20', 'Calibri, sans-serif', '', '0', '10', '90');
INSERT INTO `products` VALUES('59e71f3ed8b9a', 'set', '1', '0', '1', '1', '1', 'Ihr Text hier', '260', '10', '20', '0', 'Calibri, sans-serif', '1', 'Ihr Text hier', '500', '140', '20', '0', 'Calibri, sans-serif', '0', '', '50', '55', '150', '0', '1', 'Ihr Text hier', '120', '20', 'Calibri, sans-serif', '', '0', '10', '90');
INSERT INTO `products` VALUES('59e720ac170fb', 'set', '6', '6', '0', '6', '1', 'Meine Text da', '260', '10', '20', '0', 'Impact, Charcoal, sans-serif', '1', 'Viel schöne Name von mir schreibst du, kennst du mich?!', '272', '106', '20', '0', 'Impact, Charcoal, sans-serif', '1', '59e720ac173e5.png', '8', '53', '150', '0', '1', 'Ihr Text hier', '120', '20', 'Calibri, sans-serif', '', '0', '10', '90');
INSERT INTO `products` VALUES('59e7453e01d90', '', '0', '0', '0', '0', '1', 'Ihr Text hier', '260', '10', '20', '0', 'Calibri, sans-serif', '1', 'Ihr Text hier', '500', '140', '20', '0', 'Calibri, sans-serif', '0', '', '50', '55', '150', '0', '1', 'Ihr Text hier', '120', '20', 'Calibri, sans-serif', '', '0', '10', '90');
INSERT INTO `products` VALUES('59e84399dc3bc', '', '0', '0', '0', '0', '1', 'Ihr Text hier', '260', '10', '20', '0', 'Calibri, sans-serif', '1', 'Ihr Text hier', '500', '140', '20', '0', 'Calibri, sans-serif', '0', '', '50', '55', '150', '0', '1', 'Ihr Text hier', '120', '20', 'Calibri, sans-serif', '', '0', '10', '90');
INSERT INTO `products` VALUES('59e86f9a805ba', '', '0', '0', '0', '0', '0', 'Ihr Text hier', '260', '10', '20', '0', 'Calibri, sans-serif', '1', 'Roland Pachinger', '424', '132', '20', '0', 'Calibri, sans-serif', '1', '59e86f9a8228e.png', '18', '-22', '329', '0', '1', 'Roland Pachinger', '93', '20', 'Calibri, sans-serif', '', '0', '10', '90');
INSERT INTO `products` VALUES('59e870aa19b43', '', '0', '0', '0', '0', '0', 'Ihr Text hier', '260', '10', '20', '0', 'Calibri, sans-serif', '1', 'HUBG', '536', '126', '20', '0', 'Calibri, sans-serif', '1', '59e870aa19eb7.png', '5', '-69', '373', '0', '1', 'HUBG', '120', '20', 'Calibri, sans-serif', '', '0', '10', '90');
INSERT INTO `products` VALUES('59e8717fc5997', '', '0', '0', '0', '0', '0', 'Ihr Text hier', '260', '10', '20', '0', 'Calibri, sans-serif', '1', 'FRAM', '546', '138', '20', '0', 'Calibri, sans-serif', '1', '59e8717fc5c82.png', '0', '-53', '349', '0', '1', 'FRAM', '120', '20', 'Calibri, sans-serif', '', '0', '10', '90');
INSERT INTO `products` VALUES('59e87235eb915', '', '0', '0', '0', '0', '0', 'Ihr Text hier', '260', '10', '20', '0', 'Calibri, sans-serif', '1', 'BAUE', '546', '134', '20', '0', 'Calibri, sans-serif', '1', '59e87235ebcbb.png', '44', '-45', '338', '0', '1', 'BAUE', '120', '20', 'Calibri, sans-serif', '', '0', '10', '90');
INSERT INTO `products` VALUES('59e872a3587d5', 'set', '1', '0', '1', '1', '0', 'Ihr Text hier', '260', '10', '20', '0', 'Calibri, sans-serif', '1', 'Kaltenbrunner', '426', '143', '20', '0', 'Calibri, sans-serif', '1', '59e872e9ddcc4.png', '25', '12', '205', '0', '1', 'Kaltenbrunner', '120', '20', 'Calibri, sans-serif', '', '0', '10', '90');
INSERT INTO `products` VALUES('59e877929063d', '', '0', '0', '0', '0', '1', 'WICHTIGER TEST', '260', '10', '20', '0', 'Calibri, sans-serif', '1', 'Ihr Text hier', '500', '140', '20', '0', 'Calibri, sans-serif', '0', '', '50', '55', '150', '0', '1', 'Ihr Text !!!!!!!', '120', '20', 'Calibri, sans-serif', '', '0', '10', '90');
INSERT INTO `products` VALUES('59e8a16c78bad', '', '0', '0', '0', '0', '1', 'Ihr Text hier', '260', '10', '20', '0', 'Calibri, sans-serif', '1', 'Ihr Text hier', '500', '140', '20', '0', 'Calibri, sans-serif', '0', '', '50', '55', '150', '0', '0', '', '', '', '', '', '0', '', '');
INSERT INTO `products` VALUES('59e8ac077bb15', '', '0', '0', '0', '0', '1', 'Ihr Text hier', '260', '10', '20', '0', 'Calibri, sans-serif', '1', 'Ihr Text hier', '500', '127', '20', '0', 'Calibri, sans-serif', '0', '', '50', '55', '150', '0', '1', 'Ihr Text hier', '120', '20', 'Calibri, sans-serif', '', '0', '10', '90');
INSERT INTO `products` VALUES('59e8b090152ed', '', '0', '0', '0', '0', '1', 'Ihr Text hier', '260', '10', '20', '0', 'Calibri, sans-serif', '1', 'Ihr Text hier', '500', '140', '20', '0', 'Calibri, sans-serif', '0', '', '50', '55', '150', '0', '1', 'Ihr Text hier', '120', '20', 'Calibri, sans-serif', '', '0', '10', '90');
INSERT INTO `products` VALUES('59e8ca86725da', 'set', '2', '0', '2', '2', '1', 'Finaler Test', '260', '10', '20', '0', 'Calibri, sans-serif', '1', 'Digga', '500', '140', '20', '0', 'Calibri, sans-serif', '1', '59e8ca96098d9.png', '41', '70', '150', '0', '1', 'Stiiiift', '159', '20', 'Calibri, sans-serif', '', '1', '17', '90');
INSERT INTO `products` VALUES('59e8ca9e959ae', 'set', '1', '0', '1', '1', '1', 'Ihr Text hier', '260', '10', '20', '0', 'Calibri, sans-serif', '1', 'Ihr Text hier', '500', '140', '20', '0', 'Calibri, sans-serif', '1', '', '50', '55', '500', '-180', '1', 'Ihr Text hier', '159', '20', 'Calibri, sans-serif', '', '1', '212', '90');
INSERT INTO `products` VALUES('59e8cb68d66d9', 'set', '0', '0', '0', '0', '0', '', '', '', '', '', '', '0', '', '', '', '', '', '', '0', '', '', '', '', '', '0', '', '', '', '', '', '0', '', '');
INSERT INTO `products` VALUES('59e8cca2b3845', 'set', '0', '2', '0', '1', '0', 'Ihr Text hier', '471', '76', '43', '-62', 'Calibri, sans-serif', '0', 'Ihr Text hier', '33', '65', '45', '-33', 'Calibri, sans-serif', '0', '', '270', '29', '192', '-35', '0', 'Ihr Text hier', '120', '20', 'Calibri, sans-serif', '', '0', '10', '90');
INSERT INTO `products` VALUES('59e8cfa03f72c', 'set', '0', '0', '0', '0', '0', '', '', '', '', '', '', '0', '', '', '', '', '', '', '0', '', '', '', '', '', '0', '', '', '', '', '', '0', '', '');
INSERT INTO `products` VALUES('59e8e9b1748c2', 'set', '0', '0', '0', '0', '0', '', '', '', '', '', '', '0', '', '', '', '', '', '', '0', '', '', '', '', '', '0', '', '', '', '', '', '0', '', '');
INSERT INTO `products` VALUES('59e8e9bab8ee4', 'box', '0', '0', '0', '0', '0', '', '', '', '', '', '', '0', '', '', '', '', '', '', '0', '', '', '', '', '', '0', '', '', '', '', '', '0', '', '');
INSERT INTO `products` VALUES('59e8e9bea0365', 'pen', '0', '0', '0', '0', '0', '', '', '', '', '', '', '0', '', '', '', '', '', '', '0', '', '', '', '', '', '0', '', '', '', '', '', '0', '', '');
INSERT INTO `products` VALUES('59e8e9decd295', 'pen', '0', '0', '0', '0', '0', '', '', '', '', '', '', '0', '', '', '', '', '', '', '0', '', '', '', '', '', '0', '', '', '', '', '', '0', '', '');
INSERT INTO `products` VALUES('59e8f87c69b0c', 'set', '0', '0', '0', '0', '0', '', '', '', '', '', '', '0', '', '', '', '', '', '', '0', '', '', '', '', '', '0', '', '', '', '', '', '0', '', '');
INSERT INTO `products` VALUES('59e993f70532f', 'set', '0', '0', '2', '1', '1', 'Ihr Text hier', '260', '10', '20', '0', 'Calibri, sans-serif', '1', 'Ihr Text hier', '500', '140', '20', '0', 'Calibri, sans-serif', '1', '', '50', '55', '150', '0', '1', 'Ihr Text hier', '120', '20', 'Calibri, sans-serif', '', '1', '10', '90');
INSERT INTO `products` VALUES('59e9a2225a6c2', 'pen', '0', '0', '0', '0', '0', '', '', '', '', '', '', '0', '', '', '', '', '', '', '0', '', '', '', '', '', '0', '', '', '', '', '', '0', '', '');
INSERT INTO `products` VALUES('59e9a227ca2f3', 'set', '0', '0', '0', '0', '0', '', '', '', '', '', '', '0', '', '', '', '', '', '', '0', '', '', '', '', '', '0', '', '', '', '', '', '0', '', '');
INSERT INTO `products` VALUES('59e9a2453b4c4', 'set', '0', '0', '0', '0', '1', 'Ihr Text hier', '260', '10', '20', '0', 'Calibri, sans-serif', '1', 'Ihr Text hier', '500', '140', '20', '0', 'Calibri, sans-serif', '1', '', '50', '55', '150', '0', '1', 'Ihr Text hier', '120', '20', 'Calibri, sans-serif', '', '1', '10', '90');
INSERT INTO `products` VALUES('59e9a24b3b0df', 'box', '0', '0', '0', '0', '0', '', '', '', '', '', '', '0', '', '', '', '', '', '', '0', '', '', '', '', '', '0', '', '', '', '', '', '0', '', '');
INSERT INTO `products` VALUES('59e9a28345215', 'set', '0', '0', '0', '0', '1', 'Ihr Text hier', '260', '10', '20', '0', 'Calibri, sans-serif', '1', 'Ihr Text hier', '500', '140', '20', '0', 'Calibri, sans-serif', '1', '', '50', '55', '150', '0', '0', '', '', '', '', '', '0', '', '');
INSERT INTO `products` VALUES('59e9a284b264d', 'set', '0', '0', '0', '0', '1', 'Ihr Text hier', '260', '10', '20', '0', 'Calibri, sans-serif', '1', 'Ihr Text hier', '500', '140', '20', '0', 'Calibri, sans-serif', '1', '', '50', '55', '150', '0', '1', 'Ihr Text hier', '137', '24', 'Calibri, sans-serif', '', '1', '14', '90');
INSERT INTO `products` VALUES('59e9bc7c428b7', 'set', '0', '0', '0', '0', '0', '', '', '', '', '', '', '0', '', '', '', '', '', '', '0', '', '', '', '', '', '0', '', '', '', '', '', '0', '', '');
INSERT INTO `products` VALUES('59e9bd072d79e', 'pen', '0', '0', '1', '0', '0', '', '', '', '', '', '', '0', '', '', '', '', '', '', '0', '', '', '', '', '', '1', 'deSign', '120', '28', 'Calibri, sans-serif', '59e9bdc93c24b.jpg', '1', '10', '85');
INSERT INTO `products` VALUES('59e9bd40e48ae', 'set', '0', '0', '0', '0', '0', '', '', '', '', '', '', '0', '', '', '', '', '', '', '0', '', '', '', '', '', '0', '', '', '', '', '', '0', '', '');
INSERT INTO `products` VALUES('59e9c055626c4', 'pen', '0', '0', '0', '0', '0', '', '', '', '', '', '', '0', '', '', '', '', '', '', '0', '', '', '', '', '', '1', 'Ihr Text hier', '120', '20', 'Calibri, sans-serif', '59e9c12553ea1.jpg', '1', '10', '25');
INSERT INTO `products` VALUES('59e9ca52b08b3', 'pen', '0', '0', '0', '0', '0', '', '', '', '', '', '', '0', '', '', '', '', '', '', '0', '', '', '', '', '', '0', 'BiernoulliS', '120', '11', 'cursive, sans-serif', '59e9ca8352d75.png', '1', '10', '48');
INSERT INTO `products` VALUES('59e9caebdd9e5', 'pen', '1', '0', '0', '0', '0', '', '', '', '', '', '', '0', '', '', '', '', '', '', '0', '', '', '', '', '', '1', 'Ihr Text hier', '120', '20', 'Calibri, sans-serif', '59e9cb09c1d61.png', '1', '10', '48');
INSERT INTO `products` VALUES('59e9d341c8233', 'set', '0', '0', '0', '0', '1', 'Ihr Text hier', '260', '10', '20', '0', 'Calibri, sans-serif', '1', 'Ihr Text hier', '500', '140', '20', '0', 'Calibri, sans-serif', '1', '', '38', '61', '150', '0', '1', 'Ihr Text hier', '198', '20', 'Calibri, sans-serif', '', '1', '25', '90');
INSERT INTO `products` VALUES('59e9d44542602', 'set', '1', '1', '0', '1', '1', 'Roland Pachinger', '391', '126', '23', '0', 'Calibri, sans-serif', '0', 'Ihr Text hier', '500', '140', '20', '0', 'Calibri, sans-serif', '1', '59e9d599396f2.png', '36', '41', '250', '0', '1', 'Roland Pachinger', '38', '20', 'Calibri, sans-serif', '', '0', '10', '90');
INSERT INTO `products` VALUES('59e9d8f9c835c', 'set', '1', '1', '0', '1', '1', 'Roland Pachinger', '359', '127', '28', '0', 'Calibri, sans-serif', '0', 'Ihr Text hier', '500', '140', '20', '0', 'Calibri, sans-serif', '1', '59e9d90418def.png', '36', '39', '230', '0', '1', 'Roland Pachinger', '44', '22', 'Calibri, sans-serif', '', '0', '10', '90');
INSERT INTO `products` VALUES('59e9d9ffe96aa', 'box', '0', '0', '0', '1', '1', 'Ihr Text hier', '260', '10', '20', '0', 'Calibri, sans-serif', '1', 'Ihr Text hier', '500', '140', '20', '0', 'Calibri, sans-serif', '1', '', '50', '55', '150', '0', '0', '', '', '', '', '', '0', '', '');
INSERT INTO `products` VALUES('59e9da8b3a246', 'set', '1', '0', '1', '1', '1', 'FRAM', '516', '127', '32', '0', 'Calibri, sans-serif', '0', 'Ihr Text hier', '500', '140', '20', '0', 'Calibri, sans-serif', '1', '59e9da9e1b191.png', '49', '37', '246', '0', '1', 'FRAM', '57', '20', 'Calibri, sans-serif', '', '0', '10', '90');
INSERT INTO `products` VALUES('59e9db0ee4277', 'set', '1', '0', '1', '1', '1', 'BAUE', '527', '127', '29', '0', 'Calibri, sans-serif', '0', 'Ihr Text hier', '500', '140', '20', '0', 'Calibri, sans-serif', '1', '59e9db17ed4b5.png', '47', '38', '263', '0', '1', 'BAUE', '54', '20', 'Calibri, sans-serif', '', '0', '10', '90');
INSERT INTO `products` VALUES('59e9db82393a1', 'set', '1', '1', '0', '1', '1', 'HUBG', '530', '129', '28', '0', 'Calibri, sans-serif', '0', 'Ihr Text hier', '500', '140', '20', '0', 'Calibri, sans-serif', '1', '59e9db9404a6b.png', '35', '32', '270', '0', '1', 'HUBG', '63', '23', 'Calibri, sans-serif', '', '0', '10', '90');
INSERT INTO `products` VALUES('59e9f8241382d', 'set', '0', '0', '0', '0', '1', 'Ihr Text hier', '260', '10', '20', '0', 'Calibri, sans-serif', '1', 'Ihr Text hier', '500', '140', '20', '0', 'Calibri, sans-serif', '1', '', '50', '55', '150', '0', '0', '', '', '', '', '', '0', '', '');
INSERT INTO `products` VALUES('59ea03c6728e8', 'set', '0', '0', '0', '0', '0', '', '', '', '', '', '', '0', '', '', '', '', '', '', '0', '', '', '', '', '', '0', '', '', '', '', '', '0', '', '');
INSERT INTO `products` VALUES('59ea048b63827', 'set', '0', '0', '0', '0', '1', 'Ihr Text hier', '260', '10', '20', '0', 'Calibri, sans-serif', '1', 'Ihr Text hier', '500', '140', '20', '0', 'Calibri, sans-serif', '1', '', '50', '55', '150', '0', '0', '', '', '', '', '', '0', '', '');
INSERT INTO `products` VALUES('59ea04adebae5', 'set', '0', '0', '0', '0', '0', '', '', '', '', '', '', '0', '', '', '', '', '', '', '0', '', '', '', '', '', '0', '', '', '', '', '', '0', '', '');
INSERT INTO `products` VALUES('59ea04b638e8f', 'set', '0', '0', '0', '0', '1', 'Ihr Text hier', '260', '10', '20', '0', 'Calibri, sans-serif', '1', 'Ihr Text hier', '500', '140', '20', '0', 'Calibri, sans-serif', '1', '', '50', '55', '150', '0', '1', 'Ihr Text hier', '120', '20', 'Calibri, sans-serif', '', '1', '10', '90');
INSERT INTO `products` VALUES('59ea05b4234eb', 'set', '0', '0', '0', '0', '1', 'Ihr Text hier', '260', '10', '20', '0', 'Calibri, sans-serif', '1', 'Ihr Text hier', '500', '140', '20', '0', 'Calibri, sans-serif', '1', '', '50', '55', '150', '0', '0', '', '', '', '', '', '0', '', '');
INSERT INTO `products` VALUES('59ea05cc41d58', 'pen', '0', '0', '0', '0', '0', '', '', '', '', '', '', '0', '', '', '', '', '', '', '0', '', '', '', '', '', '0', '', '', '', '', '', '0', '', '');
INSERT INTO `products` VALUES('59ea05d5cb734', 'set', '0', '0', '0', '0', '1', 'Ihr Text hier', '260', '10', '20', '0', 'Calibri, sans-serif', '1', 'Ihr Text hier', '500', '140', '20', '0', 'Calibri, sans-serif', '1', '', '50', '55', '150', '0', '1', 'Ihr Text hier', '148', '20', 'Verdana, Geneva, sans-serif', '', '0', '19', '90');
INSERT INTO `products` VALUES('59ea07abec1b8', 'set', '0', '0', '0', '0', '1', 'Ihr Text hier', '223', '74', '20', '0', 'Calibri, sans-serif', '1', 'Ihr Text hier', '351', '104', '20', '0', 'Calibri, sans-serif', '1', '', '50', '55', '150', '0', '0', '', '', '', '', '', '0', '', '');
INSERT INTO `products` VALUES('59ea3aab52a7c', 'set', '0', '0', '0', '0', '1', 'Ihr Text hier', '260', '10', '20', '0', 'Calibri, sans-serif', '1', 'Ihr Text hier', '500', '140', '20', '0', 'Calibri, sans-serif', '1', '', '50', '55', '150', '0', '1', 'Ihr Text hier', '120', '20', 'Calibri, sans-serif', '', '1', '10', '90');
INSERT INTO `products` VALUES('59ea4bfff377b', 'set', '1', '0', '1', '1', '1', 'hjfj', '271', '65', '20', '0', 'Calibri, sans-serif', '1', 'Ihr Text hier', '385', '100', '20', '180', 'Calibri, sans-serif', '1', '59ea4c26baf97.png', '16', '-26', '162', '0', '1', 'Ihr Text hier', '120', '20', 'Calibri, sans-serif', '', '1', '10', '90');
INSERT INTO `products` VALUES('59ea4c63a576a', 'pen', '5', '4', '7', '0', '0', '', '', '', '', '', '', '0', '', '', '', '', '', '', '0', '', '', '', '', '', '1', 'Ihr Text hier', '120', '20', 'Calibri, sans-serif', '', '1', '10', '90');
INSERT INTO `products` VALUES('59ea5654e7c61', 'set', '1', '0', '1', '1', '0', 'Franz ', '531', '131', '24', '0', 'Calibri, sans-serif', '1', ' ', '500', '140', '20', '0', 'Calibri, sans-serif', '1', '59ea566e0c464.png', '9', '6', '353', '0', '1', 'LET Sonnensegel', '18', '20', 'Calibri, sans-serif', '59ea5727b27e3.png', '0', '20', '90');
INSERT INTO `products` VALUES('59eb6bac41436', 'set', '1', '0', '1', '1', '1', 'Ihr Text hier', '306', '0', '20', '0', 'Calibri, sans-serif', '1', 'kj.bulguogpiugp', '500', '140', '20', '0', 'Calibri, sans-serif', '1', '', '27', '75', '150', '0', '1', 'Dominik', '120', '20', 'Calibri, sans-serif', '', '1', '244', '90');
INSERT INTO `products` VALUES('59eb6ee3b7756', 'set', '0', '0', '0', '0', '1', 'Ihr Text hier', '260', '10', '20', '0', 'Calibri, sans-serif', '1', 'Ihr Text hier', '500', '140', '20', '0', 'Calibri, sans-serif', '1', '', '50', '55', '150', '0', '1', '', '', '', '', '', '1', '', '');
INSERT INTO `products` VALUES('59eb7b6d234c0', 'set', '0', '0', '0', '0', '1', 'Ihr Text hier', '260', '10', '20', '0', 'Calibri, sans-serif', '1', 'Ihr Text hier', '307', '63', '20', '0', 'Calibri, sans-serif', '1', '59eb7b97aa9a6.png', '23', '15', '151', '-5', '1', '', '', '', '', '', '1', '', '');
INSERT INTO `products` VALUES('59eb7bb71c416', 'set', '1', '0', '1', '1', '0', 'Steyr Box von', '443', '107', '20', '0', 'Calibri, sans-serif', '1', 'Bautschi', '401', '101', '42', '0', 'cursive, sans-serif', '1', '59eb7bbe00f40.png', '10', '0', '184', '0', '1', 'Bautschi', '16', '27', 'cursive, sans-serif', '', '1', '10', '90');
INSERT INTO `products` VALUES('59ec6cf062431', 'set', '0', '0', '0', '0', '1', 'Ihr Text hier', '260', '10', '20', '0', 'Calibri, sans-serif', '1', 'Ihr Text hier', '500', '140', '20', '0', 'Calibri, sans-serif', '1', '', '50', '55', '150', '0', '1', '', '', '', '', '', '1', '', '');
INSERT INTO `products` VALUES('59ec6fee1abe3', 'set', '0', '0', '0', '0', '1', '', '', '', '', '', '', '1', '', '', '', '', '', '', '1', '', '', '', '', '', '1', '', '', '', '', '', '1', '', '');
INSERT INTO `products` VALUES('59ec781ba21ac', 'set', '0', '0', '0', '0', '1', 'gddf', '263', '17', '20', '0', 'Calibri, sans-serif', '1', 'sdfd', '500', '140', '20', '0', 'Calibri, sans-serif', '1', '', '48', '56', '150', '0', '1', 'Ihr Text hier', '131', '20', 'Calibri, sans-serif', '', '1', '9', '90');
INSERT INTO `products` VALUES('59ec9a1c12a40', 'set', '3', '0', '3', '3', '1', 'Ihr Text hier', '260', '10', '20', '0', 'Calibri, sans-serif', '1', 'Ihr Text hier', '500', '140', '20', '0', 'Calibri, sans-serif', '1', '', '50', '55', '150', '0', '1', 'Ihr Text hier', '120', '20', 'Calibri, sans-serif', '', '1', '10', '90');
INSERT INTO `products` VALUES('59ec9c8559dd5', 'set', '3', '3', '0', '3', '1', 'Ihr Text hier', '260', '10', '20', '0', 'Calibri, sans-serif', '1', 'Ihr Text hier', '500', '140', '20', '0', 'Calibri, sans-serif', '1', '', '50', '55', '150', '0', '1', 'Ihr Text hier', '120', '20', 'Calibri, sans-serif', '', '1', '10', '90');
INSERT INTO `products` VALUES('59ec9e334731d', 'set', '0', '0', '0', '0', '1', 'Ihr Text hier', '260', '10', '20', '0', 'Calibri, sans-serif', '1', 'Ihr Text hier', '500', '140', '20', '0', 'Calibri, sans-serif', '1', '', '50', '55', '150', '0', '1', '', '', '', '', '', '1', '', '');
INSERT INTO `products` VALUES('59ec9f6ad620b', 'set', '1', '0', '1', '1', '1', 'Ihr Text hier', '260', '10', '20', '0', 'Calibri, sans-serif', '1', 'Ihr Text hier', '500', '140', '20', '0', 'Calibri, sans-serif', '1', '', '50', '55', '150', '0', '1', 'Ihr Text hier', '120', '20', 'Calibri, sans-serif', '', '1', '10', '90');
INSERT INTO `products` VALUES('59eca1356386d', 'set', '2', '2', '0', '2', '1', 'Test für Mail', '271', '77', '20', '0', 'Calibri, sans-serif', '0', 'Ihr Text hier', '500', '140', '20', '0', 'Calibri, sans-serif', '0', '', '50', '55', '150', '0', '1', 'Test', '120', '20', 'Calibri, sans-serif', '', '0', '10', '90');
INSERT INTO `products` VALUES('59eca14fd608f', 'pen', '1', '1', '3', '0', '1', '', '', '', '', '', '', '1', '', '', '', '', '', '', '1', '', '', '', '', '', '1', 'Tata', '120', '20', 'Calibri, sans-serif', '', '1', '10', '90');
INSERT INTO `products` VALUES('59ecf66e5d992', 'set', '0', '0', '0', '0', '1', '', '', '', '', '', '', '1', '', '', '', '', '', '', '1', '', '', '', '', '', '1', '', '', '', '', '', '1', '', '');
INSERT INTO `products` VALUES('59ed1499d7f24', 'set', '0', '0', '0', '0', '1', 'Ihr Text hier', '260', '10', '20', '0', 'Calibri, sans-serif', '1', 'NANDO', '500', '140', '20', '0', 'Calibri, sans-serif', '1', '', '50', '55', '237', '0', '1', '1950', '120', '20', 'Calibri, sans-serif', '', '1', '10', '90');
INSERT INTO `products` VALUES('59ed9ed1273d4', 'set', '1', '1', '0', '1', '1', 'Eigenwebung auf Eigenwebrung', '232', '37', '20', '0', 'Calibri, sans-serif', '0', 'WEPEN', '336', '136', '20', '0', 'Calibri, sans-serif', '1', '59ed9ee551124.png', '40', '50', '150', '0', '1', 'Yes We Pen', '64', '20', 'Calibri, sans-serif', '59ed9f218f46b.png', '1', '8', '47');
INSERT INTO `products` VALUES('59edcf87e5846', 'set', '0', '0', '0', '0', '1', 'Ihr Text hier', '260', '10', '32', '0', 'Calibri, sans-serif', '1', 'Ihr Text hier', '500', '140', '20', '0', 'Calibri, sans-serif', '1', '', '50', '55', '150', '0', '1', '', '', '', '', '', '1', '', '');
INSERT INTO `products` VALUES('59ede85c674b5', 'set', '0', '0', '0', '0', '1', 'Ihr Text hier', '260', '10', '20', '0', 'Calibri, sans-serif', '1', 'Ihr Text hier', '500', '140', '20', '0', 'Calibri, sans-serif', '1', '', '50', '55', '150', '0', '1', 'Ihr Text hier', '120', '20', 'Calibri, sans-serif', '', '1', '10', '90');
INSERT INTO `products` VALUES('59edeb62a3071', 'box', '0', '0', '0', '0', '1', 'Ihr Text hier', '260', '10', '20', '0', 'Calibri, sans-serif', '1', 'Ihr Text hier', '500', '140', '20', '0', 'Calibri, sans-serif', '1', '', '50', '55', '150', '0', '1', '', '', '', '', '', '1', '', '');
INSERT INTO `products` VALUES('59edebfaa2167', 'pen', '0', '0', '0', '0', '1', '', '', '', '', '', '', '1', '', '', '', '', '', '', '1', '', '', '', '', '', '1', 'Ihr Text hier', '120', '20', 'Calibri, sans-serif', '', '1', '10', '90');
INSERT INTO `products` VALUES('59ee065891be3', 'set', '0', '0', '0', '0', '1', '', '', '', '', '', '', '1', '', '', '', '', '', '', '1', '', '', '', '', '', '1', '', '', '', '', '', '1', '', '');
INSERT INTO `products` VALUES('59ee077db8e0c', 'set', '0', '0', '0', '0', '1', 'Ihr Text hier', '260', '10', '69', '0', 'Calibri, sans-serif', '1', 'Ihr Text hier', '500', '140', '20', '0', 'Calibri, sans-serif', '1', '', '50', '55', '150', '0', '1', '', '', '', '', '', '1', '', '');
INSERT INTO `products` VALUES('59ee1f4e20123', 'set', '1', '0', '1', '1', '0', 'Ihr Text hier', '260', '10', '20', '0', 'Calibri, sans-serif', '1', 'Kornelia Senzenberger', '352', '137', '20', '0', 'Calibri, sans-serif', '1', '59ee1fafdb9f3.jpg', '0', '11', '279', '0', '0', 'Ihr Text hier', '120', '20', 'Calibri, sans-serif', '59ee201e7367e.jpg', '1', '15', '133');
INSERT INTO `products` VALUES('59ef1a8d2f102', 'set', '1000000000', '1000000000', '0', '1000000000', '1', 'Ihr Text hier', '260', '10', '20', '0', 'Calibri, sans-serif', '1', 'Ihr Text hier', '500', '140', '20', '0', 'Calibri, sans-serif', '1', '', '50', '55', '150', '0', '1', 'Ihr Text hier', '120', '20', 'Calibri, sans-serif', '', '1', '10', '90');
INSERT INTO `products` VALUES('59ef332e307b5', 'box', '0', '0', '0', '0', '1', '', '', '', '', '', '', '1', '', '', '', '', '', '', '1', '', '', '', '', '', '1', '', '', '', '', '', '1', '', '');
INSERT INTO `products` VALUES('59ef33ba9ba9f', 'pen', '0', '0', '0', '0', '1', '', '', '', '', '', '', '1', '', '', '', '', '', '', '1', '', '', '', '', '', '1', '', '', '', '', '', '1', '', '');
INSERT INTO `products` VALUES('59ef3597ac247', 'set', '0', '0', '0', '0', '1', '', '', '', '', '', '', '1', '', '', '', '', '', '', '1', '', '', '', '', '', '1', '', '', '', '', '', '1', '', '');
INSERT INTO `products` VALUES('59ef363e22500', 'set', '0', '0', '0', '0', '1', '', '', '', '', '', '', '1', '', '', '', '', '', '', '1', '', '', '', '', '', '1', '', '', '', '', '', '1', '', '');
INSERT INTO `products` VALUES('59f058d6cec0f', 'set', '1', '0', '1', '1', '1', 'Ihr Text hier', '260', '10', '20', '0', 'Calibri, sans-serif', '1', 'Ihr Text hier', '500', '140', '20', '0', 'Calibri, sans-serif', '1', '', '50', '55', '150', '0', '1', 'Ihr Text hier', '120', '20', 'Calibri, sans-serif', '', '1', '10', '90');
INSERT INTO `products` VALUES('59f0798d7f23f', 'set', '1000000', '1000000', '0', '1000000', '1', 'Simone D.', '504.99', '112.979', '20', '0', 'Calibri, sans-serif', '1', 'Sexy Biene', '503.986', '141.979', '20', '0', 'Calibri, sans-serif', '0', '', '65.9931', '64.9861', '150', '0', '1', 'Simone Bienchen', '10', '20', 'Calibri, sans-serif', '', '0', '10', '500');
INSERT INTO `products` VALUES('59f0b37e54997', 'set', '0', '0', '0', '0', '1', '', '', '', '', '', '', '1', '', '', '', '', '', '', '1', '', '', '', '', '', '1', '', '', '', '', '', '1', '', '');
INSERT INTO `products` VALUES('59f1950fe395b', 'set', '0', '0', '0', '0', '1', 'Ihr Text hier', '260', '10', '20', '0', 'Calibri, sans-serif', '1', 'Ihr Text hier', '500', '140', '20', '0', 'Calibri, sans-serif', '1', '', '50', '55', '150', '0', '1', 'Ihr Text hier', '120', '20', 'Calibri, sans-serif', '', '1', '10', '90');
INSERT INTO `products` VALUES('59f1d3cc617c9', 'set', '0', '0', '0', '0', '1', 'Ihr Text hier', '260', '10', '20', '0', 'Calibri, sans-serif', '1', 'Ihr Text hier', '500', '140', '20', '0', 'Calibri, sans-serif', '1', '', '0', '-43', '500', '0', '1', '', '', '', '', '', '1', '', '');
INSERT INTO `products` VALUES('59f1e55ce5c87', 'set', '0', '0', '0', '0', '1', 'Ihr Text hier', '260', '10', '20', '0', 'Calibri, sans-serif', '1', 'Ihr Text hier', '500', '140', '20', '0', 'Calibri, sans-serif', '1', '', '50', '55', '150', '0', '1', '', '', '', '', '', '1', '', '');
INSERT INTO `products` VALUES('59f215cd3477d', 'box', '0', '0', '0', '0', '1', '', '', '', '', '', '', '1', '', '', '', '', '', '', '1', '', '', '', '', '', '1', '', '', '', '', '', '1', '', '');
INSERT INTO `products` VALUES('59f22a6361c24', 'set', '0', '0', '0', '0', '1', 'Ihr Text hier', '260', '10', '20', '0', 'Calibri, sans-serif', '1', 'Ihr Text hier', '500', '140', '20', '0', 'Calibri, sans-serif', '1', '', '50', '55', '150', '0', '1', '', '', '', '', '', '1', '', '');
INSERT INTO `products` VALUES('59f2b39e37a33', 'set', '0', '0', '0', '0', '1', 'Ihr Text hier', '260', '10', '20', '0', 'Calibri, sans-serif', '1', 'Boris ', '500', '140', '20', '0', 'Calibri, sans-serif', '1', '', '50', '55', '150', '0', '1', 'Boris', '120', '20', 'Calibri, sans-serif', '', '1', '10', '96');
INSERT INTO `products` VALUES('59f2b6e975b89', 'pen', '0', '0', '0', '0', '1', '', '', '', '', '', '', '1', '', '', '', '', '', '', '1', '', '', '', '', '', '1', '', '', '', '', '', '1', '', '');
INSERT INTO `products` VALUES('59f2e9a062ad5', 'set', '0', '0', '0', '0', '1', 'Ihr Text hier', '260', '10', '20', '0', 'Calibri, sans-serif', '1', 'Ihr Text hier', '500', '140', '20', '0', 'Calibri, sans-serif', '1', '', '50', '55', '150', '0', '1', 'Ihr Text hier', '120', '20', 'Calibri, sans-serif', '', '1', '10', '90');
INSERT INTO `products` VALUES('59f313ec8f7d8', 'set', '0', '0', '0', '0', '1', 'Ihr Text hier', '260', '10', '20', '0', 'Calibri, sans-serif', '1', 'Ihr Text hier', '500', '140', '20', '0', 'Calibri, sans-serif', '1', '', '50', '55', '150', '0', '1', 'Ihr Text hier', '120', '20', 'Calibri, sans-serif', '', '1', '10', '90');
INSERT INTO `products` VALUES('59f3478538ac2', 'set', '0', '0', '0', '0', '1', '', '', '', '', '', '', '1', '', '', '', '', '', '', '1', '', '', '', '', '', '1', '', '', '', '', '', '1', '', '');
INSERT INTO `products` VALUES('59f347e7b4418', 'set', '0', '0', '0', '0', '1', 'Ihr Text hier', '260', '10', '20', '0', 'Calibri, sans-serif', '1', 'Ihr Text hier', '500', '140', '20', '0', 'Calibri, sans-serif', '1', '59f347efbc909.png', '48', '37', '150', '0', '1', '', '', '', '', '', '1', '', '');
INSERT INTO `products` VALUES('59f42b91edb7b', 'set', '0', '0', '0', '0', '1', 'Ihr Text hier', '260', '10', '20', '0', 'Calibri, sans-serif', '1', 'Ihr Text hier', '500', '140', '20', '0', 'Calibri, sans-serif', '1', '', '50', '55', '150', '0', '1', 'Ihr Text hier', '120', '20', 'Calibri, sans-serif', '', '1', '10', '90');
INSERT INTO `products` VALUES('59f4afad56e6e', 'set', '0', '0', '0', '0', '1', 'Ihr Text hier', '260', '10', '20', '0', 'Calibri, sans-serif', '1', 'Ihr Text hier', '500', '140', '20', '0', 'Calibri, sans-serif', '1', '', '50', '55', '150', '0', '1', 'Ihr Text hier', '120', '20', 'Calibri, sans-serif', '', '1', '10', '90');
INSERT INTO `products` VALUES('59f4b1de87b5f', 'set', '0', '0', '0', '0', '1', '', '', '', '', '', '', '1', '', '', '', '', '', '', '1', '', '', '', '', '', '1', '', '', '', '', '', '1', '', '');
INSERT INTO `products` VALUES('59f5e3c1bf8a7', 'set', '0', '0', '0', '0', '1', 'Ihr Text hier', '260', '10', '20', '0', 'Calibri, sans-serif', '1', 'Ihr Text hier', '500', '140', '20', '0', 'Calibri, sans-serif', '1', '', '50', '55', '150', '0', '1', '', '', '', '', '', '1', '', '');
INSERT INTO `products` VALUES('59f611098b819', 'set', '0', '0', '0', '0', '1', '', '', '', '', '', '', '1', '', '', '', '', '', '', '1', '', '', '', '', '', '1', '', '', '', '', '', '1', '', '');
INSERT INTO `products` VALUES('59f6e2ea1f0e6', 'set', '1', '0', '1', '1', '0', 'Ihr Text hier', '260', '10', '20', '0', 'Calibri, sans-serif', '1', 'BBC NEWS', '500', '140', '20', '0', 'Calibri, sans-serif', '0', '', '50', '55', '150', '0', '1', 'Ihr Text hier', '120', '20', 'Calibri, sans-serif', '', '1', '10', '90');
INSERT INTO `products` VALUES('59f6e9eabc8a1', 'pen', '1000000', '1000000', '1000000', '0', '1', '', '', '', '', '', '', '1', '', '', '', '', '', '', '1', '', '', '', '', '', '1', 'Ihr Text hier', '120', '20', 'Calibri, sans-serif', '', '1', '10', '90');
INSERT INTO `products` VALUES('59f6eae1cbdeb', 'set', '1', '0', '1', '1', '1', 'Ihr Text hier', '260', '10', '20', '0', 'Calibri, sans-serif', '1', 'Ihr Text hier', '500', '140', '20', '0', 'Calibri, sans-serif', '1', '', '50', '55', '150', '0', '1', 'Ihr Text hier', '120', '20', 'Calibri, sans-serif', '', '1', '10', '90');
INSERT INTO `products` VALUES('59f6ee968b9bb', 'set', '0', '0', '0', '0', '1', 'Ihr Text hier', '475', '54', '16', '0', 'Calibri, sans-serif', '1', 'Ihr Text hier', '474', '66', '16', '0', 'Calibri, sans-serif', '1', '', '21', '31', '254', '0', '1', 'Ihr Text hier', '120', '20', 'Calibri, sans-serif', '', '1', '7', '89');
INSERT INTO `products` VALUES('59f6eecc97315', 'set', '0', '0', '0', '0', '1', 'Scheis', '307', '92', '20', '0', 'Calibri, sans-serif', '1', 'KU', '383', '93', '20', '0', 'Calibri, sans-serif', '1', '59f6ef04c52fa.PNG', '522', '-10', '114', '0', '1', '', '', '', '', '', '1', '', '');
INSERT INTO `products` VALUES('59f6eef04b1ea', 'set', '20', '20', '0', '20', '1', 'I Bims da coole tobi', '170', '61', '33', '16', 'cursive, sans-serif', '0', 'Ihr Text hier', '500', '140', '20', '0', 'Calibri, sans-serif', '0', '', '30', '69', '150', '0', '1', ':)', '41', '23', 'Calibri, sans-serif', '', '0', '3', '90');
INSERT INTO `products` VALUES('59f6ef2933a0e', 'pen', '0', '0', '0', '0', '1', '', '', '', '', '', '', '1', '', '', '', '', '', '', '1', '', '', '', '', '', '1', '', '', '', '', '', '1', '', '');
INSERT INTO `products` VALUES('59f6ef56c85ff', 'set', '0', '0', '0', '0', '1', 'Sebastian Wiesenauer', '194', '6', '20', '0', 'Calibri, sans-serif', '1', 'BMW', '546', '137', '24', '0', 'Calibri, sans-serif', '0', '', '27', '50', '150', '0', '1', 'BMW', '120', '20', 'Calibri, sans-serif', '', '1', '6', '90');
INSERT INTO `products` VALUES('59f70e340f5ec', 'box', '0', '0', '0', '0', '1', '', '', '', '', '', '', '1', '', '', '', '', '', '', '1', '', '', '', '', '', '1', '', '', '', '', '', '1', '', '');
INSERT INTO `products` VALUES('59f71d9be4477', 'box', '0', '0', '0', '0', '1', '', '', '', '', '', '', '1', '', '', '', '', '', '', '1', '', '', '', '', '', '1', '', '', '', '', '', '1', '', '');
INSERT INTO `products` VALUES('59f7201f67066', 'pen', '0', '0', '0', '0', '1', '', '', '', '', '', '', '1', '', '', '', '', '', '', '1', '', '', '', '', '', '1', '', '', '', '', '', '1', '', '');
INSERT INTO `products` VALUES('59f72eb870b01', 'set', '0', '0', '0', '0', '1', '', '260', '10', '20', '0', 'Calibri, sans-serif', '1', 'Ihr Text hier', '500', '140', '20', '0', 'Calibri, sans-serif', '1', '', '50', '55', '150', '0', '1', '', '', '', '', '', '1', '', '');
INSERT INTO `products` VALUES('59f73ffd6660c', 'set', '0', '0', '0', '0', '1', 'Ihr Text hier', '260', '10', '20', '0', 'Calibri, sans-serif', '1', 'Ihr Text hier', '500', '140', '20', '0', 'Calibri, sans-serif', '1', '', '50', '55', '150', '0', '1', '', '', '', '', '', '1', '', '');
INSERT INTO `products` VALUES('59f7403d1b8f3', 'set', '0', '0', '0', '0', '1', '', '', '', '', '', '', '1', '', '', '', '', '', '', '1', '', '', '', '', '', '1', '', '', '', '', '', '1', '', '');
INSERT INTO `products` VALUES('59f741267aef9', 'set', '0', '0', '0', '0', '1', 'Der beste Gäd', '92.4', '33.6667', '56', '-11', 'Impact, Charcoal, sans-serif', '0', 'Ihr Text hier', '500', '140', '20', '0', 'Calibri, sans-serif', '0', '', '50', '55', '150', '0', '1', 'Ich bin Göd', '120', '26', 'Impact, Charcoal, sans-serif', '', '0', '10', '90');
INSERT INTO `products` VALUES('59f744f96cfd7', 'set', '0', '0', '0', '0', '1', 'Ihr Text hier', '260', '10', '20', '0', 'Calibri, sans-serif', '1', 'Ihr Text hier', '500', '140', '20', '0', 'Calibri, sans-serif', '1', '', '50', '55', '150', '0', '1', 'Rocky', '120', '24', 'Impact, Charcoal, sans-serif', '', '0', '10', '90');
INSERT INTO `products` VALUES('59f8693886671', 'set', '2', '0', '0', '1', '1', 'Ihr Text hier', '260', '10', '20', '0', 'Calibri, sans-serif', '1', 'Ihr Text hier', '500', '140', '20', '0', 'Calibri, sans-serif', '1', '', '50', '55', '150', '0', '1', 'Ihr Text hier', '120', '20', 'Calibri, sans-serif', '', '1', '10', '90');
INSERT INTO `products` VALUES('59f86c71972d8', 'set', '2147483647', '0', '2147483647', '2147483647', '1', 'Ihr Text hier', '260', '10', '20', '0', 'Calibri, sans-serif', '1', 'Ihr Text hier', '500', '140', '20', '0', 'Calibri, sans-serif', '1', '', '50', '55', '150', '0', '1', 'Ihr Text hier', '120', '20', 'Calibri, sans-serif', '', '1', '10', '90');
INSERT INTO `products` VALUES('59fb2e12ed834', 'set', '0', '0', '0', '0', '1', '', '', '', '', '', '', '1', '', '', '', '', '', '', '1', '', '', '', '', '', '1', '', '', '', '', '', '1', '', '');
INSERT INTO `products` VALUES('59ff84350b6f7', 'pen', '0', '0', '0', '0', '1', '', '', '', '', '', '', '1', '', '', '', '', '', '', '1', '', '', '', '', '', '1', '', '', '', '', '', '1', '', '');
INSERT INTO `products` VALUES('59ff844c688c3', 'set', '0', '0', '0', '0', '1', '', '', '', '', '', '', '1', '', '', '', '', '', '', '1', '', '', '', '', '', '1', '', '', '', '', '', '1', '', '');
INSERT INTO `products` VALUES('59ff846bc61de', 'set', '0', '0', '0', '0', '1', 'Ihr Text hier', '260', '10', '20', '0', 'Calibri, sans-serif', '1', 'Ihr Text hier', '500', '140', '20', '0', 'Calibri, sans-serif', '1', '', '50', '55', '150', '0', '1', 'Georg Zweimüller, BSc', '120', '17', 'Tahoma, Geneva, sans-serif', '', '0', '10', '90');
INSERT INTO `products` VALUES('59ffad2f6ff28', 'box', '0', '0', '0', '0', '1', '', '', '', '', '', '', '1', '', '', '', '', '', '', '1', '', '', '', '', '', '1', '', '', '', '', '', '1', '', '');
INSERT INTO `products` VALUES('59fffa94c95f3', 'set', '0', '0', '0', '0', '1', 'Ihr Text hier', '260', '10', '20', '0', 'Calibri, sans-serif', '1', 'Ihr Text hier', '500', '140', '20', '0', 'Calibri, sans-serif', '1', '', '50', '55', '150', '0', '1', '', '', '', '', '', '1', '', '');
INSERT INTO `products` VALUES('59fffb6971d92', 'set', '0', '0', '0', '0', '1', 'Ihr Text hier', '260', '10', '20', '0', 'Calibri, sans-serif', '1', 'Ihr Text hier', '500', '140', '20', '0', 'Calibri, sans-serif', '1', '', '50', '55', '150', '0', '1', '', '', '', '', '', '1', '', '');
INSERT INTO `products` VALUES('59ffff99939db', 'set', '0', '0', '0', '0', '0', 'Ihr Text hier', '260', '10', '20', '0', 'Calibri, sans-serif', '1', 'Ihr Text hier', '500', '140', '20', '0', 'Calibri, sans-serif', '1', '', '50', '55', '150', '0', '1', 'Ihr Text hier', '120', '20', 'Calibri, sans-serif', '', '1', '10', '90');
INSERT INTO `products` VALUES('5a002836da842', 'set', '0', '0', '0', '0', '1', 'S141044404', '260', '10', '28', '-12', 'Georgia, serif', '1', 'S1410444040', '500', '140', '10', '-40', 'Georgia, serif', '1', '', '50', '55', '150', '0', '1', 'Georg Zweimüller, BSc', '120', '10', 'Courier, monospace', '', '0', '10', '90');
INSERT INTO `products` VALUES('5a0030755812e', 'box', '0', '0', '0', '0', '1', '', '', '', '', '', '', '1', '', '', '', '', '', '', '1', '', '', '', '', '', '1', '', '', '', '', '', '1', '', '');
INSERT INTO `products` VALUES('5a00671d41b8a', 'set', '0', '1', '1', '1', '1', 'S1410444040', '38', '54.98', '40', '0', 'Impact, Charcoal, sans-serif', '1', '2017', '518.99', '96.42', '40', '0', 'Impact, Charcoal, sans-serif', '1', '5a006908a126b.jpg', '369', '0', '135', '0', '1', 'Georg Zweimüller, BSc', '40', '14', 'Impact, Charcoal, sans-serif', '', '0', '10', '90');
INSERT INTO `products` VALUES('5a00ad069b934', 'set', '0', '0', '0', '0', '1', '', '', '', '', '', '', '1', '', '', '', '', '', '', '1', '', '', '', '', '', '1', '', '', '', '', '', '1', '', '');
INSERT INTO `products` VALUES('5a00b207a0047', 'box', '0', '0', '0', '0', '1', 'Ihr Text hier', '260', '10', '20', '0', 'Calibri, sans-serif', '1', 'Ihr Text hier', '500', '140', '20', '0', 'Calibri, sans-serif', '1', '', '50', '55', '150', '0', '1', '', '', '', '', '', '1', '', '');
INSERT INTO `products` VALUES('5a00b25ee7a9e', 'box', '0', '0', '0', '0', '1', 'Ihr Text hier', '260', '10', '20', '0', 'Calibri, sans-serif', '1', 'Ihr Text hier', '500', '140', '20', '0', 'Calibri, sans-serif', '1', '', '50', '55', '150', '0', '1', '', '', '', '', '', '1', '', '');
INSERT INTO `products` VALUES('5a00b4ec1c18a', 'set', '0', '0', '0', '0', '1', 'Ihr Text hier', '252', '52', '20', '0', 'Calibri, sans-serif', '1', 'Ihr Text hier', '401', '109', '20', '0', 'Calibri, sans-serif', '1', '', '79', '49', '150', '0', '1', 'Ihr Text hier', '120', '20', 'Calibri, sans-serif', '', '1', '10', '90');
INSERT INTO `products` VALUES('5a00bdb6dbc45', 'box', '0', '0', '0', '0', '1', 'Ihr Text hier', '260', '10', '20', '0', 'Calibri, sans-serif', '1', 'Ihr Text hier', '500', '140', '20', '0', 'Calibri, sans-serif', '1', '', '60', '53', '150', '0', '1', '', '', '', '', '', '1', '', '');
INSERT INTO `products` VALUES('5a01cdce55868', 'pen', '0', '0', '0', '0', '1', '', '', '', '', '', '', '1', '', '', '', '', '', '', '1', '', '', '', '', '', '1', '', '', '', '', '', '1', '', '');
INSERT INTO `products` VALUES('5a01d857d173a', 'set', '0', '0', '0', '0', '1', '', '', '', '', '', '', '1', '', '', '', '', '', '', '1', '', '', '', '', '', '1', '', '', '', '', '', '1', '', '');
INSERT INTO `products` VALUES('5a021a76a3e46', 'set', '0', '0', '0', '0', '1', 'Ihr Text hier', '260', '10', '20', '0', 'Calibri, sans-serif', '1', 'Ihr Text hier', '500', '140', '20', '0', 'Calibri, sans-serif', '1', '5a021df29c6fa.png', '75', '21', '218', '0', '1', '', '', '', '', '', '1', '', '');
INSERT INTO `products` VALUES('5a021e9721892', 'set', '1', '0', '1', '1', '0', 'Ihr Text hier', '260', '10', '20', '0', 'Calibri, sans-serif', '1', '~All you have to decide is what to do with the time that is given to you~', '32', '5', '15', '0', 'Calibri, sans-serif', '1', '5a021f9bc09cb.png', '65', '34', '500', '0', '1', '~Mir juckt scho da Ansetzarm~', '10', '21', 'Calibri, sans-serif', '', '0', '10', '90');
INSERT INTO `products` VALUES('5a04019c0d8a8', 'set', '0', '0', '0', '0', '1', 'Ihr Text hier', '260', '10', '20', '0', 'Calibri, sans-serif', '1', 'Ihr Text hier', '500', '140', '20', '0', 'Calibri, sans-serif', '1', '', '50', '55', '150', '0', '1', 'Ihr Text hier', '120', '20', 'Calibri, sans-serif', '', '1', '10', '90');
INSERT INTO `products` VALUES('5a04084599766', 'set', '1', '0', '1', '1', '1', 'Ihr Text hier', '260', '10', '20', '0', 'Calibri, sans-serif', '1', 'Ihr Text hier', '500', '140', '20', '0', 'Calibri, sans-serif', '1', '', '50', '55', '150', '0', '1', 'Ihr Text hier', '120', '20', 'Calibri, sans-serif', '', '1', '10', '90');
INSERT INTO `products` VALUES('5a0430fc1be4e', 'set', '0', '0', '0', '0', '1', '', '', '', '', '', '', '1', '', '', '', '', '', '', '1', '', '', '', '', '', '1', '', '', '', '', '', '1', '', '');
INSERT INTO `products` VALUES('5a0455398d163', 'pen', '1', '0', '0', '0', '1', '', '', '', '', '', '', '1', '', '', '', '', '', '', '1', '', '', '', '', '', '1', 'Bautschi', '120', '20', 'Calibri, sans-serif', '', '0', '10', '90');
INSERT INTO `products` VALUES('5a049959e152d', 'set', '1', '0', '1', '1', '1', 'Schernberger Markus', '200.177', '62', '36', '12', 'Calibri, sans-serif', '1', 'AHGTI', '535.779', '5.43283', '27', '-1', 'Impact, Charcoal, sans-serif', '1', '5a049d847f8d5.png', '31', '71', '237', '0', '1', 'Schernberger Markus', '116', '20', 'Monaco, monospace', '5a049e6251315.png', '1', '10', '90');
INSERT INTO `products` VALUES('5a04a15c4744a', 'set', '1', '0', '1', '1', '1', 'Drucki', '534', '127', '20', '0', 'Calibri, sans-serif', '0', 'Ihr Text hier', '500', '140', '20', '0', 'Calibri, sans-serif', '1', '5a04a1887c11c.png', '3', '-9', '353', '0', '1', 'Drogerie Gräfinger', '37', '27', 'Calibri, sans-serif', '', '0', '10', '90');
INSERT INTO `products` VALUES('5a04c158df773', 'pen', '0', '0', '0', '0', '1', '', '', '', '', '', '', '1', '', '', '', '', '', '', '1', '', '', '', '', '', '1', '', '', '', '', '', '1', '', '');
INSERT INTO `products` VALUES('5a04c1e4aa694', 'set', '0', '0', '0', '0', '1', 'Ihr Text hier', '260', '10', '20', '0', 'Calibri, sans-serif', '1', 'Ihr Text hier', '500', '140', '20', '0', 'Calibri, sans-serif', '1', '', '50', '55', '150', '0', '1', '', '', '', '', '', '1', '', '');
INSERT INTO `products` VALUES('5a04c294ab4fc', 'set', '0', '0', '0', '0', '1', 'Ihr Text hier', '260', '10', '20', '0', 'Calibri, sans-serif', '1', 'Ihr Text hier', '500', '140', '20', '0', 'Calibri, sans-serif', '1', '', '50', '55', '150', '0', '1', '', '', '', '', '', '1', '', '');
INSERT INTO `products` VALUES('5a04c3653127e', 'set', '0', '0', '0', '0', '1', '', '', '', '', '', '', '1', '', '', '', '', '', '', '1', '', '', '', '', '', '1', '', '', '', '', '', '1', '', '');
INSERT INTO `products` VALUES('5a04c47ce193a', 'set', '0', '0', '0', '0', '1', 'Ihr Text hier', '260', '10', '20', '0', 'Calibri, sans-serif', '1', 'Ihr Text hier', '500', '140', '20', '0', 'Calibri, sans-serif', '1', '', '50', '55', '150', '0', '1', '', '', '', '', '', '1', '', '');
INSERT INTO `products` VALUES('5a04c6855010f', 'set', '0', '0', '0', '0', '1', 'Ihr Text hier', '260', '10', '10', '0', 'Calibri, sans-serif', '1', 'Ihr Text hier', '500', '140', '20', '0', 'Calibri, sans-serif', '1', '', '50', '55', '150', '0', '1', '', '', '', '', '', '1', '', '');
INSERT INTO `products` VALUES('5a05ce0675d99', 'box', '0', '0', '0', '0', '1', '', '', '', '', '', '', '1', '', '', '', '', '', '', '1', '', '', '', '', '', '1', '', '', '', '', '', '1', '', '');
INSERT INTO `products` VALUES('5a0630e2ec264', 'pen', '0', '0', '0', '0', '1', '', '', '', '', '', '', '1', '', '', '', '', '', '', '1', '', '', '', '', '', '1', '', '', '', '', '', '1', '', '');
CREATE TABLE `reports` (  `id` varchar(13) COLLATE utf8_unicode_ci NOT NULL,  `type` varchar(20) COLLATE utf8_unicode_ci NOT NULL,  `user_id` varchar(13) COLLATE utf8_unicode_ci NOT NULL,  `title` text COLLATE utf8_unicode_ci NOT NULL,  `description` text COLLATE utf8_unicode_ci NOT NULL,  `status` varchar(20) COLLATE utf8_unicode_ci NOT NULL,  PRIMARY KEY (`id`)) ENGINE=InnoDB DEFAULT CHARSET=utf8 COLLATE=utf8_unicode_ci;
INSERT INTO `reports` VALUES('59eb2f1ee6597', 'request', '59ce8c11b145c', 'Test-Anfrage', 'Ich will:\r\nDas\r\nDas\r\nUnd auch das', 'finished');
INSERT INTO `reports` VALUES('59eb2fa2d3def', 'bug', '59ce8c11b145c', 'Test-Fehlerbericht', 'Punkt 1\r\nPunkt 2\r\nPunkt 3', 'finished');
INSERT INTO `reports` VALUES('59ed8318ef7c1', 'request', '59ce8fd2cbe9a', 'TOBI WICHTIG', 'Marketing -> Social Media Reiter\r\nMarketing -> Werbung -> Eigene Reiter und Daten/Text einfügen', 'finished');
INSERT INTO `reports` VALUES('59ed83b13e726', 'bug', '59ce8fd2cbe9a', 'CSS ', 'CSS ladet nicht immer neu.', 'finished');
INSERT INTO `reports` VALUES('59f0d5cf2ad46', 'request', '59ce8c11b145c', 'Stempelzeit', 'Gesamte Stempelzeit anzeigen', 'pending');
INSERT INTO `reports` VALUES('59f4add49b27d', 'request', '59ce8c11b145c', 'Staffelung Designer', '- Korrektes anzeigen von Staffelungen im Designer\r\n- Einzelpreis stetig anzeigen\r\n- Einzelpreis dynamisch ändern in abhängigkeit von Menge', 'finished');
CREATE TABLE `specials` (  `id` varchar(13) COLLATE utf8_unicode_ci NOT NULL,  `name` varchar(200) COLLATE utf8_unicode_ci NOT NULL,  `start` date NOT NULL,  `end` date NOT NULL,  `discount` float NOT NULL,  `order_limit` int(11) NOT NULL,  PRIMARY KEY (`id`)) ENGINE=InnoDB DEFAULT CHARSET=utf8 COLLATE=utf8_unicode_ci;
INSERT INTO `specials` VALUES('59dbb6106548d', 'Test-Special', '2000-01-01', '2000-02-01', '10', '0');
INSERT INTO `specials` VALUES('59dbb737d0fc1', 'Test-Weihnachtsspecial', '2017-12-01', '2017-12-25', '20', '120');
CREATE TABLE `timestamp` (  `id` varchar(13) COLLATE utf8_unicode_ci NOT NULL,  `user_id` varchar(13) COLLATE utf8_unicode_ci NOT NULL,  `come` datetime NOT NULL,  `go` datetime NOT NULL,  PRIMARY KEY (`id`)) ENGINE=InnoDB DEFAULT CHARSET=utf8 COLLATE=utf8_unicode_ci;
INSERT INTO `timestamp` VALUES('59d23bed98543', '59ce8c11b145c', '2017-10-02 15:15:25', '2017-10-02 16:40:03');
INSERT INTO `timestamp` VALUES('59d287c75b2fd', '59ce8c11b145c', '2017-10-02 20:39:03', '2017-10-02 21:59:01');
INSERT INTO `timestamp` VALUES('59d670de0d4da', '59ce8c11b145c', '2017-10-04 18:23:15', '2017-10-04 23:09:45');
INSERT INTO `timestamp` VALUES('59d671141b6eb', '59ce8c11b145c', '2017-10-05 14:21:32', '2017-10-05 19:23:14');
INSERT INTO `timestamp` VALUES('59d6715a52819', '59ce8c11b145c', '2017-10-05 17:52:26', '2017-10-05 20:29:43');
INSERT INTO `timestamp` VALUES('59d93e7f24b79', '59ce8c11b145c', '2017-10-07 09:21:15', '2017-10-07 12:03:45');
INSERT INTO `timestamp` VALUES('59d93e9ac3844', '59ce8c11b145c', '2017-10-07 14:56:12', '2017-10-07 18:26:14');
INSERT INTO `timestamp` VALUES('59d93ea0417f1', '59ce8c11b145c', '2017-10-07 20:52:48', '2017-10-07 23:55:38');
INSERT INTO `timestamp` VALUES('59da3e176e54a', '59ce8c11b145c', '2017-10-08 15:02:47', '2017-10-08 18:50:06');
INSERT INTO `timestamp` VALUES('59dba5d11a04d', '59ce8f96cb791', '2017-10-09 16:37:37', '2017-10-09 18:44:16');
INSERT INTO `timestamp` VALUES('59dc7acfed4c6', '59ce8fd2cbe9a', '2017-10-09 10:00:00', '2017-10-09 20:00:00');
INSERT INTO `timestamp` VALUES('59dc7c3a216b7', '59ce8fa616a11', '2017-10-10 07:52:26', '2017-10-10 07:52:46');
INSERT INTO `timestamp` VALUES('59dc7d6810775', '59ce8f96cb791', '2017-10-10 07:57:28', '2017-10-10 09:34:12');
INSERT INTO `timestamp` VALUES('59dc7d8a2f616', '59ce8c11b145c', '2017-10-10 07:58:02', '2017-10-10 08:40:06');
INSERT INTO `timestamp` VALUES('59dc7d8bbe413', '59ce8fd2cbe9a', '2017-10-10 07:58:03', '2017-10-11 09:33:18');
INSERT INTO `timestamp` VALUES('59dc7dbdad64b', '59ce8fe52e82b', '2017-10-10 07:58:53', '2017-10-10 08:19:30');
INSERT INTO `timestamp` VALUES('59dc7ddc5147d', '59ce8fdd5657c', '2017-10-10 07:59:24', '2017-10-10 08:19:36');
INSERT INTO `timestamp` VALUES('59dc7f2c9691e', '59ce8fa616a11', '2017-10-10 08:05:00', '2017-10-10 08:09:46');
INSERT INTO `timestamp` VALUES('59dc9586bcc0b', '59ce8fc91e63d', '2017-10-10 09:40:22', '2017-10-10 10:24:07');
INSERT INTO `timestamp` VALUES('59dcf64c2f26b', '59ce8c11b145c', '2017-10-10 17:46:43', '2017-10-10 18:24:12');
INSERT INTO `timestamp` VALUES('59de206c9d0bc', '59ce8fbe46f7f', '2017-10-11 13:45:16', '2017-10-11 13:45:27');
INSERT INTO `timestamp` VALUES('59de78627c0f1', '59ce8c11b145c', '2017-10-11 17:12:06', '2017-10-11 21:59:12');
INSERT INTO `timestamp` VALUES('59df0ac09261f', '59ce8fd2cbe9a', '2017-10-12 06:25:04', '2017-10-12 09:48:37');
INSERT INTO `timestamp` VALUES('59df0f3372744', '59ce8c11b145c', '2017-10-12 06:44:03', '2017-10-12 07:48:31');
INSERT INTO `timestamp` VALUES('59df13d1f15eb', '59ce8f9eaba3a', '2017-10-10 11:50:00', '2017-10-10 12:40:00');
INSERT INTO `timestamp` VALUES('59df143379d79', '59ce8f9eaba3a', '2017-10-03 12:15:00', '2017-10-03 12:50:00');
INSERT INTO `timestamp` VALUES('59df74aa40f28', '59ce8c11b145c', '2017-10-12 13:56:58', '2017-10-12 17:40:46');
INSERT INTO `timestamp` VALUES('59df7bd45cf9d', '59ce8f96cb791', '2017-10-12 14:27:32', '2017-10-12 15:13:21');
INSERT INTO `timestamp` VALUES('59e0a3e9733d7', '59ce8fb1c799d', '2017-10-13 11:30:49', '2017-10-13 12:05:11');
INSERT INTO `timestamp` VALUES('59e0a4e8e9581', '59ce8fc91e63d', '2017-10-13 11:35:04', '2017-10-13 12:09:29');
INSERT INTO `timestamp` VALUES('59e0ad56c0294', '59ce8f9eaba3a', '2017-10-13 13:00:00', '2017-10-13 14:00:00');
INSERT INTO `timestamp` VALUES('59e0ad8a889dc', '59ce8fe52e82b', '0000-00-00 00:00:00', '2017-10-13 12:14:43');
INSERT INTO `timestamp` VALUES('59e0ae0c54794', '59ce8fe52e82b', '2017-10-13 12:14:04', '2017-10-13 12:48:43');
INSERT INTO `timestamp` VALUES('59e224312b591', '59ce8fd2cbe9a', '2017-10-14 14:50:25', '2017-10-14 15:13:15');
INSERT INTO `timestamp` VALUES('59e45685eda96', '59ce8f9eaba3a', '2017-10-16 06:49:41', '2017-10-16 07:26:08');
INSERT INTO `timestamp` VALUES('59e463b2bbf2d', '59ce8fc91e63d', '2017-10-16 07:45:54', '2017-10-16 08:33:16');
INSERT INTO `timestamp` VALUES('59e46f6641221', '59ce8fa616a11', '2017-10-16 09:40:00', '2017-10-16 10:30:00');
INSERT INTO `timestamp` VALUES('59e4e7c12d608', '59ce8c11b145c', '2017-10-16 14:13:54', '2017-10-16 19:12:01');
INSERT INTO `timestamp` VALUES('59e789fc1db88', '59ce8c0a10306', '2017-10-18 17:06:04', '2017-10-18 17:06:51');
INSERT INTO `timestamp` VALUES('59e79e60e6599', '59ce8c11b145c', '2017-10-18 16:42:26', '2017-10-18 21:33:05');
INSERT INTO `timestamp` VALUES('59e83dd2b299a', '59ce8c0a10306', '2017-10-19 05:53:22', '2017-10-20 10:15:39');
INSERT INTO `timestamp` VALUES('59e83fb6e2385', '59ce8c11b145c', '2017-10-19 06:01:26', '2017-10-19 08:05:46');
INSERT INTO `timestamp` VALUES('59e83fc4a0557', '59ce8fd2cbe9a', '2017-10-19 06:01:40', '2017-10-19 07:52:40');
INSERT INTO `timestamp` VALUES('59e8405da9a31', '59ce8f9eaba3a', '2017-10-19 06:04:13', '2017-10-19 07:16:18');
INSERT INTO `timestamp` VALUES('59e85b00d154b', '59ce8fd2cbe9a', '2017-10-19 07:57:52', '2017-10-19 08:05:02');
INSERT INTO `timestamp` VALUES('59e85ca397ef4', '59ce8f9eaba3a', '2017-10-19 08:04:51', '2017-10-19 08:35:32');
INSERT INTO `timestamp` VALUES('59e8737d4178e', '59ce8fd2cbe9a', '2017-10-19 09:42:21', '2017-10-19 16:16:34');
INSERT INTO `timestamp` VALUES('59e8ad2aae31d', '59ce8f9eaba3a', '2017-10-19 13:48:26', '2017-10-19 14:12:13');
INSERT INTO `timestamp` VALUES('59e8baf99fbee', '59ce8f9eaba3a', '2017-10-19 14:47:21', '2017-10-19 16:20:08');
INSERT INTO `timestamp` VALUES('59e8cfe5bc9c8', '59ce8fd2cbe9a', '2017-10-19 16:16:37', '2017-10-20 09:24:18');
INSERT INTO `timestamp` VALUES('59e8f36bd7e08', '59ce8f9eaba3a', '2017-10-19 18:48:11', '2017-10-19 19:20:53');
INSERT INTO `timestamp` VALUES('59e90660accfc', '59ce8c11b145c', '2017-10-19 14:09:10', '2017-10-19 22:06:50');
INSERT INTO `timestamp` VALUES('59e9cccf5e93b', '59ce8c0a10306', '2017-10-20 10:15:43', '2017-10-20 17:01:07');
INSERT INTO `timestamp` VALUES('59ea2a9f4655d', '59ce8f9eaba3a', '2017-10-20 16:55:59', '2017-10-20 17:33:02');
INSERT INTO `timestamp` VALUES('59eb3018bfe4f', '59ce8f9eaba3a', '2017-10-21 11:31:36', '2017-10-21 12:01:17');
INSERT INTO `timestamp` VALUES('59eb4b7a7e2e4', '59ce8f9eaba3a', '2017-10-21 13:28:26', '2017-10-21 13:54:46');
INSERT INTO `timestamp` VALUES('59eca39918106', '59ce8c11b145c', '2017-10-21 11:05:12', '2017-10-21 15:39:06');
INSERT INTO `timestamp` VALUES('59eca3b8775d1', '59ce8c11b145c', '2017-10-22 13:54:22', '2017-10-22 15:57:02');
INSERT INTO `timestamp` VALUES('59edddf704cc2', '59ce8f9eaba3a', '2017-10-23 12:17:59', '2017-10-23 16:46:50');
INSERT INTO `timestamp` VALUES('59edf56c8098c', '59ce8c11b145c', '2017-10-23 13:15:00', '2017-10-23 15:58:12');
INSERT INTO `timestamp` VALUES('59edf56ecbc3a', '59ce8c11b145c', '2017-10-23 13:58:06', '2017-10-23 14:33:09');
INSERT INTO `timestamp` VALUES('59ee427886163', '59ce8c11b145c', '2017-10-23 14:33:02', '2017-10-23 16:44:45');
INSERT INTO `timestamp` VALUES('59eeda6c6556e', '59ce8c0a10306', '2017-10-24 06:15:08', '2017-10-24 08:54:43');
INSERT INTO `timestamp` VALUES('59ef5eeff0cf9', '59ce8fc91e63d', '2017-10-24 11:00:31', '2017-10-24 12:30:48');
INSERT INTO `timestamp` VALUES('59f0d59989b4e', '59ce8c11b145c', '2017-10-25 15:48:12', '2017-10-25 20:19:45');
INSERT INTO `timestamp` VALUES('59f2e9ab03665', '59ce8fa616a11', '2017-10-27 08:09:15', '2017-10-27 08:33:58');
INSERT INTO `timestamp` VALUES('59f2fdae73555', '59ce8c0a10306', '2017-10-27 09:34:38', '2017-10-27 09:35:02');
INSERT INTO `timestamp` VALUES('59f30e3a7f051', '59ce8c0a10306', '2017-10-27 10:45:14', '2017-11-08 11:20:01');
INSERT INTO `timestamp` VALUES('59f6f024a96ef', '59ce8fd2cbe9a', '2017-10-30 09:25:56', '2017-10-30 16:48:57');
INSERT INTO `timestamp` VALUES('59f7589e9ad8b', '59ce8fd2cbe9a', '2017-10-30 16:51:42', '2017-10-30 22:34:54');
INSERT INTO `timestamp` VALUES('59f86dd054b11', '59ce8c11b145c', '2017-10-29 14:21:06', '2017-10-29 17:06:05');
INSERT INTO `timestamp` VALUES('5a03fba9c2178', '59ce8c0a10306', '2017-11-09 06:54:33', '0000-00-00 00:00:00');
CREATE TABLE `users` (  `id` varchar(13) COLLATE utf8_unicode_ci NOT NULL,  `first_name` varchar(50) COLLATE utf8_unicode_ci NOT NULL,  `last_name` varchar(50) COLLATE utf8_unicode_ci NOT NULL,  `email` varchar(100) COLLATE utf8_unicode_ci NOT NULL,  `password` varchar(100) COLLATE utf8_unicode_ci NOT NULL,  `stamped` tinyint(1) NOT NULL,  `current_ts_id` varchar(13) COLLATE utf8_unicode_ci NOT NULL,  PRIMARY KEY (`id`)) ENGINE=InnoDB DEFAULT CHARSET=utf8 COLLATE=utf8_unicode_ci;
INSERT INTO `users` VALUES('59ce8bf6ac404', 'Gabriel', 'Beljo', 'gabriel.beljo@wepen.at', '9bbe091b86976c5b98883994de3f188b7ed22cb6', '0', '');
INSERT INTO `users` VALUES('59ce8c0a10306', 'Florian', 'Druckenthaner', 'florian.druckenthaner@wepen.at', '9bbe091b86976c5b98883994de3f188b7ed22cb6', '1', '5a03fba9c2178');
INSERT INTO `users` VALUES('59ce8c11b145c', 'Tobias', 'Hattinger', 'tobias.hattinger@wepen.at', 'c7b308c7ebc6def0ad3509bfebed14ca9a4fb8b6', '0', '59edfdb7af1ab');
INSERT INTO `users` VALUES('59ce8f96cb791', 'Lorenz', 'Kothmayr', 'lorenz.kothmayr@wepen.at', '9adc4b5e67bc1555867177035122f58ddd53044e', '0', '59df7bd45cf9d');
INSERT INTO `users` VALUES('59ce8f9eaba3a', 'Felix', 'Lerchner', 'felix.lerchner@wepen.at', '04c2dc14cd7e4448c348e83eccbc9cc6a5857beb', '0', '59edddf704cc2');
INSERT INTO `users` VALUES('59ce8fa616a11', 'Paul', 'Luger', 'paul.luger@wepen.at', '9bbe091b86976c5b98883994de3f188b7ed22cb6', '0', '59f2e9ab03665');
INSERT INTO `users` VALUES('59ce8fb1c799d', 'Stjepan', 'Marcikic', 'stjepan.marcikic@wepen.at', '9bbe091b86976c5b98883994de3f188b7ed22cb6', '0', '59e0a3e9733d7');
INSERT INTO `users` VALUES('59ce8fb7b46e1', 'Florian', 'Pöll', 'florian.poell@wepen.at', '9bbe091b86976c5b98883994de3f188b7ed22cb6', '0', '');
INSERT INTO `users` VALUES('59ce8fbe46f7f', 'Rafet', 'Sadiku', 'rafet.sadiku@wepen.at', '9bbe091b86976c5b98883994de3f188b7ed22cb6', '0', '59de206c9d0bc');
INSERT INTO `users` VALUES('59ce8fc91e63d', 'Kilian', 'Truong', 'kilian.truong@wepen.at', '9bbe091b86976c5b98883994de3f188b7ed22cb6', '0', '59ef5eeff0cf9');
INSERT INTO `users` VALUES('59ce8fd2cbe9a', 'Manuel', 'Weißböck', 'manuel.weissboeck@wepen.at', '88b2f1a0af7ff4e98fbb3b52049279d1d7039fb5', '0', '59f7589e9ad8b');
INSERT INTO `users` VALUES('59ce8fdd5657c', 'Stojan', 'Zelenkic', 'stojan.zelenkic@wepen.at', '9bbe091b86976c5b98883994de3f188b7ed22cb6', '0', '59dc7ddc5147d');
INSERT INTO `users` VALUES('59ce8fe52e82b', 'Tobias', 'Zweimüller', 'tobias.zweimueller@wepen.at', '9bbe091b86976c5b98883994de3f188b7ed22cb6', '0', '59e0ae0c54794');
